Cliente,Vendedor,Flujo,Meses f.SLA,Recurrencia,Pedidos f.SLA,% f.SLA,Prom. DH f.SLA
LIBRERIAS TUCAN S.A.,CARLOS GARRIDO,FES,2,Recurrente 2M,2,"100,0%","22,0 DH"
PRINORTE S.A.,LORENA PEÑA,NORMAL,2,Recurrente 2M,2,"40,0%","11,0 DH"
DISTRIBUIDORA NENE SPA,DIEGO CLAVEL,FES,2,Recurrente 2M,4,"66,7%","10,0 DH"
EDUARDO HERNAN ALVAREZ ALVAREZ,ANDRES NAVARRETE,FES,2,Recurrente 2M,2,"100,0%","8,5 DH"
INVERSIONES LIKANANTAY SPA,CESAR JELDRES,NORMAL,2,Recurrente 2M,2,"40,0%","8,0 DH"
ROBERTO JULIO NASER GHREZ,CARLOS GARRIDO,NORMAL,2,Recurrente 2M,2,"66,7%","8,0 DH"
ROSAURA OLIVARES CESPEDES,PAULINA RIVERA,FES,2,Recurrente 2M,2,"100,0%","7,5 DH"
SILVIA JEANNETTE SANHUEZA JANA,SIN EJECUTIVO,NORMAL,2,Recurrente 2M,2,"100,0%","7,0 DH"
PROVEEDORES INTEGRALES PRISA S.A.,LORENA PEÑA,NORMAL,2,Recurrente 2M,3,"30,0%","6,0 DH"
