VBELV,VBELN,REPETICIONES
91785007,0001167734,28
91785214,0001167909,2
91782084,0001166281,28
82383663,0001166816,27
82389363,0001167929,27
82379248,0001166151,27
82383879,0001166974,13
82388807,0001167691,27
82383870,0001166968,17
82388656,0001167559,22
91782009,0001166203,2
82383771,0001166929,12
82379345,0001166242,27
82379394,0001166281,27
91783614,0001167017,2
82383647,0001166800,27
82388451,0001167566,4
91785230,0001167899,2
82383834,0001166944,27
91782165,0001166340,2
91784717,0001167396,28
82379323,0001166219,6
91785028,0001167724,28
82379269,0001166172,4
91785367,0001168014,29
91784719,0001167398,2
91784802,0001167424,2
91782029,0001166181,28
82379355,0001166252,14
91785145,0001167840,2
91784792,0001167421,4
91783547,0001166976,14
82388569,0001167535,7
82388180,0001167454,5
82379255,0001166158,8
91785121,0001167776,2
82388891,0001167743,27
91782110,0001166272,28
91782119,0001166237,13
91784821,0001167460,2
82379317,0001166213,5
91783459,0001166927,5
82388181,0001167455,6
82379321,0001166217,19
91783488,0001166959,4
82383364,0001166729,16
82388647,0001167550,27
91784915,0001167533,28
82388164,0001167438,14
91782121,0001166225,28
82393133,0001168351,12
91784940,0001167550,28
91785164,0001167851,8
91782173,0001166338,28
91784849,0001167496,3
82383374,0001166735,11
91782185,0001166372,5
91784730,0001167382,2
82393178,0001168391,7
91783373,0001166792,6
91784716,0001167395,28
91786467,0001168361,28
82388907,0001167758,3
82379653,0001166337,12
91783597,0001167000,2
91786470,0001168376,12
82388124,0001167403,20
82393184,0001168397,11
82388889,0001167741,9
91782089,0001166287,9
82383843,0001166958,27
91781916,0001166148,28
91782011,0001166201,28
82388908,0001167759,27
91785035,0001167731,19
91785090,0001167820,2
91783477,0001166944,28
82379660,0001166309,5
82379266,0001166169,20
91783442,0001166911,2
82384054,0001167003,3
91784968,0001167669,16
82379270,0001166173,2
91785172,0001167866,28
91785215,0001167910,2
91785281,0001167936,15
82388192,0001167466,24
82383388,0001166781,3
82388112,0001167391,7
91784986,0001167704,28
91783528,0001166981,2
91785033,0001167729,4
91783293,0001166728,2
82389380,0001167939,25
82393180,0001168393,8
82389019,0001167794,26
82383877,0001166972,27
91785067,0001167653,4
91785362,0001168042,28
91785197,0001167891,2
91785038,0001167748,9
82379395,0001166282,27
91786455,0001168332,4
82389017,0001167650,16
91783481,0001166853,12
91785132,0001167788,13
91786451,0001168382,16
82383773,0001166931,10
91783409,0001166814,2
91785309,0001167953,24
91782076,0001166172,5
82379329,0001166225,27
91784955,0001167684,21
91785363,0001168043,22
91785086,0001167816,2
91783512,0001166972,28
91783492,0001166941,28
91786508,0001168328,2
91782136,0001166271,2
91784959,0001167676,28
91783443,0001166912,2
82389569,0001168004,14
91783522,0001166984,28
82384055,0001167004,9
82388915,0001167617,27
82379659,0001166342,20
82383854,0001166961,27
91785122,0001167777,2
91785340,0001167995,7
82383715,0001166835,10
91786520,0001168355,2
91785031,0001167727,28
82379350,0001166247,27
91785143,0001167790,28
82383943,0001166975,6
91785051,0001167755,28
91785096,0001167826,2
82389081,0001167888,3
82388896,0001167748,8
82393173,0001168389,11
82383763,0001166921,8
82383946,0001166977,2
82383758,0001166916,14
91783611,0001166996,6
91783307,0001166707,28
91786501,0001168372,2
91784805,0001167416,28
91784782,0001167414,28
91784788,0001167432,2
82388452,0001167504,2
82379313,0001166209,27
91784950,0001167562,11
82389025,0001167798,27
82388572,0001167536,7
91783315,0001166727,18
91782130,0001166245,28
91782023,0001166190,2
82383658,0001166811,3
82388862,0001167713,27
91783303,0001166714,28
91783505,0001166961,28
82388867,0001167718,5
82388961,0001167785,27
82379302,0001166199,10
91783550,0001166977,3
91786525,0001168366,12
91784970,0001167668,15
82389104,0001168014,28
91785341,0001167978,2
91786518,0001168347,2
82388897,0001167749,27
82389376,0001167935,15
82379324,0001166220,27
91785043,0001167742,16
82388960,0001167784,27
82393145,0001168363,13
91786514,0001168357,2
91782006,0001166149,2
91783598,0001167001,8
82388116,0001167395,27
91785326,0001167985,2
91785346,0001167998,2
82388175,0001167449,27
91783417,0001166809,15
82393182,0001168395,25
82389068,0001167862,27
82388883,0001167734,27
82384049,0001166998,27
82379253,0001166156,10
91783414,0001166819,28
91782075,0001166171,28
82379299,0001166195,27
82389069,0001167863,27
91785198,0001167892,2
91782095,0001166224,23
82388161,0001167435,9
91782091,0001166230,28
91783470,0001166939,28
82388121,0001167400,27
82383871,0001166863,2
91782036,0001166191,28
82388968,0001167793,6
91784994,0001167692,12
91784947,0001167558,9
91785300,0001167963,27
82389617,0001168043,21
91783514,0001166974,14
82379256,0001166159,10
91784931,0001167541,8
91784937,0001167547,2
82379275,0001166178,2
91784729,0001167410,7
91782046,0001166214,2
82388779,0001167671,23
91785163,0001167794,27
91784810,0001167465,13
82388814,0001167698,7
91785293,0001167956,28
91781887,0001166147,17
91782035,0001166205,16
82379841,0001166378,14
82388890,0001167742,15
91785139,0001167770,28
91783497,0001166964,8
91785118,0001167806,2
82383656,0001166809,14
82383399,0001166777,5
91783377,0001166795,27
91785228,0001167923,2
91783297,0001166722,2
82383847,0001166948,23
82388969,0001167648,3
91785334,0001167990,3
82393157,0001168373,2
82388114,0001167393,2
91786513,0001168333,2
91786484,0001168392,24
91785082,0001167812,2
91784784,0001167442,2
82379259,0001166162,12
91785210,0001167905,2
91784958,0001167667,24
91785291,0001167954,7
91782085,0001166282,28
82383937,0001166984,27
91784904,0001167528,18
91786512,0001168356,2
82383670,0001166823,4
82384058,0001167007,27
91783609,0001167012,28
91782145,0001166275,28
82388738,0001167652,9
82388788,0001167678,27
82379389,0001166276,2
91784993,0001167691,28
91783527,0001166983,11
91785021,0001167718,6
91782133,0001166248,28
91782054,0001166213,6
91783380,0001166798,23
91782062,0001166156,11
91785128,0001167803,2
82388107,0001167389,11
82388780,0001167672,13
91785105,0001167835,2
91782077,0001166257,2
91783516,0001166864,11
82388881,0001167732,3
82388645,0001167548,27
82379322,0001166218,12
91782200,0001166381,17
91784983,0001167652,10
91783312,0001166731,17
82383861,0001166966,18
91783295,0001166706,19
82388108,0001167390,15
91785160,0001167856,2
91783506,0001166960,2
82388457,0001167509,10
91784977,0001167688,7
91784871,0001167566,5
82389390,0001167949,21
91782134,0001166249,13
82379289,0001166187,27
82384053,0001167002,27
82388817,0001167701,27
91786502,0001168343,2
82388104,0001167386,14
82383839,0001166954,14
91785041,0001167741,10
91785222,0001167917,2
91786516,0001168349,2
91783400,0001166801,25
91783296,0001166729,17
91783510,0001166968,18
82383751,0001166909,27
91785012,0001167739,28
91785180,0001167873,2
82383640,0001166797,20
82383671,0001166824,26
91785123,0001167778,2
91782060,0001166157,7
91783403,0001166802,2
82388179,0001167453,3
82393132,0001168350,2
91785303,0001167965,28
91786475,0001168346,10
82383942,0001166989,20
82379276,0001166179,27
91785285,0001167933,9
82388311,0001167496,2
91783480,0001166952,20
91783357,0001166769,2
82383358,0001166723,27
82383769,0001166927,4
91782088,0001166285,22
91785196,0001167890,2
82388638,0001167662,27
91786506,0001168384,28
82383343,0001166707,27
82379391,0001166278,13
91782022,0001166164,2
91782056,0001166165,26
82383653,0001166806,27
82383835,0001166945,27
91785027,0001167723,28
91785135,0001167782,28
91786526,0001168362,28
91785182,0001167875,2
82383743,0001166934,27
82389400,0001167959,25
91783613,0001167020,9
82388637,0001167541,7
82383846,0001166947,12
82379381,0001166268,27
91785347,0001167994,9
91785339,0001167977,8
91785018,0001167715,28
91786492,0001168387,28
91783375,0001166793,11
82389026,0001167799,2
91784793,0001167451,2
82393145,0001168363,14
91783451,0001166916,15
82389365,0001167931,25
82383351,0001166716,27
91782150,0001166222,8
82389074,0001167868,16
82383752,0001166910,2
82379636,0001166297,14
91782184,0001166360,2
91784865,0001167509,11
91782149,0001166221,28
91785080,0001167838,2
91783462,0001166914,6
82388158,0001167431,27
91786495,0001168331,2
91784935,0001167555,3
91783405,0001166804,24
82389378,0001167937,16
82393154,0001168371,18
91785011,0001167738,2
82388455,0001167507,27
91785346,0001167998,24
82384060,0001167009,27
82388110,0001167376,19
82389404,0001167963,26
91783448,0001166923,28
91786482,0001168335,2
82388784,0001167674,27
91785231,0001167869,2
91783361,0001166773,4
91783513,0001166973,28
82388877,0001167728,19
91785103,0001167833,2
82388648,0001167551,27
91784988,0001167693,2
91785226,0001167921,2
91784999,0001167700,28
91786469,0001168393,9
91783612,0001167019,28
91784867,0001167507,28
91785213,0001167908,2
82388958,0001167783,27
91784736,0001167403,21
82384061,0001167010,8
82388123,0001167402,27
82388914,0001167764,9
82388464,0001167516,4
91785075,0001167809,2
82388819,0001167703,20
82388163,0001167437,27
82379402,0001166289,24
91785059,0001167757,15
91783618,0001167016,15
91783283,0001166693,25
91785295,0001167943,2
82383756,0001166914,5
82379638,0001166300,13
82393120,0001168340,2
91785109,0001167798,28
91784795,0001167467,2
91786452,0001168383,11
91784875,0001167500,3
82389409,0001167968,27
91785351,0001168003,15
82383712,0001166831,7
91785062,0001167764,10
82379346,0001166243,27
91784804,0001167415,28
91784861,0001167513,12
91783421,0001166821,14
82389406,0001167965,27
91785001,0001167702,28
91784906,0001167527,2
82389385,0001167944,23
91783274,0001166692,5
91783453,0001166918,11
91784939,0001167549,28
82389555,0001167994,8
91785321,0001167980,2
91786498,0001168338,3
82383354,0001166719,27
91785189,0001167882,2
82389556,0001167977,7
91785355,0001168007,9
91783599,0001167002,28
91782104,0001166250,2
82388154,0001167427,20
82388772,0001167665,27
82379278,0001166182,27
91785279,0001167969,2
82393169,0001168385,22
91785061,0001167763,13
91783521,0001166989,21
91782051,0001166209,28
82379279,0001166183,27
82379386,0001166273,3
82379349,0001166246,26
82384063,0001167012,27
82379274,0001166177,27
82389553,0001167992,10
91785174,0001167868,17
91782028,0001166180,2
82388458,0001167510,18
82379343,0001166240,27
91784974,0001167674,28
91785166,0001167860,2
91784727,0001167408,28
82383944,0001166976,13
91784823,0001167445,2
91782157,0001166298,28
91784740,0001167389,12
91785176,0001167660,18
82379643,0001166331,27
91783302,0001166713,28
91783374,0001166799,5
91784868,0001167506,28
82388167,0001167441,27
91783549,0001166978,28
91785146,0001167841,2
91785192,0001167885,2
82388219,0001167468,2
91783300,0001166732,4
82388940,0001167767,4
82379251,0001166154,9
91783551,0001166990,21
91785179,0001167872,2
91784987,0001167705,20
91785089,0001167819,2
82388660,0001167563,10
91785125,0001167796,2
82383347,0001166712,4
82383638,0001166795,26
91782167,0001166334,2
91783399,0001166800,28
82383710,0001166833,18
82379600,0001166326,4
91782030,0001166182,28
91784787,0001167431,28
91786468,0001168364,2
82389070,0001167864,27
82379404,0001166291,11
91782160,0001166309,22
82379635,0001166299,27
82389029,0001167802,8
91782017,0001166196,2
91782058,0001166161,2
91784884,0001167522,28
91784967,0001167664,17
91785169,0001167863,28
91785292,0001167955,28
91784739,0001167388,28
91786486,0001168369,5
82388653,0001167556,10
91782141,0001166286,7
82389382,0001167941,27
91783426,0001166832,4
82389564,0001168002,4
91785131,0001167808,2
91785225,0001167920,2
82379338,0001166234,27
82388873,0001167724,27
91785261,0001167929,28
91786479,0001168321,4
82384066,0001167014,12
91782101,0001166277,28
82383745,0001166936,15
91785076,0001167836,2
91783364,0001166777,6
91783520,0001166880,6
82379277,0001166181,27
91785138,0001167769,24
82383348,0001166713,27
82379333,0001166229,15
82388460,0001167512,11
82389381,0001167940,17
82383760,0001166918,10
82379267,0001166170,17
91783428,0001166834,18
91785016,0001167713,28
91782199,0001166379,5
91785081,0001167839,2
91784951,0001167563,11
91785338,0001168000,2
91782128,0001166243,28
91784723,0001167413,6
82383713,0001166832,3
91783425,0001166831,8
82389389,0001167948,22
82379388,0001166275,27
91784743,0001167405,9
91784890,0001167525,2
82388646,0001167549,27
91784806,0001167417,28
82388534,0001167532,27
91782156,0001166297,15
91784722,0001167391,8
91784826,0001167450,2
91783318,0001166735,12
82393152,0001168369,4
82383355,0001166720,27
82379597,0001166324,2
91784914,0001167532,28
91784941,0001167551,28
82393141,0001168359,5
82383862,0001166967,16
91782099,0001166255,28
82383665,0001166818,27
82388173,0001167447,2
82389395,0001167954,6
91785265,0001167932,28
82383361,0001166726,24
91783402,0001166805,27
82383651,0001166804,23
82389552,0001167991,22
91784779,0001167437,28
82388128,0001167407,27
91783447,0001166910,3
91786519,0001168380,8
91783301,0001166712,5
91783493,0001166942,28
91783407,0001166812,28
91783616,0001167014,13
91785335,0001167991,23
91786459,0001168371,19
82384059,0001167008,3
91785069,0001167766,7
91785158,0001167854,2
82388815,0001167699,6
91784992,0001167690,5
82388876,0001167727,27
91784932,0001167545,2
91784866,0001167508,2
91783454,0001166921,9
82379262,0001166165,25
91783494,0001166943,24
82389373,0001167971,16
91785162,0001167858,2
91783471,0001166936,15
82379273,0001166176,25
91785188,0001167881,2
91782097,0001166253,2
82388937,0001167765,10
91782120,0001166288,2
91785003,0001167695,12
91784888,0001167524,17
82379403,0001166290,2
82383948,0001166990,20
91782147,0001166291,12
82388144,0001167417,27
91785093,0001167823,2
91785289,0001167968,28
91785290,0001167940,18
91783595,0001166998,28
91785114,0001167780,2
82389563,0001168001,13
91785191,0001167884,2
82388174,0001167448,28
91782109,0001166265,15
82383344,0001166708,27
82388575,0001167539,3
82379641,0001166329,23
82383394,0001166772,10
82383389,0001166767,2
82388900,0001167752,27
82383365,0001166695,27
91782052,0001166211,28
91782139,0001166229,16
82383650,0001166803,6
91782170,0001166328,28
91782161,0001166310,15
82393135,0001168353,5
82379637,0001166298,27
91786504,0001168345,2
91782116,0001166234,28
91786472,0001168394,28
91786491,0001168386,3
91786460,0001168342,2
91783619,0001167021,2
91783499,0001166962,2
82388573,0001167537,27
82379655,0001166339,9
91785207,0001167902,2
82393181,0001168394,27
82389412,0001167974,3
91784936,0001167557,12
91782053,0001166212,28
91786515,0001168339,2
82388165,0001167439,3
91783415,0001166820,2
82388793,0001167683,19
82389062,0001167851,7
82379281,0001166185,8
82388794,0001167684,20
91785304,0001167966,2
91784927,0001167542,2
91782177,0001166331,28
82389018,0001167651,23
91784966,0001167683,20
82388142,0001167415,27
91785000,0001167701,28
91785045,0001167744,28
91782117,0001166235,2
91782129,0001166244,28
91783473,0001166934,28
91785106,0001167784,28
91785147,0001167842,2
82393171,0001168387,27
82383387,0001166780,3
91782093,0001166232,14
91782124,0001166216,7
82383844,0001166959,3
91785330,0001167989,2
91782126,0001166241,28
91784721,0001167393,3
91784733,0001167400,28
82389075,0001167659,9
91786466,0001168360,28
82388962,0001167786,13
91785331,0001167974,4
91785287,0001167946,22
82388887,0001167739,27
82388906,0001167757,14
91783472,0001166995,7
91782146,0001166259,2
91783489,0001166955,28
82383848,0001166949,27
82383772,0001166930,2
82393162,0001168378,4
82379351,0001166248,27
82393150,0001168367,27
91782047,0001166215,7
91785310,0001167935,16
91785060,0001167762,12
91783356,0001166771,4
91783378,0001166796,2
91785294,0001167972,18
91783529,0001166982,20
82379290,0001166188,27
82388941,0001167768,22
91785184,0001167877,2
91786456,0001168330,2
91782175,0001166326,5
82384067,0001167015,27
91786509,0001168344,2
91783429,0001166835,11
91782033,0001166185,9
91782127,0001166242,28
91784718,0001167397,10
82393159,0001168375,27
91785098,0001167828,2
91784803,0001167434,2
91783299,0001166724,18
82388808,0001167692,11
82383766,0001166924,3
82383841,0001166956,19
91785178,0001167871,2
91782181,0001166345,7
91786487,0001168370,28
91782142,0001166266,28
82379342,0001166239,8
91786481,0001168374,23
91783366,0001166775,8
91782100,0001166256,14
91783490,0001166956,20
91785364,0001168044,9
91782186,0001166374,9
91785316,0001167942,3
91782065,0001166153,2
82379354,0001166251,27
82388777,0001167624,19
91784728,0001167409,28
82389556,0001167976,13
82383359,0001166724,17
82389073,0001167867,27
91782020,0001166199,11
82389387,0001167946,21
91782123,0001166262,17
91785072,0001167648,4
82384062,0001167011,3
91785116,0001167801,2
82388866,0001167717,13
91784948,0001167560,11
91785322,0001167981,2
82388462,0001167514,2
91785057,0001167760,28
82388643,0001167546,16
82379368,0001166265,14
82393179,0001168392,23
82389375,0001167973,7
91785124,0001167795,2
91785328,0001167987,2
91782143,0001166267,27
91782082,0001166290,3
91783478,0001166945,28
82389559,0001167998,24
91785221,0001167916,2
91782061,0001166170,18
91782072,0001166166,28
91785323,0001167982,2
82383829,0001166854,27
91784885,0001167523,2
82379263,0001166166,27
82393149,0001168366,11
91784794,0001167452,13
91784933,0001167546,17
82393163,0001168379,22
82379654,0001166338,27
91782154,0001166239,9
82383858,0001166963,12
91783515,0001166863,3
91783371,0001166772,11
82388115,0001167394,27
82388964,0001167789,11
91785218,0001167913,2
91784819,0001167458,28
91782113,0001166280,23
91783600,0001167003,4
82388117,0001167396,27
91785032,0001167728,20
91785211,0001167906,2
91785137,0001167802,9
91785329,0001167988,2
91783517,0001166865,3
82393158,0001168374,22
91783474,0001166935,2
91783422,0001166822,2
82379257,0001166160,6
82383662,0001166815,27
91785353,0001168002,5
91783615,0001167018,17
82388861,0001167712,27
91785026,0001167722,28
91783294,0001166734,2
82388141,0001167414,27
91784952,0001167559,23
91785317,0001167957,28
91783500,0001166963,13
82388145,0001167418,3
82379293,0001166191,27
91784991,0001167689,2
91785150,0001167845,2
91783620,0001167022,28
91786496,0001168381,26
91784872,0001167503,2
82383869,0001166969,27
82389568,0001168003,14
91784775,0001167429,28
82383642,0001166799,4
82388812,0001167696,9
91785039,0001167746,2
82388309,0001167494,2
82379684,0001166345,6
82388148,0001167421,3
91782094,0001166223,2
91785206,0001167901,2
82388183,0001167457,27
91782080,0001166269,28
91782010,0001166200,2
91783376,0001166794,28
91784724,0001167387,18
82388169,0001167443,5
91785185,0001167878,2
91785305,0001167973,8
82384072,0001167020,8
91785371,0001168017,2
91784938,0001167548,28
91782079,0001166268,28
82383393,0001166771,3
91786480,0001168329,2
82389614,0001168011,7
91785101,0001167831,2
91782045,0001166189,4
82389557,0001167996,27
82393117,0001168338,2
91784981,0001167687,25
82388895,0001167747,11
91785344,0001167996,28
91782098,0001166254,13
82383764,0001166922,21
91783519,0001166878,28
82379382,0001166269,27
91782115,0001166233,28
91784886,0001167518,2
91784852,0001167494,3
91785264,0001167931,26
91785299,0001167962,28
82388787,0001167677,27
91784945,0001167564,7
91784949,0001167561,11
91783290,0001166721,4
91785094,0001167824,2
91785337,0001167976,14
91782131,0001166246,27
91785165,0001167859,2
91784734,0001167401,28
82379308,0001166204,27
82379407,0001166294,4
82379385,0001166272,27
91785009,0001167736,10
82393130,0001168348,3
91786494,0001168351,13
82393166,0001168382,15
91785036,0001167732,4
82388658,0001167561,10
91785368,0001168015,5
91783369,0001166778,2
82383833,0001166943,23
91784905,0001167531,20
91785102,0001167832,2
82379309,0001166205,15
91785073,0001167650,11
91783423,0001166823,5
91782107,0001166263,2
91784978,0001167686,22
82384071,0001167019,27
91785099,0001167829,2
91785262,0001167930,8
91785042,0001167740,9
91786499,0001168352,5
82383933,0001166980,7
91785115,0001167800,2
91784901,0001167530,23
82379315,0001166211,27
82379661,0001166310,14
82388659,0001167562,10
82383935,0001166982,19
91785167,0001167861,11
82388825,0001167708,27
82383722,0001166836,18
82389554,0001167993,23
82388308,0001167493,2
91782118,0001166236,28
82383672,0001166825,11
91786485,0001168373,3
82379300,0001166197,27
91785015,0001167712,28
91782064,0001166174,28
82383872,0001166864,10
91783523,0001166985,9
91784956,0001167665,28
82388574,0001167538,18
91783491,0001166940,28
91785227,0001167922,2
82389598,0001168007,8
82388103,0001167385,10
91783358,0001166768,2
82388470,0001167522,27
82383938,0001166985,8
91785078,0001167811,2
82383714,0001166834,17
91784800,0001167454,6
82389556,0001167995,6
82383860,0001166965,5
91783306,0001166717,23
91782189,0001166376,5
91782122,0001166226,5
82379268,0001166171,27
82383939,0001166986,20
82379363,0001166260,21
82393134,0001168352,4
91785319,0001167959,26
91785047,0001167751,28
82388450,0001167503,21
82383878,0001166973,27
82383745,0001166936,2
91785111,0001167774,28
91785201,0001167895,2
91783305,0001166716,28
91782071,0001166160,7
91785063,0001167617,28
91785144,0001167791,13
82379400,0001166287,8
91785232,0001167888,4
91785297,0001167960,2
91783524,0001166986,21
91783605,0001167007,28
91785148,0001167843,2
82379328,0001166224,22
91784814,0001167453,4
82388786,0001167676,27
82388945,0001167770,27
82389558,0001167997,27
91785194,0001167887,2
82389371,0001167934,2
82389411,0001167970,7
82383352,0001166717,22
82383397,0001166775,7
82379361,0001166258,18
91782190,0001166378,15
82388170,0001167444,5
82383648,0001166801,24
91783467,0001166937,14
82384064,0001167013,26
82393174,0001168390,22
91785070,0001167767,5
82388947,0001167772,6
82379326,0001166222,7
91783548,0001166975,7
91782069,0001166168,2
82388465,0001167517,7
91786471,0001168348,4
91782021,0001166163,2
82379334,0001166230,27
91783481,0001166853,2
82388153,0001167426,27
91783509,0001166969,28
82379337,0001166233,27
82379813,0001166374,8
82379660,0001166309,22
82388641,0001167544,7
82393142,0001168360,27
82388869,0001167720,16
91785064,0001167618,8
82379406,0001166293,11
91784850,0001167497,6
82383768,0001166926,27
82388187,0001167461,7
82389403,0001167962,27
82379842,0001166379,4
82383660,0001166813,27
82383350,0001166715,27
91783444,0001166919,2
82379648,0001166336,5
82388892,0001167744,27
91783416,0001166808,2
91784862,0001167512,12
91782041,0001166187,28
91783496,0001166949,28
91784863,0001167511,7
82388811,0001167695,11
82393140,0001168358,7
91785024,0001167720,17
91784869,0001167505,2
91785360,0001168011,8
91783487,0001166958,28
91783486,0001166957,2
91784712,0001167375,2
82389371,0001167934,6
91786527,0001168363,14
91782074,0001166155,8
91783458,0001166926,28
82388789,0001167679,27
91782042,0001166294,5
82388796,0001167686,21
82379818,0001166376,4
91785129,0001167804,2
82388956,0001167781,27
82388778,0001167670,10
91784928,0001167543,28
82379312,0001166208,27
91785193,0001167886,2
82379325,0001166221,27
91782166,0001166341,3
82379396,0001166283,18
91783498,0001166965,6
91782037,0001166528,6
91783476,0001166947,13
91783412,0001166817,2
82388792,0001167682,27
91786458,0001168320,2
82379844,0001166381,16
91782125,0001166240,28
82388859,0001167710,27
82383765,0001166923,27
91784807,0001167418,4
82388662,0001167565,3
82388898,0001167750,9
91786505,0001168350,3
82388468,0001167520,12
82383828,0001166853,2
91785209,0001167904,2
91785296,0001167944,24
91783298,0001166723,28
91785117,0001167805,2
91785325,0001167984,2
91786473,0001168398,4
91785159,0001167855,2
82388477,0001167528,17
82393128,0001168346,9
91786474,0001168340,3
91782078,0001166258,19
91785220,0001167915,2
82388882,0001167733,27
82388791,0001167681,27
82388795,0001167685,22
82379089,0001166148,27
82379311,0001166207,27
91785308,0001167952,28
82388868,0001167719,6
91784820,0001167459,10
91782168,0001166335,6
82383395,0001166773,3
82379335,0001166231,27
82393105,0001168326,3
82383635,0001166792,5
91785084,0001167814,2
91783482,0001166854,28
82389383,0001167942,2
91784972,0001167685,23
91783530,0001166987,2
91782151,0001166289,25
91784715,0001167394,28
91784942,0001167552,2
91784809,0001167456,9
91784790,0001167419,2
91783304,0001166715,28
82393160,0001168376,11
82388771,0001167664,16
82379320,0001166216,6
82379640,0001166328,27
91784962,0001167679,28
91786464,0001168379,23
82384047,0001166996,5
91782043,0001166293,12
82383762,0001166920,16
82388185,0001167459,9
91784855,0001167498,8
91782063,0001166173,3
91784798,0001167441,28
82388916,0001167618,7
91784913,0001167535,8
91783610,0001167013,27
91784921,0001167538,19
82389071,0001167865,27
82388447,0001167500,2
91784789,0001167433,28
82383366,0001166730,4
91785324,0001167983,2
82383673,0001166826,4
91784786,0001167443,6
82379387,0001166274,11
91782174,0001166325,28
82388101,0001167383,9
91785014,0001167711,28
91784732,0001167399,28
82393186,0001168399,8
91785311,0001167938,26
91784946,0001167565,4
91785177,0001167870,2
91783419,0001166824,27
91784735,0001167402,28
91784851,0001167493,3
91785327,0001167986,2
91784808,0001167455,7
82388965,0001167790,27
91785342,0001168005,2
91783526,0001166980,8
91782102,0001166278,14
82388949,0001167774,27
91782034,0001166204,28
82388810,0001167694,7
82383774,0001166932,13
82379348,0001166245,27
82379393,0001166280,22
91784771,0001167426,28
91785095,0001167825,2
91783511,0001166971,28
91784996,0001167699,7
91785153,0001167848,2
82383876,0001166971,27
82388901,0001167754,27
82379252,0001166155,7
91786488,0001168334,2
91784815,0001167435,10
82388872,0001167723,27
91785052,0001167756,11
91786517,0001168377,17
91782073,0001166167,3
82388783,0001167673,27
82388459,0001167511,6
82384050,0001166999,20
91782090,0001166276,3
91782172,0001166337,13
82393161,0001168377,16
82388446,0001167499,27
82388461,0001167513,11
91783495,0001166948,24
91782040,0001166186,17
82388939,0001167766,6
82388478,0001167529,15
82393153,0001168370,27
82379339,0001166236,27
91786530,0001168385,23
82383356,0001166721,3
91783479,0001166951,28
91783463,0001166932,14
82383759,0001166917,27
82393102,0001168323,2
91785074,0001167651,24
91782067,0001166176,26
91783607,0001167009,28
91784813,0001167444,6
91783360,0001166767,3
91784825,0001167449,28
82379288,0001166186,16
91784725,0001167406,28
91785283,0001167947,28
91785140,0001167771,15
91784822,0001167461,8
91782135,0001166210,28
82388824,0001167707,3
91784720,0001167392,28
82383654,0001166807,18
82383840,0001166955,27
91785091,0001167821,2
91782180,0001166324,3
82388775,0001167668,14
82389017,0001167650,11
82388454,0001167506,27
91783398,0001166807,19
91782031,0001166183,28
82388166,0001167440,27
82379357,0001166254,12
91785022,0001167708,28
91785195,0001167889,2
91782114,0001166217,20
82388865,0001167716,27
91784963,0001167680,28
82388902,0001167755,27
91785104,0001167834,2
91786489,0001168322,2
91784976,0001167672,14
91783525,0001166979,28
91785066,0001167616,7
91784776,0001167430,13
91784990,0001167706,17
82388776,0001167669,15
91783608,0001167011,4
91786510,0001168391,8
91783471,0001166936,3
82389408,0001167967,20
91782140,0001166218,13
82388918,0001167616,6
82388536,0001167534,19
91784801,0001167423,2
91784902,0001167526,2
82379599,0001166325,27
91782007,0001166192,2
82383830,0001166940,27
82389067,0001167861,10
82379405,0001166292,19
91784738,0001167385,11
82383398,0001166776,2
82383711,0001166830,2
82388773,0001167666,27
91785055,0001167758,4
91785006,0001167733,28
91782171,0001166329,24
82383836,0001166951,27
91785301,0001167945,25
91782111,0001166273,4
91783289,0001166720,28
91786477,0001168388,2
91785008,0001167735,10
91785048,0001167752,28
91784998,0001167698,8
82389551,0001167990,2
91785050,0001167754,28
91785288,0001167967,21
82383369,0001166732,3
91784878,0001167516,5
82393165,0001168381,25
82383874,0001166862,6
91782013,0001166151,28
91782027,0001166179,28
82388886,0001167737,27
91786465,0001168323,3
82383368,0001166731,16
91784979,0001167662,28
91785056,0001167759,28
91783313,0001166725,2
82379639,0001166327,27
82388182,0001167456,8
91784980,0001167671,24
91783502,0001166967,17
82379647,0001166335,5
91782008,0001166193,4
82388463,0001167515,16
91782012,0001166202,17
91782163,0001166336,6
91783456,0001166925,28
82383941,0001166988,6
91783309,0001166709,2
91783508,0001166862,7
91785077,0001167810,2
91783420,0001166825,12
82389370,0001167933,8
91782014,0001166194,2
82379347,0001166244,27
91782187,0001166373,10
91784864,0001167510,19
82383371,0001166692,4
82379340,0001166237,12
91783466,0001166931,11
82389397,0001167956,27
91783501,0001166966,19
91786457,0001168324,2
91784859,0001167515,17
91783362,0001166776,3
82383767,0001166925,27
91785092,0001167822,2
82379316,0001166212,27
91783404,0001166803,7
91786529,0001168395,26
91784828,0001167462,2
82388870,0001167721,27
91786500,0001168337,2
82388652,0001167555,2
82388737,0001167663,2
82388878,0001167729,3
82389396,0001167955,27
91784943,0001167553,2
91783503,0001166858,28
82389402,0001167961,27
82388118,0001167397,9
91785202,0001167896,2
91783406,0001166810,16
91783604,0001167006,6
91785046,0001167745,14
82383367,0001166693,24
91785071,0001167768,23
82388657,0001167560,10
82388893,0001167745,13
82383828,0001166853,11
91784799,0001167446,2
91785119,0001167792,2
91785142,0001167789,12
91784887,0001167521,12
82388449,0001167502,8
91784879,0001167517,8
91784995,0001167697,9
91782086,0001166283,19
82388910,0001167761,7
82388912,0001167762,11
91785133,0001167772,7
91786476,0001168359,6
82388963,0001167788,12
91785170,0001167864,28
82393143,0001168361,27
91783310,0001166710,28
91785280,0001167970,8
91783287,0001166718,2
91785112,0001167775,2
91785073,0001167650,17
91785314,0001167971,17
91782081,0001166270,2
82389379,0001167938,25
91784920,0001167539,4
91785345,0001167997,28
91785087,0001167817,2
82389362,0001167928,13
91784791,0001167420,28
91785315,0001167941,28
91786453,0001168358,8
91784957,0001167666,28
82388312,0001167497,5
91785199,0001167893,2
82393164,0001168380,7
91785171,0001167865,28
91782144,0001166274,12
91785224,0001167919,2
91786462,0001168326,4
91783449,0001166924,4
82388903,0001167756,10
91784713,0001167376,20
82379264,0001166167,2
91785149,0001167844,2
91782188,0001166375,2
82389398,0001167957,27
91783411,0001166816,28
91786524,0001168365,2
82379359,0001166256,13
82379367,0001166264,27
91785212,0001167907,2
82383349,0001166714,27
82388655,0001167558,8
82388178,0001167452,12
82389072,0001167866,27
82389616,0001168042,27
82379304,0001166201,27
82384052,0001167001,7
82388885,0001167736,9
82389076,0001167660,17
91785286,0001167934,6
82388113,0001167392,27
82388654,0001167557,11
91785223,0001167918,2
91782019,0001166198,28
91783475,0001166946,28
82388105,0001167387,17
82379271,0001166174,27
82388472,0001167524,16
91784772,0001167427,21
91783455,0001166922,22
82379301,0001166198,27
91784827,0001167422,2
82384057,0001167006,5
82389618,0001168044,8
91785186,0001167879,2
91785010,0001167737,28
91785151,0001167846,2
91784929,0001167544,8
91785100,0001167830,2
91785130,0001167807,2
82379645,0001166333,7
91783314,0001166726,25
91782160,0001166309,6
82388863,0001167714,27
91783484,0001166954,15
82389105,0001168015,4
91784975,0001167675,27
91782179,0001166333,8
82379305,0001166202,16
82388111,0001167377,9
82379642,0001166330,27
82389364,0001167930,7
91785044,0001167743,28
91782158,0001166299,28
91785068,0001167765,11
91785126,0001167797,2
91782049,0001166207,28
82383929,0001166880,5
82389394,0001167953,23
82379380,0001166267,26
91782015,0001166154,10
91785127,0001167979,2
91786493,0001168375,28
82388127,0001167406,27
91783308,0001166708,28
91786527,0001168363,14
91782059,0001166162,13
91784746,0001167386,15
91783445,0001166920,17
82379005,0001166147,16
82388944,0001167769,23
91782137,0001166227,2
82383827,0001166939,27
91785157,0001167853,2
91784797,0001167440,28
82379358,0001166255,27
91783379,0001166797,21
82383668,0001166821,13
91784829,0001167463,2
91782057,0001166152,25
91786497,0001168399,9
91784982,0001167624,20
91784961,0001167678,28
91786463,0001168378,5
82388126,0001167405,8
91785354,0001168001,14
91784714,0001167377,10
91784874,0001167501,2
91783483,0001166953,2
82388774,0001167667,23
82379814,0001166373,9
91784774,0001167428,2
82389391,0001167950,27
91783602,0001167005,28
91784873,0001167502,9
82383636,0001166793,10
91785154,0001167849,2
91785286,0001167934,2
91783397,0001166806,28
91783288,0001166719,28
91785019,0001167716,28
91785175,0001167659,10
91784971,0001167670,11
82383845,0001166946,27
91785298,0001167961,28
91783464,0001166928,2
91784903,0001167529,16
91785002,0001167703,21
91783418,0001166826,5
91785110,0001167799,3
91783401,0001166811,4
91786478,0001168389,12
82388130,0001167409,27
82379364,0001166261,21
91784872,0001167503,21
82379398,0001166285,21
91785141,0001167773,23
91783507,0001166860,5
91782070,0001166169,21
82393168,0001168384,27
91782138,0001166228,20
91785302,0001167964,2
82388966,0001167791,12
82383873,0001166865,2
91782038,0001166177,28
82383657,0001166810,15
82379644,0001166332,27
82388102,0001167384,12
91785017,0001167714,28
91782092,0001166231,28
91784876,0001167499,28
82383659,0001166812,27
91785065,0001167615,2
91782050,0001166208,28
91785217,0001167912,2
82384056,0001167005,27
82393167,0001168383,10
91785336,0001167992,11
91783504,0001166859,28
82388790,0001167680,27
91786507,0001168390,23
91786523,0001168368,15
82383652,0001166805,26
91782176,0001166330,28
82388535,0001167533,27
91784742,0001167404,2
91786521,0001168396,2
82383832,0001166942,27
91785005,0001167719,7
82388106,0001167388,27
91785107,0001167785,28
82389388,0001167947,27
91785020,0001167717,14
91782103,0001166219,7
91782148,0001166220,28
82383666,0001166819,27
82379280,0001166184,27
82388576,0001167540,15
82389366,0001167932,27
91784744,0001167411,2
82379399,0001166286,6
91785200,0001167894,2
82393151,0001168368,14
91785023,0001167709,2
82389392,0001167951,27
91785025,0001167707,4
91782178,0001166332,28
91784818,0001167457,28
82379249,0001166152,24
82379296,0001166193,3
82384068,0001167016,14
91785079,0001167837,2
91785187,0001167880,2
91783408,0001166813,28
82388931,0001167653,3
91783446,0001166909,28
82388133,0001167412,3
91784741,0001167390,16
82389393,0001167952,27
82388797,0001167687,24
82379319,0001166215,6
91784960,0001167677,28
91786511,0001168341,2
91785156,0001167852,2
82388661,0001167564,6
82384048,0001166997,13
82388860,0001167711,27
91784965,0001167682,28
91785229,0001167924,2
91784811,0001167466,25
91783603,0001167010,9
91784816,0001167468,3
82383856,0001166859,27
82388957,0001167782,27
82379809,0001166372,4
91785134,0001167781,28
82384074,0001167022,27
91782018,0001166197,28
91785208,0001167903,2
91785013,0001167710,28
91782083,0001166292,20
82388131,0001167410,6
82383928,0001166878,27
82393104,0001168325,2
82388479,0001167530,22
91786461,0001168336,2
91785306,0001167939,26
91783427,0001166833,19
91783531,0001166988,7
91782152,0001166260,22
82383637,0001166794,27
82388143,0001167416,27
91784745,0001167412,4
91785058,0001167761,8
91785312,0001167949,22
82388159,0001167433,27
91785108,0001167786,14
82383837,0001166952,19
91785083,0001167813,2
91783413,0001166818,28
91783552,0001166997,14
82388816,0001167700,27
91784824,0001167448,29
91785318,0001167958,28
82379310,0001166206,27
91784870,0001167504,3
91783469,0001166938,28
91782055,0001166159,11
82379344,0001166241,27
82379379,0001166266,27
91785049,0001167753,2
82383749,0001166995,6
82379390,0001166277,27
91782066,0001166175,2
82389374,0001167972,17
82388874,0001167725,3
82388888,0001167740,8
91782108,0001166264,28
91785136,0001167783,28
91783606,0001167008,4
91784964,0001167681,28
82383345,0001166710,27
91785053,0001167749,28
91782164,0001166339,10
82388129,0001167408,27
91783311,0001166711,19
82388798,0001167688,6
82388184,0001167458,27
91783461,0001166913,2
82379254,0001166157,6
91782087,0001166284,2
91785204,0001167898,2
91783368,0001166781,4
82388948,0001167773,22
91783452,0001166917,28
91785030,0001167726,2
82383831,0001166941,27
82383936,0001166983,10
91784922,0001167537,28
82388806,0001167690,4
82393111,0001168332,3
91784918,0001167536,8
82388640,0001167543,27
82388191,0001167465,12
82388469,0001167521,11
91786503,0001168327,2
91785029,0001167725,4
91785152,0001167847,2
91782068,0001166158,9
91783365,0001166780,4
82379314,0001166210,27
82379336,0001166232,13
82379657,0001166341,2
82388864,0001167715,27
82388134,0001167413,5
82383859,0001166964,7
82388147,0001167420,27
91782159,0001166342,21
91785205,0001167900,2
91785085,0001167815,2
91782105,0001166251,28
91783424,0001166830,3
82388122,0001167401,27
82388880,0001167731,18
82388946,0001167771,14
82388913,0001167763,12
91782032,0001166184,28
82388871,0001167722,27
91785307,0001167951,28
91785040,0001167747,12
91784777,0001167436,2
91783617,0001167015,28
82388313,0001167498,7
82383932,0001166979,27
91783292,0001166730,5
91782096,0001166261,22
91784969,0001167663,3
91783434,0001166836,19
82388785,0001167675,26
82388899,0001167751,27
91785260,0001167928,14
91783465,0001166929,13
82383641,0001166798,22
91785343,0001167999,2
91784731,0001167383,10
82383362,0001166727,17
91784930,0001167556,11
91785113,0001167779,2
91785097,0001167827,2
91785282,0001167937,17
91783596,0001166999,21
82388157,0001167430,12
82389399,0001167958,27
91784860,0001167514,3
91785173,0001167867,28
91784773,0001167464,2
82379332,0001166228,19
91784770,0001167425,28
91784854,0001167492,2
91783450,0001166915,2
91785203,0001167897,2
91785054,0001167750,10
91783286,0001166695,28
82388480,0001167531,19
91782169,0001166327,28
82379330,0001166226,4
82383346,0001166711,18
91783410,0001166815,28
82379365,0001166262,16
82388821,0001167705,19
91784889,0001167520,13
91784973,0001167673,28
82388120,0001167399,27
82383865,0001166860,4
91782044,0001166188,28
91784726,0001167407,28
82383826,0001166938,27
82389386,0001167945,24
91786454,0001168325,3
82388884,0001167735,9
82383855,0001166858,27
82384070,0001167018,16
91785352,0001168004,15
91784916,0001167534,20
91786450,0001168367,28
91783460,0001166930,3
82388818,0001167702,27
82388152,0001167425,27
82388156,0001167429,27
91786490,0001168353,6
82388820,0001167704,27
82388823,0001167706,16
91785181,0001167874,2
91786483,0001168354,2
82379291,0001166189,3
82393170,0001168386,2
91785183,0001167876,2
82393144,0001168362,27
91785161,0001167857,2
82388813,0001167697,8
82379294,0001166528,5
91784812,0001167447,3
91782112,0001166279,2
91783291,0001166733,2
82383342,0001166706,18
91784919,0001167540,16
91784934,0001167554,2
91782016,0001166195,28
91783601,0001167004,10
82393100,0001168321,3
91784989,0001167694,8
91785088,0001167818,2
91782155,0001166300,14
91784796,0001167439,4
82388909,0001167760,27
91785333,0001167993,24
91782132,0001166247,28
91782048,0001166206,28
91785216,0001167911,2
91785120,0001167793,7
82379352,0001166249,12
91785313,0001167950,28
91784737,0001167384,13
91785004,0001167721,28
91785219,0001167914,2
91783485,0001166950,2
91785190,0001167883,2
82383945,0001166978,27
91785155,0001167850,2
82383750,0001166937,13
91784997,0001167696,10
91786522,0001168397,12
91782039,0001166178,3
82393185,0001168398,3
91785168,0001167862,28
91785284,0001167948,23
91782106,0001166252,15
91784780,0001167438,15
91785034,0001167730,2
82389377,0001167936,14
