source_table,column,status,confidence,direct_reference_count,translation_reference_count,direct_consumers,dependency_kinds,downstream_tables,blocker_or_next_test
Fact_Pedidos_Auditoria,AUD_ADVERTENCIAS_FES,NO_BORRAR_SIN_PRUEBA_CONTRATO,BAJA,0,1,,,Bloque_comercial | Dim_Canal | Dim_Condicion_Expedicion | Dim_Fecha | Dim_Mes_Trend | Dim_Pedido | Dim_Responsable | Fact_Hitos_Operacionales | Fact_Pedidos | Fact_Tiempos_Hitos | Fact_Tracking | Medidas | Parámetro Agrupación SLA | Parámetro Indicadores SLA | Resultado | auditoria,Consumidor dinámico detectado (Python.Execute/Table.Schema)
Fact_Pedidos_Auditoria,AUD_ADVERTENCIAS_FLUJO_NORMAL,NO_BORRAR_SIN_PRUEBA_CONTRATO,BAJA,0,1,,,Bloque_comercial | Dim_Canal | Dim_Condicion_Expedicion | Dim_Fecha | Dim_Mes_Trend | Dim_Pedido | Dim_Responsable | Fact_Hitos_Operacionales | Fact_Pedidos | Fact_Tiempos_Hitos | Fact_Tracking | Medidas | Parámetro Agrupación SLA | Parámetro Indicadores SLA | Resultado | auditoria,Consumidor dinámico detectado (Python.Execute/Table.Schema)
Fact_Pedidos_Auditoria,AUD_ADVERTENCIAS_PRIMERO_ULTIMO,NO_BORRAR_SIN_PRUEBA_CONTRATO,BAJA,0,1,,,Bloque_comercial | Dim_Canal | Dim_Condicion_Expedicion | Dim_Fecha | Dim_Mes_Trend | Dim_Pedido | Dim_Responsable | Fact_Hitos_Operacionales | Fact_Pedidos | Fact_Tiempos_Hitos | Fact_Tracking | Medidas | Parámetro Agrupación SLA | Parámetro Indicadores SLA | Resultado | auditoria,Consumidor dinámico detectado (Python.Execute/Table.Schema)
Fact_Pedidos_Auditoria,AUD_ADVERTENCIAS_SALDO,NO_BORRAR_SIN_PRUEBA_CONTRATO,BAJA,0,1,,,Bloque_comercial | Dim_Canal | Dim_Condicion_Expedicion | Dim_Fecha | Dim_Mes_Trend | Dim_Pedido | Dim_Responsable | Fact_Hitos_Operacionales | Fact_Pedidos | Fact_Tiempos_Hitos | Fact_Tracking | Medidas | Parámetro Agrupación SLA | Parámetro Indicadores SLA | Resultado | auditoria,Consumidor dinámico detectado (Python.Execute/Table.Schema)
Fact_Pedidos_Auditoria,AUD_ALERTAS_FECHAS_ATIPICAS,NO_BORRAR_SIN_PRUEBA_CONTRATO,BAJA,0,1,,,Bloque_comercial | Dim_Canal | Dim_Condicion_Expedicion | Dim_Fecha | Dim_Mes_Trend | Dim_Pedido | Dim_Responsable | Fact_Hitos_Operacionales | Fact_Pedidos | Fact_Tiempos_Hitos | Fact_Tracking | Medidas | Parámetro Agrupación SLA | Parámetro Indicadores SLA | Resultado | auditoria,Consumidor dinámico detectado (Python.Execute/Table.Schema)
Fact_Pedidos_Auditoria,AUD_ALERTAS_HORA_00,NO_BORRAR_SIN_PRUEBA_CONTRATO,BAJA,0,1,,,Bloque_comercial | Dim_Canal | Dim_Condicion_Expedicion | Dim_Fecha | Dim_Mes_Trend | Dim_Pedido | Dim_Responsable | Fact_Hitos_Operacionales | Fact_Pedidos | Fact_Tiempos_Hitos | Fact_Tracking | Medidas | Parámetro Agrupación SLA | Parámetro Indicadores SLA | Resultado | auditoria,Consumidor dinámico detectado (Python.Execute/Table.Schema)
Fact_Pedidos_Auditoria,AUD_CANTIDAD_HITOS_FALTANTES,NO_BORRAR_SIN_PRUEBA_CONTRATO,BAJA,0,1,,,Bloque_comercial | Dim_Canal | Dim_Condicion_Expedicion | Dim_Fecha | Dim_Mes_Trend | Dim_Pedido | Dim_Responsable | Fact_Hitos_Operacionales | Fact_Pedidos | Fact_Tiempos_Hitos | Fact_Tracking | Medidas | Parámetro Agrupación SLA | Parámetro Indicadores SLA | Resultado | auditoria,Consumidor dinámico detectado (Python.Execute/Table.Schema)
Fact_Pedidos_Auditoria,AUD_CANTIDAD_HITOS_PRESENTES,NO_BORRAR_SIN_PRUEBA_CONTRATO,BAJA,0,1,,,Bloque_comercial | Dim_Canal | Dim_Condicion_Expedicion | Dim_Fecha | Dim_Mes_Trend | Dim_Pedido | Dim_Responsable | Fact_Hitos_Operacionales | Fact_Pedidos | Fact_Tiempos_Hitos | Fact_Tracking | Medidas | Parámetro Agrupación SLA | Parámetro Indicadores SLA | Resultado | auditoria,Consumidor dinámico detectado (Python.Execute/Table.Schema)
Fact_Pedidos_Auditoria,AUD_CRITICAS_FES,NO_BORRAR_SIN_PRUEBA_CONTRATO,BAJA,0,1,,,Bloque_comercial | Dim_Canal | Dim_Condicion_Expedicion | Dim_Fecha | Dim_Mes_Trend | Dim_Pedido | Dim_Responsable | Fact_Hitos_Operacionales | Fact_Pedidos | Fact_Tiempos_Hitos | Fact_Tracking | Medidas | Parámetro Agrupación SLA | Parámetro Indicadores SLA | Resultado | auditoria,Consumidor dinámico detectado (Python.Execute/Table.Schema)
Fact_Pedidos_Auditoria,AUD_CRITICAS_FLUJO_NORMAL,NO_BORRAR_SIN_PRUEBA_CONTRATO,BAJA,0,1,,,Bloque_comercial | Dim_Canal | Dim_Condicion_Expedicion | Dim_Fecha | Dim_Mes_Trend | Dim_Pedido | Dim_Responsable | Fact_Hitos_Operacionales | Fact_Pedidos | Fact_Tiempos_Hitos | Fact_Tracking | Medidas | Parámetro Agrupación SLA | Parámetro Indicadores SLA | Resultado | auditoria,Consumidor dinámico detectado (Python.Execute/Table.Schema)
Fact_Pedidos_Auditoria,AUD_CRITICAS_PRIMERO_ULTIMO,NO_BORRAR_SIN_PRUEBA_CONTRATO,BAJA,0,1,,,Bloque_comercial | Dim_Canal | Dim_Condicion_Expedicion | Dim_Fecha | Dim_Mes_Trend | Dim_Pedido | Dim_Responsable | Fact_Hitos_Operacionales | Fact_Pedidos | Fact_Tiempos_Hitos | Fact_Tracking | Medidas | Parámetro Agrupación SLA | Parámetro Indicadores SLA | Resultado | auditoria,Consumidor dinámico detectado (Python.Execute/Table.Schema)
Fact_Pedidos_Auditoria,AUD_CRITICAS_SALDO,NO_BORRAR_SIN_PRUEBA_CONTRATO,BAJA,0,1,,,Bloque_comercial | Dim_Canal | Dim_Condicion_Expedicion | Dim_Fecha | Dim_Mes_Trend | Dim_Pedido | Dim_Responsable | Fact_Hitos_Operacionales | Fact_Pedidos | Fact_Tiempos_Hitos | Fact_Tracking | Medidas | Parámetro Agrupación SLA | Parámetro Indicadores SLA | Resultado | auditoria,Consumidor dinámico detectado (Python.Execute/Table.Schema)
Fact_Pedidos_Auditoria,AUD_ESTADO_FLUJO_FES,CONSERVAR_REFERENCIADA,ALTA,1,1,Fact_Pedidos,M_OR_PYTHON_STRING,Bloque_comercial | Dim_Canal | Dim_Condicion_Expedicion | Dim_Fecha | Dim_Mes_Trend | Dim_Pedido | Dim_Responsable | Fact_Hitos_Operacionales | Fact_Pedidos | Fact_Tiempos_Hitos | Fact_Tracking | Medidas | Parámetro Agrupación SLA | Parámetro Indicadores SLA | Resultado | auditoria,
Fact_Pedidos_Auditoria,AUD_ESTADO_FLUJO_NORMAL,CONSERVAR_REFERENCIADA,ALTA,1,1,Fact_Pedidos,M_OR_PYTHON_STRING,Bloque_comercial | Dim_Canal | Dim_Condicion_Expedicion | Dim_Fecha | Dim_Mes_Trend | Dim_Pedido | Dim_Responsable | Fact_Hitos_Operacionales | Fact_Pedidos | Fact_Tiempos_Hitos | Fact_Tracking | Medidas | Parámetro Agrupación SLA | Parámetro Indicadores SLA | Resultado | auditoria,
Fact_Pedidos_Auditoria,AUD_ESTADO_FLUJO_SALDO,CONSERVAR_REFERENCIADA,ALTA,1,1,Fact_Pedidos,M_OR_PYTHON_STRING,Bloque_comercial | Dim_Canal | Dim_Condicion_Expedicion | Dim_Fecha | Dim_Mes_Trend | Dim_Pedido | Dim_Responsable | Fact_Hitos_Operacionales | Fact_Pedidos | Fact_Tiempos_Hitos | Fact_Tracking | Medidas | Parámetro Agrupación SLA | Parámetro Indicadores SLA | Resultado | auditoria,
Fact_Pedidos_Auditoria,AUD_ESTADO_GENERAL,CONSERVAR_REFERENCIADA,ALTA,4,1,Fact_Hitos_Operacionales | Fact_Pedidos | Fact_Tiempos_Hitos | Resultado,M_OR_PYTHON_STRING,Bloque_comercial | Dim_Canal | Dim_Condicion_Expedicion | Dim_Fecha | Dim_Mes_Trend | Dim_Pedido | Dim_Responsable | Fact_Hitos_Operacionales | Fact_Pedidos | Fact_Tiempos_Hitos | Fact_Tracking | Medidas | Parámetro Agrupación SLA | Parámetro Indicadores SLA | Resultado | auditoria,
Fact_Pedidos_Auditoria,AUD_FALTANTES_FES,NO_BORRAR_SIN_PRUEBA_CONTRATO,BAJA,0,1,,,Bloque_comercial | Dim_Canal | Dim_Condicion_Expedicion | Dim_Fecha | Dim_Mes_Trend | Dim_Pedido | Dim_Responsable | Fact_Hitos_Operacionales | Fact_Pedidos | Fact_Tiempos_Hitos | Fact_Tracking | Medidas | Parámetro Agrupación SLA | Parámetro Indicadores SLA | Resultado | auditoria,Consumidor dinámico detectado (Python.Execute/Table.Schema)
Fact_Pedidos_Auditoria,AUD_FALTANTES_SALDO,NO_BORRAR_SIN_PRUEBA_CONTRATO,BAJA,0,1,,,Bloque_comercial | Dim_Canal | Dim_Condicion_Expedicion | Dim_Fecha | Dim_Mes_Trend | Dim_Pedido | Dim_Responsable | Fact_Hitos_Operacionales | Fact_Pedidos | Fact_Tiempos_Hitos | Fact_Tracking | Medidas | Parámetro Agrupación SLA | Parámetro Indicadores SLA | Resultado | auditoria,Consumidor dinámico detectado (Python.Execute/Table.Schema)
Fact_Pedidos_Auditoria,AUD_FES_CICLO_MAYOR_60_DIAS,NO_BORRAR_SIN_PRUEBA_CONTRATO,BAJA,0,1,,,Bloque_comercial | Dim_Canal | Dim_Condicion_Expedicion | Dim_Fecha | Dim_Mes_Trend | Dim_Pedido | Dim_Responsable | Fact_Hitos_Operacionales | Fact_Pedidos | Fact_Tiempos_Hitos | Fact_Tracking | Medidas | Parámetro Agrupación SLA | Parámetro Indicadores SLA | Resultado | auditoria,Consumidor dinámico detectado (Python.Execute/Table.Schema)
Fact_Pedidos_Auditoria,AUD_FES_ENTREGA_ANTES_PEDIDO_POST,NO_BORRAR_SIN_PRUEBA_CONTRATO,BAJA,0,1,,,Bloque_comercial | Dim_Canal | Dim_Condicion_Expedicion | Dim_Fecha | Dim_Mes_Trend | Dim_Pedido | Dim_Responsable | Fact_Hitos_Operacionales | Fact_Pedidos | Fact_Tiempos_Hitos | Fact_Tracking | Medidas | Parámetro Agrupación SLA | Parámetro Indicadores SLA | Resultado | auditoria,Consumidor dinámico detectado (Python.Execute/Table.Schema)
Fact_Pedidos_Auditoria,AUD_FES_MANIFIESTO_ANTES_ENTREGA,NO_BORRAR_SIN_PRUEBA_CONTRATO,BAJA,0,1,,,Bloque_comercial | Dim_Canal | Dim_Condicion_Expedicion | Dim_Fecha | Dim_Mes_Trend | Dim_Pedido | Dim_Responsable | Fact_Hitos_Operacionales | Fact_Pedidos | Fact_Tiempos_Hitos | Fact_Tracking | Medidas | Parámetro Agrupación SLA | Parámetro Indicadores SLA | Resultado | auditoria,Consumidor dinámico detectado (Python.Execute/Table.Schema)
Fact_Pedidos_Auditoria,AUD_FES_PEDIDO_POST_ANTES_FACTURA,NO_BORRAR_SIN_PRUEBA_CONTRATO,BAJA,0,1,,,Bloque_comercial | Dim_Canal | Dim_Condicion_Expedicion | Dim_Fecha | Dim_Mes_Trend | Dim_Pedido | Dim_Responsable | Fact_Hitos_Operacionales | Fact_Pedidos | Fact_Tiempos_Hitos | Fact_Tracking | Medidas | Parámetro Agrupación SLA | Parámetro Indicadores SLA | Resultado | auditoria,Consumidor dinámico detectado (Python.Execute/Table.Schema)
Fact_Pedidos_Auditoria,AUD_FES_SIN_ENTREGA_POSTERIOR,NO_BORRAR_SIN_PRUEBA_CONTRATO,BAJA,0,1,,,Bloque_comercial | Dim_Canal | Dim_Condicion_Expedicion | Dim_Fecha | Dim_Mes_Trend | Dim_Pedido | Dim_Responsable | Fact_Hitos_Operacionales | Fact_Pedidos | Fact_Tiempos_Hitos | Fact_Tracking | Medidas | Parámetro Agrupación SLA | Parámetro Indicadores SLA | Resultado | auditoria,Consumidor dinámico detectado (Python.Execute/Table.Schema)
Fact_Pedidos_Auditoria,AUD_FES_SIN_FECHA_PEDIDO_POSTERIOR,NO_BORRAR_SIN_PRUEBA_CONTRATO,BAJA,0,1,,,Bloque_comercial | Dim_Canal | Dim_Condicion_Expedicion | Dim_Fecha | Dim_Mes_Trend | Dim_Pedido | Dim_Responsable | Fact_Hitos_Operacionales | Fact_Pedidos | Fact_Tiempos_Hitos | Fact_Tracking | Medidas | Parámetro Agrupación SLA | Parámetro Indicadores SLA | Resultado | auditoria,Consumidor dinámico detectado (Python.Execute/Table.Schema)
Fact_Pedidos_Auditoria,AUD_FES_SIN_MANIFIESTO,NO_BORRAR_SIN_PRUEBA_CONTRATO,BAJA,0,1,,,Bloque_comercial | Dim_Canal | Dim_Condicion_Expedicion | Dim_Fecha | Dim_Mes_Trend | Dim_Pedido | Dim_Responsable | Fact_Hitos_Operacionales | Fact_Pedidos | Fact_Tiempos_Hitos | Fact_Tracking | Medidas | Parámetro Agrupación SLA | Parámetro Indicadores SLA | Resultado | auditoria,Consumidor dinámico detectado (Python.Execute/Table.Schema)
Fact_Pedidos_Auditoria,AUD_FES_ULT_ENTREGA_ANTES_PRIMERA,NO_BORRAR_SIN_PRUEBA_CONTRATO,BAJA,0,1,,,Bloque_comercial | Dim_Canal | Dim_Condicion_Expedicion | Dim_Fecha | Dim_Mes_Trend | Dim_Pedido | Dim_Responsable | Fact_Hitos_Operacionales | Fact_Pedidos | Fact_Tiempos_Hitos | Fact_Tracking | Medidas | Parámetro Agrupación SLA | Parámetro Indicadores SLA | Resultado | auditoria,Consumidor dinámico detectado (Python.Execute/Table.Schema)
Fact_Pedidos_Auditoria,AUD_FES_ULT_MANIFIESTO_ANTES_PRIMERO,NO_BORRAR_SIN_PRUEBA_CONTRATO,BAJA,0,1,,,Bloque_comercial | Dim_Canal | Dim_Condicion_Expedicion | Dim_Fecha | Dim_Mes_Trend | Dim_Pedido | Dim_Responsable | Fact_Hitos_Operacionales | Fact_Pedidos | Fact_Tiempos_Hitos | Fact_Tracking | Medidas | Parámetro Agrupación SLA | Parámetro Indicadores SLA | Resultado | auditoria,Consumidor dinámico detectado (Python.Execute/Table.Schema)
Fact_Pedidos_Auditoria,AUD_FES_ULT_PEDIDO_ANTES_PRIMERO,NO_BORRAR_SIN_PRUEBA_CONTRATO,BAJA,0,1,,,Bloque_comercial | Dim_Canal | Dim_Condicion_Expedicion | Dim_Fecha | Dim_Mes_Trend | Dim_Pedido | Dim_Responsable | Fact_Hitos_Operacionales | Fact_Pedidos | Fact_Tiempos_Hitos | Fact_Tracking | Medidas | Parámetro Agrupación SLA | Parámetro Indicadores SLA | Resultado | auditoria,Consumidor dinámico detectado (Python.Execute/Table.Schema)
Fact_Pedidos_Auditoria,AUD_HITOS_OBLIGATORIOS_ESPERADOS,NO_BORRAR_SIN_PRUEBA_CONTRATO,BAJA,0,1,,,Bloque_comercial | Dim_Canal | Dim_Condicion_Expedicion | Dim_Fecha | Dim_Mes_Trend | Dim_Pedido | Dim_Responsable | Fact_Hitos_Operacionales | Fact_Pedidos | Fact_Tiempos_Hitos | Fact_Tracking | Medidas | Parámetro Agrupación SLA | Parámetro Indicadores SLA | Resultado | auditoria,Consumidor dinámico detectado (Python.Execute/Table.Schema)
Fact_Pedidos_Auditoria,AUD_HITOS_OPCIONALES_ESPERADOS,NO_BORRAR_SIN_PRUEBA_CONTRATO,BAJA,0,1,,,Bloque_comercial | Dim_Canal | Dim_Condicion_Expedicion | Dim_Fecha | Dim_Mes_Trend | Dim_Pedido | Dim_Responsable | Fact_Hitos_Operacionales | Fact_Pedidos | Fact_Tiempos_Hitos | Fact_Tracking | Medidas | Parámetro Agrupación SLA | Parámetro Indicadores SLA | Resultado | auditoria,Consumidor dinámico detectado (Python.Execute/Table.Schema)
Fact_Pedidos_Auditoria,AUD_HITOS_OPCIONALES_FALTANTES,NO_BORRAR_SIN_PRUEBA_CONTRATO,BAJA,0,1,,,Bloque_comercial | Dim_Canal | Dim_Condicion_Expedicion | Dim_Fecha | Dim_Mes_Trend | Dim_Pedido | Dim_Responsable | Fact_Hitos_Operacionales | Fact_Pedidos | Fact_Tiempos_Hitos | Fact_Tracking | Medidas | Parámetro Agrupación SLA | Parámetro Indicadores SLA | Resultado | auditoria,Consumidor dinámico detectado (Python.Execute/Table.Schema)
Fact_Pedidos_Auditoria,AUD_HITOS_OPCIONALES_PRESENTES,NO_BORRAR_SIN_PRUEBA_CONTRATO,BAJA,0,1,,,Bloque_comercial | Dim_Canal | Dim_Condicion_Expedicion | Dim_Fecha | Dim_Mes_Trend | Dim_Pedido | Dim_Responsable | Fact_Hitos_Operacionales | Fact_Pedidos | Fact_Tiempos_Hitos | Fact_Tracking | Medidas | Parámetro Agrupación SLA | Parámetro Indicadores SLA | Resultado | auditoria,Consumidor dinámico detectado (Python.Execute/Table.Schema)
Fact_Pedidos_Auditoria,AUD_HORA_00_CED,NO_BORRAR_SIN_PRUEBA_CONTRATO,BAJA,0,1,,,Bloque_comercial | Dim_Canal | Dim_Condicion_Expedicion | Dim_Fecha | Dim_Mes_Trend | Dim_Pedido | Dim_Responsable | Fact_Hitos_Operacionales | Fact_Pedidos | Fact_Tiempos_Hitos | Fact_Tracking | Medidas | Parámetro Agrupación SLA | Parámetro Indicadores SLA | Resultado | auditoria,Consumidor dinámico detectado (Python.Execute/Table.Schema)
Fact_Pedidos_Auditoria,AUD_HORA_00_COM,NO_BORRAR_SIN_PRUEBA_CONTRATO,BAJA,0,1,,,Bloque_comercial | Dim_Canal | Dim_Condicion_Expedicion | Dim_Fecha | Dim_Mes_Trend | Dim_Pedido | Dim_Responsable | Fact_Hitos_Operacionales | Fact_Pedidos | Fact_Tiempos_Hitos | Fact_Tracking | Medidas | Parámetro Agrupación SLA | Parámetro Indicadores SLA | Resultado | auditoria,Consumidor dinámico detectado (Python.Execute/Table.Schema)
Fact_Pedidos_Auditoria,AUD_HORA_00_CRD,NO_BORRAR_SIN_PRUEBA_CONTRATO,BAJA,0,1,,,Bloque_comercial | Dim_Canal | Dim_Condicion_Expedicion | Dim_Fecha | Dim_Mes_Trend | Dim_Pedido | Dim_Responsable | Fact_Hitos_Operacionales | Fact_Pedidos | Fact_Tiempos_Hitos | Fact_Tracking | Medidas | Parámetro Agrupación SLA | Parámetro Indicadores SLA | Resultado | auditoria,Consumidor dinámico detectado (Python.Execute/Table.Schema)
Fact_Pedidos_Auditoria,AUD_HORA_00_ENT,NO_BORRAR_SIN_PRUEBA_CONTRATO,BAJA,0,1,,,Bloque_comercial | Dim_Canal | Dim_Condicion_Expedicion | Dim_Fecha | Dim_Mes_Trend | Dim_Pedido | Dim_Responsable | Fact_Hitos_Operacionales | Fact_Pedidos | Fact_Tiempos_Hitos | Fact_Tracking | Medidas | Parámetro Agrupación SLA | Parámetro Indicadores SLA | Resultado | auditoria,Consumidor dinámico detectado (Python.Execute/Table.Schema)
Fact_Pedidos_Auditoria,AUD_HORA_00_FAC,NO_BORRAR_SIN_PRUEBA_CONTRATO,BAJA,0,1,,,Bloque_comercial | Dim_Canal | Dim_Condicion_Expedicion | Dim_Fecha | Dim_Mes_Trend | Dim_Pedido | Dim_Responsable | Fact_Hitos_Operacionales | Fact_Pedidos | Fact_Tiempos_Hitos | Fact_Tracking | Medidas | Parámetro Agrupación SLA | Parámetro Indicadores SLA | Resultado | auditoria,Consumidor dinámico detectado (Python.Execute/Table.Schema)
Fact_Pedidos_Auditoria,AUD_HORA_00_PAC,NO_BORRAR_SIN_PRUEBA_CONTRATO,BAJA,0,1,,,Bloque_comercial | Dim_Canal | Dim_Condicion_Expedicion | Dim_Fecha | Dim_Mes_Trend | Dim_Pedido | Dim_Responsable | Fact_Hitos_Operacionales | Fact_Pedidos | Fact_Tiempos_Hitos | Fact_Tracking | Medidas | Parámetro Agrupación SLA | Parámetro Indicadores SLA | Resultado | auditoria,Consumidor dinámico detectado (Python.Execute/Table.Schema)
Fact_Pedidos_Auditoria,AUD_HORA_00_PED,NO_BORRAR_SIN_PRUEBA_CONTRATO,BAJA,0,1,,,Bloque_comercial | Dim_Canal | Dim_Condicion_Expedicion | Dim_Fecha | Dim_Mes_Trend | Dim_Pedido | Dim_Responsable | Fact_Hitos_Operacionales | Fact_Pedidos | Fact_Tiempos_Hitos | Fact_Tracking | Medidas | Parámetro Agrupación SLA | Parámetro Indicadores SLA | Resultado | auditoria,Consumidor dinámico detectado (Python.Execute/Table.Schema)
Fact_Pedidos_Auditoria,AUD_HORA_00_PIC,NO_BORRAR_SIN_PRUEBA_CONTRATO,BAJA,0,1,,,Bloque_comercial | Dim_Canal | Dim_Condicion_Expedicion | Dim_Fecha | Dim_Mes_Trend | Dim_Pedido | Dim_Responsable | Fact_Hitos_Operacionales | Fact_Pedidos | Fact_Tiempos_Hitos | Fact_Tracking | Medidas | Parámetro Agrupación SLA | Parámetro Indicadores SLA | Resultado | auditoria,Consumidor dinámico detectado (Python.Execute/Table.Schema)
Fact_Pedidos_Auditoria,AUD_HORA_00_TRP,NO_BORRAR_SIN_PRUEBA_CONTRATO,BAJA,0,1,,,Bloque_comercial | Dim_Canal | Dim_Condicion_Expedicion | Dim_Fecha | Dim_Mes_Trend | Dim_Pedido | Dim_Responsable | Fact_Hitos_Operacionales | Fact_Pedidos | Fact_Tiempos_Hitos | Fact_Tracking | Medidas | Parámetro Agrupación SLA | Parámetro Indicadores SLA | Resultado | auditoria,Consumidor dinámico detectado (Python.Execute/Table.Schema)
Fact_Pedidos_Auditoria,AUD_INC_CED_ANTES_TRP,NO_BORRAR_SIN_PRUEBA_CONTRATO,BAJA,0,1,,,Bloque_comercial | Dim_Canal | Dim_Condicion_Expedicion | Dim_Fecha | Dim_Mes_Trend | Dim_Pedido | Dim_Responsable | Fact_Hitos_Operacionales | Fact_Pedidos | Fact_Tiempos_Hitos | Fact_Tracking | Medidas | Parámetro Agrupación SLA | Parámetro Indicadores SLA | Resultado | auditoria,Consumidor dinámico detectado (Python.Execute/Table.Schema)
Fact_Pedidos_Auditoria,AUD_INC_CED_U_ANTES_CED_P,NO_BORRAR_SIN_PRUEBA_CONTRATO,BAJA,0,1,,,Bloque_comercial | Dim_Canal | Dim_Condicion_Expedicion | Dim_Fecha | Dim_Mes_Trend | Dim_Pedido | Dim_Responsable | Fact_Hitos_Operacionales | Fact_Pedidos | Fact_Tiempos_Hitos | Fact_Tracking | Medidas | Parámetro Agrupación SLA | Parámetro Indicadores SLA | Resultado | auditoria,Consumidor dinámico detectado (Python.Execute/Table.Schema)
Fact_Pedidos_Auditoria,AUD_INC_COM_ANTES_PED,NO_BORRAR_SIN_PRUEBA_CONTRATO,BAJA,0,1,,,Bloque_comercial | Dim_Canal | Dim_Condicion_Expedicion | Dim_Fecha | Dim_Mes_Trend | Dim_Pedido | Dim_Responsable | Fact_Hitos_Operacionales | Fact_Pedidos | Fact_Tiempos_Hitos | Fact_Tracking | Medidas | Parámetro Agrupación SLA | Parámetro Indicadores SLA | Resultado | auditoria,Consumidor dinámico detectado (Python.Execute/Table.Schema)
Fact_Pedidos_Auditoria,AUD_INC_COM_U_ANTES_COM_P,NO_BORRAR_SIN_PRUEBA_CONTRATO,BAJA,0,1,,,Bloque_comercial | Dim_Canal | Dim_Condicion_Expedicion | Dim_Fecha | Dim_Mes_Trend | Dim_Pedido | Dim_Responsable | Fact_Hitos_Operacionales | Fact_Pedidos | Fact_Tiempos_Hitos | Fact_Tracking | Medidas | Parámetro Agrupación SLA | Parámetro Indicadores SLA | Resultado | auditoria,Consumidor dinámico detectado (Python.Execute/Table.Schema)
Fact_Pedidos_Auditoria,AUD_INC_CRD_ANTES_PED,NO_BORRAR_SIN_PRUEBA_CONTRATO,BAJA,0,1,,,Bloque_comercial | Dim_Canal | Dim_Condicion_Expedicion | Dim_Fecha | Dim_Mes_Trend | Dim_Pedido | Dim_Responsable | Fact_Hitos_Operacionales | Fact_Pedidos | Fact_Tiempos_Hitos | Fact_Tracking | Medidas | Parámetro Agrupación SLA | Parámetro Indicadores SLA | Resultado | auditoria,Consumidor dinámico detectado (Python.Execute/Table.Schema)
Fact_Pedidos_Auditoria,AUD_INC_ENT_ANTES_PED,NO_BORRAR_SIN_PRUEBA_CONTRATO,BAJA,0,1,,,Bloque_comercial | Dim_Canal | Dim_Condicion_Expedicion | Dim_Fecha | Dim_Mes_Trend | Dim_Pedido | Dim_Responsable | Fact_Hitos_Operacionales | Fact_Pedidos | Fact_Tiempos_Hitos | Fact_Tracking | Medidas | Parámetro Agrupación SLA | Parámetro Indicadores SLA | Resultado | auditoria,Consumidor dinámico detectado (Python.Execute/Table.Schema)
Fact_Pedidos_Auditoria,AUD_INC_ENT_U_ANTES_ENT_P,NO_BORRAR_SIN_PRUEBA_CONTRATO,BAJA,0,1,,,Bloque_comercial | Dim_Canal | Dim_Condicion_Expedicion | Dim_Fecha | Dim_Mes_Trend | Dim_Pedido | Dim_Responsable | Fact_Hitos_Operacionales | Fact_Pedidos | Fact_Tiempos_Hitos | Fact_Tracking | Medidas | Parámetro Agrupación SLA | Parámetro Indicadores SLA | Resultado | auditoria,Consumidor dinámico detectado (Python.Execute/Table.Schema)
Fact_Pedidos_Auditoria,AUD_INC_FAC_ANTES_PIC,NO_BORRAR_SIN_PRUEBA_CONTRATO,BAJA,0,1,,,Bloque_comercial | Dim_Canal | Dim_Condicion_Expedicion | Dim_Fecha | Dim_Mes_Trend | Dim_Pedido | Dim_Responsable | Fact_Hitos_Operacionales | Fact_Pedidos | Fact_Tiempos_Hitos | Fact_Tracking | Medidas | Parámetro Agrupación SLA | Parámetro Indicadores SLA | Resultado | auditoria,Consumidor dinámico detectado (Python.Execute/Table.Schema)
Fact_Pedidos_Auditoria,AUD_INC_FAC_MAS_30_DIAS_ANTES_PED,NO_BORRAR_SIN_PRUEBA_CONTRATO,BAJA,0,1,,,Bloque_comercial | Dim_Canal | Dim_Condicion_Expedicion | Dim_Fecha | Dim_Mes_Trend | Dim_Pedido | Dim_Responsable | Fact_Hitos_Operacionales | Fact_Pedidos | Fact_Tiempos_Hitos | Fact_Tracking | Medidas | Parámetro Agrupación SLA | Parámetro Indicadores SLA | Resultado | auditoria,Consumidor dinámico detectado (Python.Execute/Table.Schema)
Fact_Pedidos_Auditoria,AUD_INC_FAC_MAS_365_DIAS_DESPUES_PED,NO_BORRAR_SIN_PRUEBA_CONTRATO,BAJA,0,1,,,Bloque_comercial | Dim_Canal | Dim_Condicion_Expedicion | Dim_Fecha | Dim_Mes_Trend | Dim_Pedido | Dim_Responsable | Fact_Hitos_Operacionales | Fact_Pedidos | Fact_Tiempos_Hitos | Fact_Tracking | Medidas | Parámetro Agrupación SLA | Parámetro Indicadores SLA | Resultado | auditoria,Consumidor dinámico detectado (Python.Execute/Table.Schema)
Fact_Pedidos_Auditoria,AUD_INC_FAC_U_ANTES_FAC_P,NO_BORRAR_SIN_PRUEBA_CONTRATO,BAJA,0,1,,,Bloque_comercial | Dim_Canal | Dim_Condicion_Expedicion | Dim_Fecha | Dim_Mes_Trend | Dim_Pedido | Dim_Responsable | Fact_Hitos_Operacionales | Fact_Pedidos | Fact_Tiempos_Hitos | Fact_Tracking | Medidas | Parámetro Agrupación SLA | Parámetro Indicadores SLA | Resultado | auditoria,Consumidor dinámico detectado (Python.Execute/Table.Schema)
Fact_Pedidos_Auditoria,AUD_INC_HITO_FECHA_FUTURA,NO_BORRAR_SIN_PRUEBA_CONTRATO,BAJA,0,1,,,Bloque_comercial | Dim_Canal | Dim_Condicion_Expedicion | Dim_Fecha | Dim_Mes_Trend | Dim_Pedido | Dim_Responsable | Fact_Hitos_Operacionales | Fact_Pedidos | Fact_Tiempos_Hitos | Fact_Tracking | Medidas | Parámetro Agrupación SLA | Parámetro Indicadores SLA | Resultado | auditoria,Consumidor dinámico detectado (Python.Execute/Table.Schema)
Fact_Pedidos_Auditoria,AUD_INC_PAC_ANTES_PIC,NO_BORRAR_SIN_PRUEBA_CONTRATO,BAJA,0,1,,,Bloque_comercial | Dim_Canal | Dim_Condicion_Expedicion | Dim_Fecha | Dim_Mes_Trend | Dim_Pedido | Dim_Responsable | Fact_Hitos_Operacionales | Fact_Pedidos | Fact_Tiempos_Hitos | Fact_Tracking | Medidas | Parámetro Agrupación SLA | Parámetro Indicadores SLA | Resultado | auditoria,Consumidor dinámico detectado (Python.Execute/Table.Schema)
Fact_Pedidos_Auditoria,AUD_INC_PAC_U_ANTES_PAC_P,NO_BORRAR_SIN_PRUEBA_CONTRATO,BAJA,0,1,,,Bloque_comercial | Dim_Canal | Dim_Condicion_Expedicion | Dim_Fecha | Dim_Mes_Trend | Dim_Pedido | Dim_Responsable | Fact_Hitos_Operacionales | Fact_Pedidos | Fact_Tiempos_Hitos | Fact_Tracking | Medidas | Parámetro Agrupación SLA | Parámetro Indicadores SLA | Resultado | auditoria,Consumidor dinámico detectado (Python.Execute/Table.Schema)
Fact_Pedidos_Auditoria,AUD_INC_PDA_DESPUES_PED,NO_BORRAR_SIN_PRUEBA_CONTRATO,BAJA,0,1,,,Bloque_comercial | Dim_Canal | Dim_Condicion_Expedicion | Dim_Fecha | Dim_Mes_Trend | Dim_Pedido | Dim_Responsable | Fact_Hitos_Operacionales | Fact_Pedidos | Fact_Tiempos_Hitos | Fact_Tracking | Medidas | Parámetro Agrupación SLA | Parámetro Indicadores SLA | Resultado | auditoria,Consumidor dinámico detectado (Python.Execute/Table.Schema)
Fact_Pedidos_Auditoria,AUD_INC_PIC_ANTES_ENT,NO_BORRAR_SIN_PRUEBA_CONTRATO,BAJA,0,1,,,Bloque_comercial | Dim_Canal | Dim_Condicion_Expedicion | Dim_Fecha | Dim_Mes_Trend | Dim_Pedido | Dim_Responsable | Fact_Hitos_Operacionales | Fact_Pedidos | Fact_Tiempos_Hitos | Fact_Tracking | Medidas | Parámetro Agrupación SLA | Parámetro Indicadores SLA | Resultado | auditoria,Consumidor dinámico detectado (Python.Execute/Table.Schema)
Fact_Pedidos_Auditoria,AUD_INC_PIC_U_ANTES_PIC_P,NO_BORRAR_SIN_PRUEBA_CONTRATO,BAJA,0,1,,,Bloque_comercial | Dim_Canal | Dim_Condicion_Expedicion | Dim_Fecha | Dim_Mes_Trend | Dim_Pedido | Dim_Responsable | Fact_Hitos_Operacionales | Fact_Pedidos | Fact_Tiempos_Hitos | Fact_Tracking | Medidas | Parámetro Agrupación SLA | Parámetro Indicadores SLA | Resultado | auditoria,Consumidor dinámico detectado (Python.Execute/Table.Schema)
Fact_Pedidos_Auditoria,AUD_INC_TRP_ANTES_FAC,NO_BORRAR_SIN_PRUEBA_CONTRATO,BAJA,0,1,,,Bloque_comercial | Dim_Canal | Dim_Condicion_Expedicion | Dim_Fecha | Dim_Mes_Trend | Dim_Pedido | Dim_Responsable | Fact_Hitos_Operacionales | Fact_Pedidos | Fact_Tiempos_Hitos | Fact_Tracking | Medidas | Parámetro Agrupación SLA | Parámetro Indicadores SLA | Resultado | auditoria,Consumidor dinámico detectado (Python.Execute/Table.Schema)
Fact_Pedidos_Auditoria,AUD_INC_TRP_MAS_30_DIAS_ANTES_PED,NO_BORRAR_SIN_PRUEBA_CONTRATO,BAJA,0,1,,,Bloque_comercial | Dim_Canal | Dim_Condicion_Expedicion | Dim_Fecha | Dim_Mes_Trend | Dim_Pedido | Dim_Responsable | Fact_Hitos_Operacionales | Fact_Pedidos | Fact_Tiempos_Hitos | Fact_Tracking | Medidas | Parámetro Agrupación SLA | Parámetro Indicadores SLA | Resultado | auditoria,Consumidor dinámico detectado (Python.Execute/Table.Schema)
Fact_Pedidos_Auditoria,AUD_INC_TRP_MAS_365_DIAS_DESPUES_PED,NO_BORRAR_SIN_PRUEBA_CONTRATO,BAJA,0,1,,,Bloque_comercial | Dim_Canal | Dim_Condicion_Expedicion | Dim_Fecha | Dim_Mes_Trend | Dim_Pedido | Dim_Responsable | Fact_Hitos_Operacionales | Fact_Pedidos | Fact_Tiempos_Hitos | Fact_Tracking | Medidas | Parámetro Agrupación SLA | Parámetro Indicadores SLA | Resultado | auditoria,Consumidor dinámico detectado (Python.Execute/Table.Schema)
Fact_Pedidos_Auditoria,AUD_INC_TRP_U_ANTES_TRP_P,NO_BORRAR_SIN_PRUEBA_CONTRATO,BAJA,0,1,,,Bloque_comercial | Dim_Canal | Dim_Condicion_Expedicion | Dim_Fecha | Dim_Mes_Trend | Dim_Pedido | Dim_Responsable | Fact_Hitos_Operacionales | Fact_Pedidos | Fact_Tiempos_Hitos | Fact_Tracking | Medidas | Parámetro Agrupación SLA | Parámetro Indicadores SLA | Resultado | auditoria,Consumidor dinámico detectado (Python.Execute/Table.Schema)
Fact_Pedidos_Auditoria,AUD_INC_TSTTO_U_ANTES_TSTTO_P,NO_BORRAR_SIN_PRUEBA_CONTRATO,BAJA,0,1,,,Bloque_comercial | Dim_Canal | Dim_Condicion_Expedicion | Dim_Fecha | Dim_Mes_Trend | Dim_Pedido | Dim_Responsable | Fact_Hitos_Operacionales | Fact_Pedidos | Fact_Tiempos_Hitos | Fact_Tracking | Medidas | Parámetro Agrupación SLA | Parámetro Indicadores SLA | Resultado | auditoria,Consumidor dinámico detectado (Python.Execute/Table.Schema)
Fact_Pedidos_Auditoria,AUD_NO_FES_CON_FECHAS_FES,NO_BORRAR_SIN_PRUEBA_CONTRATO,BAJA,0,1,,,Bloque_comercial | Dim_Canal | Dim_Condicion_Expedicion | Dim_Fecha | Dim_Mes_Trend | Dim_Pedido | Dim_Responsable | Fact_Hitos_Operacionales | Fact_Pedidos | Fact_Tiempos_Hitos | Fact_Tracking | Medidas | Parámetro Agrupación SLA | Parámetro Indicadores SLA | Resultado | auditoria,Consumidor dinámico detectado (Python.Execute/Table.Schema)
Fact_Pedidos_Auditoria,AUD_NO_FES_CON_METRICAS_FES,NO_BORRAR_SIN_PRUEBA_CONTRATO,BAJA,0,1,,,Bloque_comercial | Dim_Canal | Dim_Condicion_Expedicion | Dim_Fecha | Dim_Mes_Trend | Dim_Pedido | Dim_Responsable | Fact_Hitos_Operacionales | Fact_Pedidos | Fact_Tiempos_Hitos | Fact_Tracking | Medidas | Parámetro Agrupación SLA | Parámetro Indicadores SLA | Resultado | auditoria,Consumidor dinámico detectado (Python.Execute/Table.Schema)
Fact_Pedidos_Auditoria,AUD_OBS_PDA_DESPUES_PEDIDO,NO_BORRAR_SIN_PRUEBA_CONTRATO,BAJA,0,1,,,Bloque_comercial | Dim_Canal | Dim_Condicion_Expedicion | Dim_Fecha | Dim_Mes_Trend | Dim_Pedido | Dim_Responsable | Fact_Hitos_Operacionales | Fact_Pedidos | Fact_Tiempos_Hitos | Fact_Tracking | Medidas | Parámetro Agrupación SLA | Parámetro Indicadores SLA | Resultado | auditoria,Consumidor dinámico detectado (Python.Execute/Table.Schema)
Fact_Pedidos_Auditoria,AUD_PCT_COBERTURA_HITOS,CONSERVAR_REFERENCIADA,ALTA,1,1,Fact_Pedidos,M_OR_PYTHON_STRING,Bloque_comercial | Dim_Canal | Dim_Condicion_Expedicion | Dim_Fecha | Dim_Mes_Trend | Dim_Pedido | Dim_Responsable | Fact_Hitos_Operacionales | Fact_Pedidos | Fact_Tiempos_Hitos | Fact_Tracking | Medidas | Parámetro Agrupación SLA | Parámetro Indicadores SLA | Resultado | auditoria,
Fact_Pedidos_Auditoria,AUD_PCT_COBERTURA_OPCIONAL,NO_BORRAR_SIN_PRUEBA_CONTRATO,BAJA,0,1,,,Bloque_comercial | Dim_Canal | Dim_Condicion_Expedicion | Dim_Fecha | Dim_Mes_Trend | Dim_Pedido | Dim_Responsable | Fact_Hitos_Operacionales | Fact_Pedidos | Fact_Tiempos_Hitos | Fact_Tracking | Medidas | Parámetro Agrupación SLA | Parámetro Indicadores SLA | Resultado | auditoria,Consumidor dinámico detectado (Python.Execute/Table.Schema)
Fact_Pedidos_Auditoria,AUD_PRINCIPAL_INCONGRUENCIA,CONSERVAR_REFERENCIADA,ALTA,2,1,Fact_Pedidos | Resultado,M_OR_PYTHON_STRING,Bloque_comercial | Dim_Canal | Dim_Condicion_Expedicion | Dim_Fecha | Dim_Mes_Trend | Dim_Pedido | Dim_Responsable | Fact_Hitos_Operacionales | Fact_Pedidos | Fact_Tiempos_Hitos | Fact_Tracking | Medidas | Parámetro Agrupación SLA | Parámetro Indicadores SLA | Resultado | auditoria,
Fact_Pedidos_Auditoria,AUD_REQUIERE_REVISION,CONSERVAR_REFERENCIADA,ALTA,1,1,Fact_Pedidos,M_OR_PYTHON_STRING,Bloque_comercial | Dim_Canal | Dim_Condicion_Expedicion | Dim_Fecha | Dim_Mes_Trend | Dim_Pedido | Dim_Responsable | Fact_Hitos_Operacionales | Fact_Pedidos | Fact_Tiempos_Hitos | Fact_Tracking | Medidas | Parámetro Agrupación SLA | Parámetro Indicadores SLA | Resultado | auditoria,
Fact_Pedidos_Auditoria,AUD_SALDO_FAC_U_ANTES_FAC_P,NO_BORRAR_SIN_PRUEBA_CONTRATO,BAJA,0,1,,,Bloque_comercial | Dim_Canal | Dim_Condicion_Expedicion | Dim_Fecha | Dim_Mes_Trend | Dim_Pedido | Dim_Responsable | Fact_Hitos_Operacionales | Fact_Pedidos | Fact_Tiempos_Hitos | Fact_Tracking | Medidas | Parámetro Agrupación SLA | Parámetro Indicadores SLA | Resultado | auditoria,Consumidor dinámico detectado (Python.Execute/Table.Schema)
Fact_Pedidos_Auditoria,AUD_SALDO_SIN_FAC_P,NO_BORRAR_SIN_PRUEBA_CONTRATO,BAJA,0,1,,,Bloque_comercial | Dim_Canal | Dim_Condicion_Expedicion | Dim_Fecha | Dim_Mes_Trend | Dim_Pedido | Dim_Responsable | Fact_Hitos_Operacionales | Fact_Pedidos | Fact_Tiempos_Hitos | Fact_Tracking | Medidas | Parámetro Agrupación SLA | Parámetro Indicadores SLA | Resultado | auditoria,Consumidor dinámico detectado (Python.Execute/Table.Schema)
Fact_Pedidos_Auditoria,AUD_SALDO_SIN_FAC_U,NO_BORRAR_SIN_PRUEBA_CONTRATO,BAJA,0,1,,,Bloque_comercial | Dim_Canal | Dim_Condicion_Expedicion | Dim_Fecha | Dim_Mes_Trend | Dim_Pedido | Dim_Responsable | Fact_Hitos_Operacionales | Fact_Pedidos | Fact_Tiempos_Hitos | Fact_Tracking | Medidas | Parámetro Agrupación SLA | Parámetro Indicadores SLA | Resultado | auditoria,Consumidor dinámico detectado (Python.Execute/Table.Schema)
Fact_Pedidos_Auditoria,AUD_SALDO_SIN_TRP_U,NO_BORRAR_SIN_PRUEBA_CONTRATO,BAJA,0,1,,,Bloque_comercial | Dim_Canal | Dim_Condicion_Expedicion | Dim_Fecha | Dim_Mes_Trend | Dim_Pedido | Dim_Responsable | Fact_Hitos_Operacionales | Fact_Pedidos | Fact_Tiempos_Hitos | Fact_Tracking | Medidas | Parámetro Agrupación SLA | Parámetro Indicadores SLA | Resultado | auditoria,Consumidor dinámico detectado (Python.Execute/Table.Schema)
Fact_Pedidos_Auditoria,AUD_SALDO_TRP_U_ANTES_TRP_P,NO_BORRAR_SIN_PRUEBA_CONTRATO,BAJA,0,1,,,Bloque_comercial | Dim_Canal | Dim_Condicion_Expedicion | Dim_Fecha | Dim_Mes_Trend | Dim_Pedido | Dim_Responsable | Fact_Hitos_Operacionales | Fact_Pedidos | Fact_Tiempos_Hitos | Fact_Tracking | Medidas | Parámetro Agrupación SLA | Parámetro Indicadores SLA | Resultado | auditoria,Consumidor dinámico detectado (Python.Execute/Table.Schema)
Fact_Pedidos_Auditoria,AUD_TIENE_CED_P,NO_BORRAR_SIN_PRUEBA_CONTRATO,BAJA,0,1,,,Bloque_comercial | Dim_Canal | Dim_Condicion_Expedicion | Dim_Fecha | Dim_Mes_Trend | Dim_Pedido | Dim_Responsable | Fact_Hitos_Operacionales | Fact_Pedidos | Fact_Tiempos_Hitos | Fact_Tracking | Medidas | Parámetro Agrupación SLA | Parámetro Indicadores SLA | Resultado | auditoria,Consumidor dinámico detectado (Python.Execute/Table.Schema)
Fact_Pedidos_Auditoria,AUD_TIENE_COM_P,NO_BORRAR_SIN_PRUEBA_CONTRATO,BAJA,0,1,,,Bloque_comercial | Dim_Canal | Dim_Condicion_Expedicion | Dim_Fecha | Dim_Mes_Trend | Dim_Pedido | Dim_Responsable | Fact_Hitos_Operacionales | Fact_Pedidos | Fact_Tiempos_Hitos | Fact_Tracking | Medidas | Parámetro Agrupación SLA | Parámetro Indicadores SLA | Resultado | auditoria,Consumidor dinámico detectado (Python.Execute/Table.Schema)
Fact_Pedidos_Auditoria,AUD_TIENE_CRD_P,NO_BORRAR_SIN_PRUEBA_CONTRATO,BAJA,0,1,,,Bloque_comercial | Dim_Canal | Dim_Condicion_Expedicion | Dim_Fecha | Dim_Mes_Trend | Dim_Pedido | Dim_Responsable | Fact_Hitos_Operacionales | Fact_Pedidos | Fact_Tiempos_Hitos | Fact_Tracking | Medidas | Parámetro Agrupación SLA | Parámetro Indicadores SLA | Resultado | auditoria,Consumidor dinámico detectado (Python.Execute/Table.Schema)
Fact_Pedidos_Auditoria,AUD_TIENE_ENT_P,NO_BORRAR_SIN_PRUEBA_CONTRATO,BAJA,0,1,,,Bloque_comercial | Dim_Canal | Dim_Condicion_Expedicion | Dim_Fecha | Dim_Mes_Trend | Dim_Pedido | Dim_Responsable | Fact_Hitos_Operacionales | Fact_Pedidos | Fact_Tiempos_Hitos | Fact_Tracking | Medidas | Parámetro Agrupación SLA | Parámetro Indicadores SLA | Resultado | auditoria,Consumidor dinámico detectado (Python.Execute/Table.Schema)
Fact_Pedidos_Auditoria,AUD_TIENE_FAC_P,NO_BORRAR_SIN_PRUEBA_CONTRATO,BAJA,0,1,,,Bloque_comercial | Dim_Canal | Dim_Condicion_Expedicion | Dim_Fecha | Dim_Mes_Trend | Dim_Pedido | Dim_Responsable | Fact_Hitos_Operacionales | Fact_Pedidos | Fact_Tiempos_Hitos | Fact_Tracking | Medidas | Parámetro Agrupación SLA | Parámetro Indicadores SLA | Resultado | auditoria,Consumidor dinámico detectado (Python.Execute/Table.Schema)
Fact_Pedidos_Auditoria,AUD_TIENE_PAC_P,NO_BORRAR_SIN_PRUEBA_CONTRATO,BAJA,0,1,,,Bloque_comercial | Dim_Canal | Dim_Condicion_Expedicion | Dim_Fecha | Dim_Mes_Trend | Dim_Pedido | Dim_Responsable | Fact_Hitos_Operacionales | Fact_Pedidos | Fact_Tiempos_Hitos | Fact_Tracking | Medidas | Parámetro Agrupación SLA | Parámetro Indicadores SLA | Resultado | auditoria,Consumidor dinámico detectado (Python.Execute/Table.Schema)
Fact_Pedidos_Auditoria,AUD_TIENE_PDA,NO_BORRAR_SIN_PRUEBA_CONTRATO,BAJA,0,1,,,Bloque_comercial | Dim_Canal | Dim_Condicion_Expedicion | Dim_Fecha | Dim_Mes_Trend | Dim_Pedido | Dim_Responsable | Fact_Hitos_Operacionales | Fact_Pedidos | Fact_Tiempos_Hitos | Fact_Tracking | Medidas | Parámetro Agrupación SLA | Parámetro Indicadores SLA | Resultado | auditoria,Consumidor dinámico detectado (Python.Execute/Table.Schema)
Fact_Pedidos_Auditoria,AUD_TIENE_PED,NO_BORRAR_SIN_PRUEBA_CONTRATO,BAJA,0,1,,,Bloque_comercial | Dim_Canal | Dim_Condicion_Expedicion | Dim_Fecha | Dim_Mes_Trend | Dim_Pedido | Dim_Responsable | Fact_Hitos_Operacionales | Fact_Pedidos | Fact_Tiempos_Hitos | Fact_Tracking | Medidas | Parámetro Agrupación SLA | Parámetro Indicadores SLA | Resultado | auditoria,Consumidor dinámico detectado (Python.Execute/Table.Schema)
Fact_Pedidos_Auditoria,AUD_TIENE_PIC_P,NO_BORRAR_SIN_PRUEBA_CONTRATO,BAJA,0,1,,,Bloque_comercial | Dim_Canal | Dim_Condicion_Expedicion | Dim_Fecha | Dim_Mes_Trend | Dim_Pedido | Dim_Responsable | Fact_Hitos_Operacionales | Fact_Pedidos | Fact_Tiempos_Hitos | Fact_Tracking | Medidas | Parámetro Agrupación SLA | Parámetro Indicadores SLA | Resultado | auditoria,Consumidor dinámico detectado (Python.Execute/Table.Schema)
Fact_Pedidos_Auditoria,AUD_TIENE_TRP_P,NO_BORRAR_SIN_PRUEBA_CONTRATO,BAJA,0,1,,,Bloque_comercial | Dim_Canal | Dim_Condicion_Expedicion | Dim_Fecha | Dim_Mes_Trend | Dim_Pedido | Dim_Responsable | Fact_Hitos_Operacionales | Fact_Pedidos | Fact_Tiempos_Hitos | Fact_Tracking | Medidas | Parámetro Agrupación SLA | Parámetro Indicadores SLA | Resultado | auditoria,Consumidor dinámico detectado (Python.Execute/Table.Schema)
Fact_Pedidos_Auditoria,AUD_TIENE_TSTTO_P,NO_BORRAR_SIN_PRUEBA_CONTRATO,BAJA,0,1,,,Bloque_comercial | Dim_Canal | Dim_Condicion_Expedicion | Dim_Fecha | Dim_Mes_Trend | Dim_Pedido | Dim_Responsable | Fact_Hitos_Operacionales | Fact_Pedidos | Fact_Tiempos_Hitos | Fact_Tracking | Medidas | Parámetro Agrupación SLA | Parámetro Indicadores SLA | Resultado | auditoria,Consumidor dinámico detectado (Python.Execute/Table.Schema)
Fact_Pedidos_Auditoria,AUD_TOTAL_ADVERTENCIAS,CONSERVAR_REFERENCIADA,ALTA,1,1,Fact_Pedidos,M_OR_PYTHON_STRING,Bloque_comercial | Dim_Canal | Dim_Condicion_Expedicion | Dim_Fecha | Dim_Mes_Trend | Dim_Pedido | Dim_Responsable | Fact_Hitos_Operacionales | Fact_Pedidos | Fact_Tiempos_Hitos | Fact_Tracking | Medidas | Parámetro Agrupación SLA | Parámetro Indicadores SLA | Resultado | auditoria,
Fact_Pedidos_Auditoria,AUD_TOTAL_CRITICAS,CONSERVAR_REFERENCIADA,ALTA,2,1,Fact_Pedidos | Resultado,M_OR_PYTHON_STRING,Bloque_comercial | Dim_Canal | Dim_Condicion_Expedicion | Dim_Fecha | Dim_Mes_Trend | Dim_Pedido | Dim_Responsable | Fact_Hitos_Operacionales | Fact_Pedidos | Fact_Tiempos_Hitos | Fact_Tracking | Medidas | Parámetro Agrupación SLA | Parámetro Indicadores SLA | Resultado | auditoria,
Fact_Pedidos_Auditoria,AUD_TOTAL_INCONGRUENCIAS,CONSERVAR_REFERENCIADA,ALTA,1,1,Fact_Pedidos,M_OR_PYTHON_STRING,Bloque_comercial | Dim_Canal | Dim_Condicion_Expedicion | Dim_Fecha | Dim_Mes_Trend | Dim_Pedido | Dim_Responsable | Fact_Hitos_Operacionales | Fact_Pedidos | Fact_Tiempos_Hitos | Fact_Tracking | Medidas | Parámetro Agrupación SLA | Parámetro Indicadores SLA | Resultado | auditoria,
Fact_Pedidos_Auditoria,CED_CANTIDAD_COPIAS,NO_BORRAR_SIN_PRUEBA_CONTRATO,BAJA,0,1,,,Bloque_comercial | Dim_Canal | Dim_Condicion_Expedicion | Dim_Fecha | Dim_Mes_Trend | Dim_Pedido | Dim_Responsable | Fact_Hitos_Operacionales | Fact_Pedidos | Fact_Tiempos_Hitos | Fact_Tracking | Medidas | Parámetro Agrupación SLA | Parámetro Indicadores SLA | Resultado | auditoria,Consumidor dinámico detectado (Python.Execute/Table.Schema)
Fact_Pedidos_Auditoria,CED_P_FECHA_HORA,NO_BORRAR_SIN_PRUEBA_CONTRATO,BAJA,0,1,,,Bloque_comercial | Dim_Canal | Dim_Condicion_Expedicion | Dim_Fecha | Dim_Mes_Trend | Dim_Pedido | Dim_Responsable | Fact_Hitos_Operacionales | Fact_Pedidos | Fact_Tiempos_Hitos | Fact_Tracking | Medidas | Parámetro Agrupación SLA | Parámetro Indicadores SLA | Resultado | auditoria,Consumidor dinámico detectado (Python.Execute/Table.Schema)
Fact_Pedidos_Auditoria,CED_U_FECHA_HORA,NO_BORRAR_SIN_PRUEBA_CONTRATO,BAJA,0,1,,,Bloque_comercial | Dim_Canal | Dim_Condicion_Expedicion | Dim_Fecha | Dim_Mes_Trend | Dim_Pedido | Dim_Responsable | Fact_Hitos_Operacionales | Fact_Pedidos | Fact_Tiempos_Hitos | Fact_Tracking | Medidas | Parámetro Agrupación SLA | Parámetro Indicadores SLA | Resultado | auditoria,Consumidor dinámico detectado (Python.Execute/Table.Schema)
Fact_Pedidos_Auditoria,COM_P_FECHA_HORA,CONSERVAR_REFERENCIADA,ALTA,1,1,Fact_Hitos_Operacionales,M_BRACKET+M_OR_PYTHON_STRING,Bloque_comercial | Dim_Canal | Dim_Condicion_Expedicion | Dim_Fecha | Dim_Mes_Trend | Dim_Pedido | Dim_Responsable | Fact_Hitos_Operacionales | Fact_Pedidos | Fact_Tiempos_Hitos | Fact_Tracking | Medidas | Parámetro Agrupación SLA | Parámetro Indicadores SLA | Resultado | auditoria,
Fact_Pedidos_Auditoria,COM_U_FECHA_HORA,CONSERVAR_REFERENCIADA,ALTA,1,1,Fact_Hitos_Operacionales,M_BRACKET+M_OR_PYTHON_STRING,Bloque_comercial | Dim_Canal | Dim_Condicion_Expedicion | Dim_Fecha | Dim_Mes_Trend | Dim_Pedido | Dim_Responsable | Fact_Hitos_Operacionales | Fact_Pedidos | Fact_Tiempos_Hitos | Fact_Tracking | Medidas | Parámetro Agrupación SLA | Parámetro Indicadores SLA | Resultado | auditoria,
Fact_Pedidos_Auditoria,CRD_P_FECHA_HORA,CONSERVAR_REFERENCIADA,ALTA,3,1,Fact_Hitos_Operacionales | Fact_Pedidos | Fact_Tracking,M_BRACKET+M_OR_PYTHON_STRING | M_OR_PYTHON_STRING,Bloque_comercial | Dim_Canal | Dim_Condicion_Expedicion | Dim_Fecha | Dim_Mes_Trend | Dim_Pedido | Dim_Responsable | Fact_Hitos_Operacionales | Fact_Pedidos | Fact_Tiempos_Hitos | Fact_Tracking | Medidas | Parámetro Agrupación SLA | Parámetro Indicadores SLA | Resultado | auditoria,
Fact_Pedidos_Auditoria,DH_BRECHA_PRIMER_ULTIMO_DESPACHO,CONSERVAR_REFERENCIADA,ALTA,1,1,Fact_Tiempos_Hitos,M_BRACKET+M_OR_PYTHON_STRING,Bloque_comercial | Dim_Canal | Dim_Condicion_Expedicion | Dim_Fecha | Dim_Mes_Trend | Dim_Pedido | Dim_Responsable | Fact_Hitos_Operacionales | Fact_Pedidos | Fact_Tiempos_Hitos | Fact_Tracking | Medidas | Parámetro Agrupación SLA | Parámetro Indicadores SLA | Resultado | auditoria,
Fact_Pedidos_Auditoria,DH_COMERCIAL_PDA_SAC,CONSERVAR_REFERENCIADA,ALTA,1,1,Fact_Tiempos_Hitos,M_BRACKET+M_OR_PYTHON_STRING,Bloque_comercial | Dim_Canal | Dim_Condicion_Expedicion | Dim_Fecha | Dim_Mes_Trend | Dim_Pedido | Dim_Responsable | Fact_Hitos_Operacionales | Fact_Pedidos | Fact_Tiempos_Hitos | Fact_Tracking | Medidas | Parámetro Agrupación SLA | Parámetro Indicadores SLA | Resultado | auditoria,
Fact_Pedidos_Auditoria,DH_CREACION_A_CEDIBLE,CONSERVAR_REFERENCIADA,ALTA,1,1,Fact_Tiempos_Hitos,M_BRACKET+M_OR_PYTHON_STRING,Bloque_comercial | Dim_Canal | Dim_Condicion_Expedicion | Dim_Fecha | Dim_Mes_Trend | Dim_Pedido | Dim_Responsable | Fact_Hitos_Operacionales | Fact_Pedidos | Fact_Tiempos_Hitos | Fact_Tracking | Medidas | Parámetro Agrupación SLA | Parámetro Indicadores SLA | Resultado | auditoria,
Fact_Pedidos_Auditoria,DH_CREDITO_A_PRIMERA_ENTREGA,CONSERVAR_REFERENCIADA,ALTA,3,1,Fact_Pedidos | Fact_Tiempos_Hitos | Resultado,M_BRACKET+M_OR_PYTHON_STRING | M_OR_PYTHON_STRING,Bloque_comercial | Dim_Canal | Dim_Condicion_Expedicion | Dim_Fecha | Dim_Mes_Trend | Dim_Pedido | Dim_Responsable | Fact_Hitos_Operacionales | Fact_Pedidos | Fact_Tiempos_Hitos | Fact_Tracking | Medidas | Parámetro Agrupación SLA | Parámetro Indicadores SLA | Resultado | auditoria,
Fact_Pedidos_Auditoria,DH_CREDITO_COBRANZAS,CONSERVAR_REFERENCIADA,ALTA,3,1,Fact_Pedidos | Fact_Tiempos_Hitos | Resultado,M_BRACKET+M_OR_PYTHON_STRING | M_OR_PYTHON_STRING,Bloque_comercial | Dim_Canal | Dim_Condicion_Expedicion | Dim_Fecha | Dim_Mes_Trend | Dim_Pedido | Dim_Responsable | Fact_Hitos_Operacionales | Fact_Pedidos | Fact_Tiempos_Hitos | Fact_Tracking | Medidas | Parámetro Agrupación SLA | Parámetro Indicadores SLA | Resultado | auditoria,
Fact_Pedidos_Auditoria,DH_DESPACHO,CONSERVAR_REFERENCIADA,ALTA,3,1,Fact_Pedidos | Fact_Tiempos_Hitos | Resultado,M_BRACKET+M_OR_PYTHON_STRING | M_OR_PYTHON_STRING,Bloque_comercial | Dim_Canal | Dim_Condicion_Expedicion | Dim_Fecha | Dim_Mes_Trend | Dim_Pedido | Dim_Responsable | Fact_Hitos_Operacionales | Fact_Pedidos | Fact_Tiempos_Hitos | Fact_Tracking | Medidas | Parámetro Agrupación SLA | Parámetro Indicadores SLA | Resultado | auditoria,
Fact_Pedidos_Auditoria,DH_DESPACHO_A_CEDIBLE,CONSERVAR_REFERENCIADA,ALTA,1,1,Fact_Tiempos_Hitos,M_BRACKET+M_OR_PYTHON_STRING,Bloque_comercial | Dim_Canal | Dim_Condicion_Expedicion | Dim_Fecha | Dim_Mes_Trend | Dim_Pedido | Dim_Responsable | Fact_Hitos_Operacionales | Fact_Pedidos | Fact_Tiempos_Hitos | Fact_Tracking | Medidas | Parámetro Agrupación SLA | Parámetro Indicadores SLA | Resultado | auditoria,
Fact_Pedidos_Auditoria,DH_ENTREGA_COMPLETA_100,CONSERVAR_REFERENCIADA,ALTA,2,1,Fact_Tiempos_Hitos | Resultado,M_BRACKET+M_OR_PYTHON_STRING | M_OR_PYTHON_STRING,Bloque_comercial | Dim_Canal | Dim_Condicion_Expedicion | Dim_Fecha | Dim_Mes_Trend | Dim_Pedido | Dim_Responsable | Fact_Hitos_Operacionales | Fact_Pedidos | Fact_Tiempos_Hitos | Fact_Tracking | Medidas | Parámetro Agrupación SLA | Parámetro Indicadores SLA | Resultado | auditoria,
Fact_Pedidos_Auditoria,DH_ENT_PRIMERA_ULTIMA,CONSERVAR_REFERENCIADA,ALTA,1,1,Fact_Tiempos_Hitos,M_BRACKET+M_OR_PYTHON_STRING,Bloque_comercial | Dim_Canal | Dim_Condicion_Expedicion | Dim_Fecha | Dim_Mes_Trend | Dim_Pedido | Dim_Responsable | Fact_Hitos_Operacionales | Fact_Pedidos | Fact_Tiempos_Hitos | Fact_Tracking | Medidas | Parámetro Agrupación SLA | Parámetro Indicadores SLA | Resultado | auditoria,
Fact_Pedidos_Auditoria,DH_FAC_PRIMERA_ULTIMA,CONSERVAR_REFERENCIADA,ALTA,1,1,Fact_Tiempos_Hitos,M_BRACKET+M_OR_PYTHON_STRING,Bloque_comercial | Dim_Canal | Dim_Condicion_Expedicion | Dim_Fecha | Dim_Mes_Trend | Dim_Pedido | Dim_Responsable | Fact_Hitos_Operacionales | Fact_Pedidos | Fact_Tiempos_Hitos | Fact_Tracking | Medidas | Parámetro Agrupación SLA | Parámetro Indicadores SLA | Resultado | auditoria,
Fact_Pedidos_Auditoria,DH_FES_BRECHA_PRIMER_ULTIMO_MANIFIESTO,CONSERVAR_REFERENCIADA,ALTA,1,1,Fact_Tiempos_Hitos,M_BRACKET+M_OR_PYTHON_STRING,Bloque_comercial | Dim_Canal | Dim_Condicion_Expedicion | Dim_Fecha | Dim_Mes_Trend | Dim_Pedido | Dim_Responsable | Fact_Hitos_Operacionales | Fact_Pedidos | Fact_Tiempos_Hitos | Fact_Tracking | Medidas | Parámetro Agrupación SLA | Parámetro Indicadores SLA | Resultado | auditoria,
Fact_Pedidos_Auditoria,DH_FES_CREDITO_A_PRIMER_DESPACHO,CONSERVAR_REFERENCIADA,ALTA,1,1,Fact_Tiempos_Hitos,M_BRACKET+M_OR_PYTHON_STRING,Bloque_comercial | Dim_Canal | Dim_Condicion_Expedicion | Dim_Fecha | Dim_Mes_Trend | Dim_Pedido | Dim_Responsable | Fact_Hitos_Operacionales | Fact_Pedidos | Fact_Tiempos_Hitos | Fact_Tracking | Medidas | Parámetro Agrupación SLA | Parámetro Indicadores SLA | Resultado | auditoria,
Fact_Pedidos_Auditoria,DH_FES_FACTURA_A_PRIMER_DESPACHO,CONSERVAR_REFERENCIADA,ALTA,1,1,Fact_Tiempos_Hitos,M_BRACKET+M_OR_PYTHON_STRING,Bloque_comercial | Dim_Canal | Dim_Condicion_Expedicion | Dim_Fecha | Dim_Mes_Trend | Dim_Pedido | Dim_Responsable | Fact_Hitos_Operacionales | Fact_Pedidos | Fact_Tiempos_Hitos | Fact_Tracking | Medidas | Parámetro Agrupación SLA | Parámetro Indicadores SLA | Resultado | auditoria,
Fact_Pedidos_Auditoria,DH_FES_FACTURA_A_PRIMER_MANIFIESTO,CONSERVAR_REFERENCIADA,ALTA,1,1,Fact_Tiempos_Hitos,M_BRACKET+M_OR_PYTHON_STRING,Bloque_comercial | Dim_Canal | Dim_Condicion_Expedicion | Dim_Fecha | Dim_Mes_Trend | Dim_Pedido | Dim_Responsable | Fact_Hitos_Operacionales | Fact_Pedidos | Fact_Tiempos_Hitos | Fact_Tracking | Medidas | Parámetro Agrupación SLA | Parámetro Indicadores SLA | Resultado | auditoria,
Fact_Pedidos_Auditoria,DH_FES_FACTURA_A_PRIMER_PEDIDO_POSTERIOR,CONSERVAR_REFERENCIADA,ALTA,1,1,Fact_Tiempos_Hitos,M_BRACKET+M_OR_PYTHON_STRING,Bloque_comercial | Dim_Canal | Dim_Condicion_Expedicion | Dim_Fecha | Dim_Mes_Trend | Dim_Pedido | Dim_Responsable | Fact_Hitos_Operacionales | Fact_Pedidos | Fact_Tiempos_Hitos | Fact_Tracking | Medidas | Parámetro Agrupación SLA | Parámetro Indicadores SLA | Resultado | auditoria,
Fact_Pedidos_Auditoria,DH_FES_FACTURA_A_ULTIMO_MANIFIESTO,CONSERVAR_REFERENCIADA,ALTA,1,1,Fact_Tiempos_Hitos,M_BRACKET+M_OR_PYTHON_STRING,Bloque_comercial | Dim_Canal | Dim_Condicion_Expedicion | Dim_Fecha | Dim_Mes_Trend | Dim_Pedido | Dim_Responsable | Fact_Hitos_Operacionales | Fact_Pedidos | Fact_Tiempos_Hitos | Fact_Tracking | Medidas | Parámetro Agrupación SLA | Parámetro Indicadores SLA | Resultado | auditoria,
Fact_Pedidos_Auditoria,DH_FES_PRIMERA_ENTREGA_A_PRIMER_MANIFIESTO,CONSERVAR_REFERENCIADA,ALTA,1,1,Fact_Tiempos_Hitos,M_BRACKET+M_OR_PYTHON_STRING,Bloque_comercial | Dim_Canal | Dim_Condicion_Expedicion | Dim_Fecha | Dim_Mes_Trend | Dim_Pedido | Dim_Responsable | Fact_Hitos_Operacionales | Fact_Pedidos | Fact_Tiempos_Hitos | Fact_Tracking | Medidas | Parámetro Agrupación SLA | Parámetro Indicadores SLA | Resultado | auditoria,
Fact_Pedidos_Auditoria,DH_FES_PRIMER_PEDIDO_A_PRIMERA_ENTREGA_POSTERIOR,CONSERVAR_REFERENCIADA,ALTA,1,1,Fact_Tiempos_Hitos,M_BRACKET+M_OR_PYTHON_STRING,Bloque_comercial | Dim_Canal | Dim_Condicion_Expedicion | Dim_Fecha | Dim_Mes_Trend | Dim_Pedido | Dim_Responsable | Fact_Hitos_Operacionales | Fact_Pedidos | Fact_Tiempos_Hitos | Fact_Tracking | Medidas | Parámetro Agrupación SLA | Parámetro Indicadores SLA | Resultado | auditoria,
Fact_Pedidos_Auditoria,DH_LEAD_NORMAL,CONSERVAR_REFERENCIADA,ALTA,2,1,Fact_Pedidos | Fact_Tiempos_Hitos,M_BRACKET+M_OR_PYTHON_STRING,Bloque_comercial | Dim_Canal | Dim_Condicion_Expedicion | Dim_Fecha | Dim_Mes_Trend | Dim_Pedido | Dim_Responsable | Fact_Hitos_Operacionales | Fact_Pedidos | Fact_Tiempos_Hitos | Fact_Tracking | Medidas | Parámetro Agrupación SLA | Parámetro Indicadores SLA | Resultado | auditoria,
Fact_Pedidos_Auditoria,DH_OPERACION_INTERNA,CONSERVAR_REFERENCIADA,ALTA,3,1,Fact_Pedidos | Fact_Tiempos_Hitos | Resultado,M_BRACKET+M_OR_PYTHON_STRING | M_OR_PYTHON_STRING,Bloque_comercial | Dim_Canal | Dim_Condicion_Expedicion | Dim_Fecha | Dim_Mes_Trend | Dim_Pedido | Dim_Responsable | Fact_Hitos_Operacionales | Fact_Pedidos | Fact_Tiempos_Hitos | Fact_Tracking | Medidas | Parámetro Agrupación SLA | Parámetro Indicadores SLA | Resultado | auditoria,
Fact_Pedidos_Auditoria,DH_PAC_PRIMERO_ULTIMO,CONSERVAR_REFERENCIADA,ALTA,1,1,Fact_Tiempos_Hitos,M_BRACKET+M_OR_PYTHON_STRING,Bloque_comercial | Dim_Canal | Dim_Condicion_Expedicion | Dim_Fecha | Dim_Mes_Trend | Dim_Pedido | Dim_Responsable | Fact_Hitos_Operacionales | Fact_Pedidos | Fact_Tiempos_Hitos | Fact_Tracking | Medidas | Parámetro Agrupación SLA | Parámetro Indicadores SLA | Resultado | auditoria,
Fact_Pedidos_Auditoria,DH_PIC_PRIMERO_ULTIMO,CONSERVAR_REFERENCIADA,ALTA,1,1,Fact_Tiempos_Hitos,M_BRACKET+M_OR_PYTHON_STRING,Bloque_comercial | Dim_Canal | Dim_Condicion_Expedicion | Dim_Fecha | Dim_Mes_Trend | Dim_Pedido | Dim_Responsable | Fact_Hitos_Operacionales | Fact_Pedidos | Fact_Tiempos_Hitos | Fact_Tracking | Medidas | Parámetro Agrupación SLA | Parámetro Indicadores SLA | Resultado | auditoria,
Fact_Pedidos_Auditoria,DH_PRIMERA_ENTREGA_A_PRIMER_PICKING,CONSERVAR_REFERENCIADA,ALTA,3,1,Fact_Pedidos | Fact_Tiempos_Hitos | Resultado,M_BRACKET+M_OR_PYTHON_STRING | M_OR_PYTHON_STRING,Bloque_comercial | Dim_Canal | Dim_Condicion_Expedicion | Dim_Fecha | Dim_Mes_Trend | Dim_Pedido | Dim_Responsable | Fact_Hitos_Operacionales | Fact_Pedidos | Fact_Tiempos_Hitos | Fact_Tracking | Medidas | Parámetro Agrupación SLA | Parámetro Indicadores SLA | Resultado | auditoria,
Fact_Pedidos_Auditoria,DH_PRIMERA_FACTURA_A_ULTIMO_DESPACHO,CONSERVAR_REFERENCIADA,ALTA,1,1,Fact_Tiempos_Hitos,M_BRACKET+M_OR_PYTHON_STRING,Bloque_comercial | Dim_Canal | Dim_Condicion_Expedicion | Dim_Fecha | Dim_Mes_Trend | Dim_Pedido | Dim_Responsable | Fact_Hitos_Operacionales | Fact_Pedidos | Fact_Tiempos_Hitos | Fact_Tracking | Medidas | Parámetro Agrupación SLA | Parámetro Indicadores SLA | Resultado | auditoria,
Fact_Pedidos_Auditoria,DH_PRIMER_PACKING_A_PRIMERA_FACTURA,CONSERVAR_REFERENCIADA,ALTA,2,1,Fact_Tiempos_Hitos | Resultado,M_BRACKET+M_OR_PYTHON_STRING | M_OR_PYTHON_STRING,Bloque_comercial | Dim_Canal | Dim_Condicion_Expedicion | Dim_Fecha | Dim_Mes_Trend | Dim_Pedido | Dim_Responsable | Fact_Hitos_Operacionales | Fact_Pedidos | Fact_Tiempos_Hitos | Fact_Tracking | Medidas | Parámetro Agrupación SLA | Parámetro Indicadores SLA | Resultado | auditoria,
Fact_Pedidos_Auditoria,DH_PRIMER_PICKING_A_PRIMERA_FACTURA,CONSERVAR_REFERENCIADA,ALTA,3,1,Fact_Pedidos | Fact_Tiempos_Hitos | Resultado,M_BRACKET+M_OR_PYTHON_STRING | M_OR_PYTHON_STRING,Bloque_comercial | Dim_Canal | Dim_Condicion_Expedicion | Dim_Fecha | Dim_Mes_Trend | Dim_Pedido | Dim_Responsable | Fact_Hitos_Operacionales | Fact_Pedidos | Fact_Tiempos_Hitos | Fact_Tracking | Medidas | Parámetro Agrupación SLA | Parámetro Indicadores SLA | Resultado | auditoria,
Fact_Pedidos_Auditoria,DH_PRIMER_PICKING_A_PRIMER_PACKING,CONSERVAR_REFERENCIADA,ALTA,1,1,Fact_Tiempos_Hitos,M_BRACKET+M_OR_PYTHON_STRING,Bloque_comercial | Dim_Canal | Dim_Condicion_Expedicion | Dim_Fecha | Dim_Mes_Trend | Dim_Pedido | Dim_Responsable | Fact_Hitos_Operacionales | Fact_Pedidos | Fact_Tiempos_Hitos | Fact_Tracking | Medidas | Parámetro Agrupación SLA | Parámetro Indicadores SLA | Resultado | auditoria,
Fact_Pedidos_Auditoria,DIAS_EQ_COMERCIAL_9_5H,NO_BORRAR_SIN_PRUEBA_CONTRATO,BAJA,0,1,,,Bloque_comercial | Dim_Canal | Dim_Condicion_Expedicion | Dim_Fecha | Dim_Mes_Trend | Dim_Pedido | Dim_Responsable | Fact_Hitos_Operacionales | Fact_Pedidos | Fact_Tiempos_Hitos | Fact_Tracking | Medidas | Parámetro Agrupación SLA | Parámetro Indicadores SLA | Resultado | auditoria,Consumidor dinámico detectado (Python.Execute/Table.Schema)
Fact_Pedidos_Auditoria,DIA_MES_CREACION,CONSERVAR_REFERENCIADA,ALTA,1,1,Fact_Pedidos,M_OR_PYTHON_STRING,Bloque_comercial | Dim_Canal | Dim_Condicion_Expedicion | Dim_Fecha | Dim_Mes_Trend | Dim_Pedido | Dim_Responsable | Fact_Hitos_Operacionales | Fact_Pedidos | Fact_Tiempos_Hitos | Fact_Tracking | Medidas | Parámetro Agrupación SLA | Parámetro Indicadores SLA | Resultado | auditoria,
Fact_Pedidos_Auditoria,ENT_P_FECHA_HORA,CONSERVAR_REFERENCIADA,ALTA,3,1,Fact_Hitos_Operacionales | Fact_Pedidos | Fact_Tracking,M_BRACKET+M_OR_PYTHON_STRING | M_OR_PYTHON_STRING,Bloque_comercial | Dim_Canal | Dim_Condicion_Expedicion | Dim_Fecha | Dim_Mes_Trend | Dim_Pedido | Dim_Responsable | Fact_Hitos_Operacionales | Fact_Pedidos | Fact_Tiempos_Hitos | Fact_Tracking | Medidas | Parámetro Agrupación SLA | Parámetro Indicadores SLA | Resultado | auditoria,
Fact_Pedidos_Auditoria,ENT_U_FECHA_HORA,CONSERVAR_REFERENCIADA,ALTA,1,1,Fact_Hitos_Operacionales,M_BRACKET+M_OR_PYTHON_STRING,Bloque_comercial | Dim_Canal | Dim_Condicion_Expedicion | Dim_Fecha | Dim_Mes_Trend | Dim_Pedido | Dim_Responsable | Fact_Hitos_Operacionales | Fact_Pedidos | Fact_Tiempos_Hitos | Fact_Tracking | Medidas | Parámetro Agrupación SLA | Parámetro Indicadores SLA | Resultado | auditoria,
Fact_Pedidos_Auditoria,ESTADO_SLA_NORMAL,CONSERVAR_REFERENCIADA,ALTA,1,1,Fact_Pedidos,M_OR_PYTHON_STRING,Bloque_comercial | Dim_Canal | Dim_Condicion_Expedicion | Dim_Fecha | Dim_Mes_Trend | Dim_Pedido | Dim_Responsable | Fact_Hitos_Operacionales | Fact_Pedidos | Fact_Tiempos_Hitos | Fact_Tracking | Medidas | Parámetro Agrupación SLA | Parámetro Indicadores SLA | Resultado | auditoria,
Fact_Pedidos_Auditoria,ES_FES,CONSERVAR_REFERENCIADA,ALTA,6,1,Fact_Hitos_Operacionales | Fact_Pedidos | Fact_Tiempos_Hitos | Fact_Tracking | Medidas | Resultado,DAX_OR_M_EXPLICIT | M_BRACKET+M_OR_PYTHON_STRING | M_OR_PYTHON_STRING,Bloque_comercial | Dim_Canal | Dim_Condicion_Expedicion | Dim_Fecha | Dim_Mes_Trend | Dim_Pedido | Dim_Responsable | Fact_Hitos_Operacionales | Fact_Pedidos | Fact_Tiempos_Hitos | Fact_Tracking | Medidas | Parámetro Agrupación SLA | Parámetro Indicadores SLA | Resultado | auditoria,
Fact_Pedidos_Auditoria,ES_SALDO,CONSERVAR_REFERENCIADA,ALTA,5,1,Fact_Hitos_Operacionales | Fact_Pedidos | Fact_Tiempos_Hitos | Fact_Tracking | Resultado,M_BRACKET+M_OR_PYTHON_STRING | M_OR_PYTHON_STRING,Bloque_comercial | Dim_Canal | Dim_Condicion_Expedicion | Dim_Fecha | Dim_Mes_Trend | Dim_Pedido | Dim_Responsable | Fact_Hitos_Operacionales | Fact_Pedidos | Fact_Tiempos_Hitos | Fact_Tracking | Medidas | Parámetro Agrupación SLA | Parámetro Indicadores SLA | Resultado | auditoria,
Fact_Pedidos_Auditoria,ES_ULTIMOS_7_DIAS_HABILES_MES,CONSERVAR_REFERENCIADA,ALTA,2,1,Fact_Pedidos | Resultado,M_OR_PYTHON_STRING,Bloque_comercial | Dim_Canal | Dim_Condicion_Expedicion | Dim_Fecha | Dim_Mes_Trend | Dim_Pedido | Dim_Responsable | Fact_Hitos_Operacionales | Fact_Pedidos | Fact_Tiempos_Hitos | Fact_Tracking | Medidas | Parámetro Agrupación SLA | Parámetro Indicadores SLA | Resultado | auditoria,
Fact_Pedidos_Auditoria,FAC_FECHA_OPERATIVA_AJUSTADA,NO_BORRAR_SIN_PRUEBA_CONTRATO,BAJA,0,1,,,Bloque_comercial | Dim_Canal | Dim_Condicion_Expedicion | Dim_Fecha | Dim_Mes_Trend | Dim_Pedido | Dim_Responsable | Fact_Hitos_Operacionales | Fact_Pedidos | Fact_Tiempos_Hitos | Fact_Tracking | Medidas | Parámetro Agrupación SLA | Parámetro Indicadores SLA | Resultado | auditoria,Consumidor dinámico detectado (Python.Execute/Table.Schema)
Fact_Pedidos_Auditoria,FAC_P_FECHA_HORA_REAL,CONSERVAR_REFERENCIADA,ALTA,4,1,Fact_Hitos_Operacionales | Fact_Pedidos | Fact_Tracking | Medidas,DAX_OR_M_EXPLICIT | M_BRACKET+M_OR_PYTHON_STRING | M_OR_PYTHON_STRING,Bloque_comercial | Dim_Canal | Dim_Condicion_Expedicion | Dim_Fecha | Dim_Mes_Trend | Dim_Pedido | Dim_Responsable | Fact_Hitos_Operacionales | Fact_Pedidos | Fact_Tiempos_Hitos | Fact_Tracking | Medidas | Parámetro Agrupación SLA | Parámetro Indicadores SLA | Resultado | auditoria,
Fact_Pedidos_Auditoria,FAC_U_FECHA_HORA,CONSERVAR_REFERENCIADA,ALTA,4,1,Fact_Hitos_Operacionales | Fact_Pedidos | Fact_Tracking | Medidas,DAX_OR_M_EXPLICIT | M_BRACKET+M_OR_PYTHON_STRING | M_OR_PYTHON_STRING,Bloque_comercial | Dim_Canal | Dim_Condicion_Expedicion | Dim_Fecha | Dim_Mes_Trend | Dim_Pedido | Dim_Responsable | Fact_Hitos_Operacionales | Fact_Pedidos | Fact_Tiempos_Hitos | Fact_Tracking | Medidas | Parámetro Agrupación SLA | Parámetro Indicadores SLA | Resultado | auditoria,
Fact_Pedidos_Auditoria,FECHA_CARGA_MASTER,NO_BORRAR_SIN_PRUEBA_CONTRATO,BAJA,0,1,,,Bloque_comercial | Dim_Canal | Dim_Condicion_Expedicion | Dim_Fecha | Dim_Mes_Trend | Dim_Pedido | Dim_Responsable | Fact_Hitos_Operacionales | Fact_Pedidos | Fact_Tiempos_Hitos | Fact_Tracking | Medidas | Parámetro Agrupación SLA | Parámetro Indicadores SLA | Resultado | auditoria,Consumidor dinámico detectado (Python.Execute/Table.Schema)
Fact_Pedidos_Auditoria,FES_FECHA_CIERRE_OPERATIVO_100,NO_BORRAR_SIN_PRUEBA_CONTRATO,BAJA,0,1,,,Bloque_comercial | Dim_Canal | Dim_Condicion_Expedicion | Dim_Fecha | Dim_Mes_Trend | Dim_Pedido | Dim_Responsable | Fact_Hitos_Operacionales | Fact_Pedidos | Fact_Tiempos_Hitos | Fact_Tracking | Medidas | Parámetro Agrupación SLA | Parámetro Indicadores SLA | Resultado | auditoria,Consumidor dinámico detectado (Python.Execute/Table.Schema)
Fact_Pedidos_Auditoria,GER_P_FECHA_HORA,NO_BORRAR_SIN_PRUEBA_CONTRATO,BAJA,0,1,,,Bloque_comercial | Dim_Canal | Dim_Condicion_Expedicion | Dim_Fecha | Dim_Mes_Trend | Dim_Pedido | Dim_Responsable | Fact_Hitos_Operacionales | Fact_Pedidos | Fact_Tiempos_Hitos | Fact_Tracking | Medidas | Parámetro Agrupación SLA | Parámetro Indicadores SLA | Resultado | auditoria,Consumidor dinámico detectado (Python.Execute/Table.Schema)
Fact_Pedidos_Auditoria,HRS_COMERCIAL_PDA_SAC,NO_BORRAR_SIN_PRUEBA_CONTRATO,BAJA,0,1,,,Bloque_comercial | Dim_Canal | Dim_Condicion_Expedicion | Dim_Fecha | Dim_Mes_Trend | Dim_Pedido | Dim_Responsable | Fact_Hitos_Operacionales | Fact_Pedidos | Fact_Tiempos_Hitos | Fact_Tracking | Medidas | Parámetro Agrupación SLA | Parámetro Indicadores SLA | Resultado | auditoria,Consumidor dinámico detectado (Python.Execute/Table.Schema)
Fact_Pedidos_Auditoria,INCLUIR_SLA_NORMAL,CONSERVAR_REFERENCIADA,ALTA,2,1,Fact_Pedidos | Fact_Tiempos_Hitos,M_BRACKET+M_OR_PYTHON_STRING,Bloque_comercial | Dim_Canal | Dim_Condicion_Expedicion | Dim_Fecha | Dim_Mes_Trend | Dim_Pedido | Dim_Responsable | Fact_Hitos_Operacionales | Fact_Pedidos | Fact_Tiempos_Hitos | Fact_Tracking | Medidas | Parámetro Agrupación SLA | Parámetro Indicadores SLA | Resultado | auditoria,
Fact_Pedidos_Auditoria,MES_CREACION,CONSERVAR_REFERENCIADA,ALTA,4,1,Fact_Hitos_Operacionales | Fact_Pedidos | Medidas | Resultado,DAX_OR_M_EXPLICIT | M_OR_PYTHON_STRING,Bloque_comercial | Dim_Canal | Dim_Condicion_Expedicion | Dim_Fecha | Dim_Mes_Trend | Dim_Pedido | Dim_Responsable | Fact_Hitos_Operacionales | Fact_Pedidos | Fact_Tiempos_Hitos | Fact_Tracking | Medidas | Parámetro Agrupación SLA | Parámetro Indicadores SLA | Resultado | auditoria,
Fact_Pedidos_Auditoria,OTIF_ESTADO_PEDIDO,CONSERVAR_REFERENCIADA,ALTA,1,1,Fact_Pedidos,M_OR_PYTHON_STRING,Bloque_comercial | Dim_Canal | Dim_Condicion_Expedicion | Dim_Fecha | Dim_Mes_Trend | Dim_Pedido | Dim_Responsable | Fact_Hitos_Operacionales | Fact_Pedidos | Fact_Tiempos_Hitos | Fact_Tracking | Medidas | Parámetro Agrupación SLA | Parámetro Indicadores SLA | Resultado | auditoria,
Fact_Pedidos_Auditoria,PAC_P_FECHA_HORA,CONSERVAR_REFERENCIADA,ALTA,2,1,Fact_Hitos_Operacionales | Fact_Tracking,M_BRACKET+M_OR_PYTHON_STRING | M_OR_PYTHON_STRING,Bloque_comercial | Dim_Canal | Dim_Condicion_Expedicion | Dim_Fecha | Dim_Mes_Trend | Dim_Pedido | Dim_Responsable | Fact_Hitos_Operacionales | Fact_Pedidos | Fact_Tiempos_Hitos | Fact_Tracking | Medidas | Parámetro Agrupación SLA | Parámetro Indicadores SLA | Resultado | auditoria,
Fact_Pedidos_Auditoria,PAC_U_FECHA_HORA,CONSERVAR_REFERENCIADA,ALTA,1,1,Fact_Hitos_Operacionales,M_BRACKET+M_OR_PYTHON_STRING,Bloque_comercial | Dim_Canal | Dim_Condicion_Expedicion | Dim_Fecha | Dim_Mes_Trend | Dim_Pedido | Dim_Responsable | Fact_Hitos_Operacionales | Fact_Pedidos | Fact_Tiempos_Hitos | Fact_Tracking | Medidas | Parámetro Agrupación SLA | Parámetro Indicadores SLA | Resultado | auditoria,
Fact_Pedidos_Auditoria,PARAM_FECHA_DESDE,NO_BORRAR_SIN_PRUEBA_CONTRATO,BAJA,0,1,,,Bloque_comercial | Dim_Canal | Dim_Condicion_Expedicion | Dim_Fecha | Dim_Mes_Trend | Dim_Pedido | Dim_Responsable | Fact_Hitos_Operacionales | Fact_Pedidos | Fact_Tiempos_Hitos | Fact_Tracking | Medidas | Parámetro Agrupación SLA | Parámetro Indicadores SLA | Resultado | auditoria,Consumidor dinámico detectado (Python.Execute/Table.Schema)
Fact_Pedidos_Auditoria,PARAM_FECHA_HASTA,NO_BORRAR_SIN_PRUEBA_CONTRATO,BAJA,0,1,,,Bloque_comercial | Dim_Canal | Dim_Condicion_Expedicion | Dim_Fecha | Dim_Mes_Trend | Dim_Pedido | Dim_Responsable | Fact_Hitos_Operacionales | Fact_Pedidos | Fact_Tiempos_Hitos | Fact_Tracking | Medidas | Parámetro Agrupación SLA | Parámetro Indicadores SLA | Resultado | auditoria,Consumidor dinámico detectado (Python.Execute/Table.Schema)
Fact_Pedidos_Auditoria,PDA_P_FECHA_HORA,CONSERVAR_REFERENCIADA,ALTA,1,1,Fact_Hitos_Operacionales,M_BRACKET+M_OR_PYTHON_STRING,Bloque_comercial | Dim_Canal | Dim_Condicion_Expedicion | Dim_Fecha | Dim_Mes_Trend | Dim_Pedido | Dim_Responsable | Fact_Hitos_Operacionales | Fact_Pedidos | Fact_Tiempos_Hitos | Fact_Tracking | Medidas | Parámetro Agrupación SLA | Parámetro Indicadores SLA | Resultado | auditoria,
Fact_Pedidos_Auditoria,PED_BLOQUEO_ENTREGA,CONSERVAR_REFERENCIADA,ALTA,1,1,Fact_Pedidos,M_OR_PYTHON_STRING,Bloque_comercial | Dim_Canal | Dim_Condicion_Expedicion | Dim_Fecha | Dim_Mes_Trend | Dim_Pedido | Dim_Responsable | Fact_Hitos_Operacionales | Fact_Pedidos | Fact_Tiempos_Hitos | Fact_Tracking | Medidas | Parámetro Agrupación SLA | Parámetro Indicadores SLA | Resultado | auditoria,
Fact_Pedidos_Auditoria,PED_CANAL,CONSERVAR_REFERENCIADA,ALTA,2,1,Fact_Pedidos | Resultado,M_OR_PYTHON_STRING,Bloque_comercial | Dim_Canal | Dim_Condicion_Expedicion | Dim_Fecha | Dim_Mes_Trend | Dim_Pedido | Dim_Responsable | Fact_Hitos_Operacionales | Fact_Pedidos | Fact_Tiempos_Hitos | Fact_Tracking | Medidas | Parámetro Agrupación SLA | Parámetro Indicadores SLA | Resultado | auditoria,
Fact_Pedidos_Auditoria,PED_CANAL_CODIGO,CONSERVAR_REFERENCIADA,ALTA,5,1,Fact_Hitos_Operacionales | Fact_Pedidos | Fact_Tiempos_Hitos | Fact_Tracking | Resultado,M_BRACKET+M_OR_PYTHON_STRING | M_OR_PYTHON_STRING,Bloque_comercial | Dim_Canal | Dim_Condicion_Expedicion | Dim_Fecha | Dim_Mes_Trend | Dim_Pedido | Dim_Responsable | Fact_Hitos_Operacionales | Fact_Pedidos | Fact_Tiempos_Hitos | Fact_Tracking | Medidas | Parámetro Agrupación SLA | Parámetro Indicadores SLA | Resultado | auditoria,
Fact_Pedidos_Auditoria,PED_CENTRO,CONSERVAR_REFERENCIADA,ALTA,1,1,Fact_Pedidos,M_OR_PYTHON_STRING,Bloque_comercial | Dim_Canal | Dim_Condicion_Expedicion | Dim_Fecha | Dim_Mes_Trend | Dim_Pedido | Dim_Responsable | Fact_Hitos_Operacionales | Fact_Pedidos | Fact_Tiempos_Hitos | Fact_Tracking | Medidas | Parámetro Agrupación SLA | Parámetro Indicadores SLA | Resultado | auditoria,
Fact_Pedidos_Auditoria,PED_CIUDAD,CONSERVAR_REFERENCIADA,ALTA,4,1,Fact_Hitos_Operacionales | Fact_Pedidos | Fact_Tracking | Resultado,M_OR_PYTHON_STRING,Bloque_comercial | Dim_Canal | Dim_Condicion_Expedicion | Dim_Fecha | Dim_Mes_Trend | Dim_Pedido | Dim_Responsable | Fact_Hitos_Operacionales | Fact_Pedidos | Fact_Tiempos_Hitos | Fact_Tracking | Medidas | Parámetro Agrupación SLA | Parámetro Indicadores SLA | Resultado | auditoria,
Fact_Pedidos_Auditoria,PED_CODIGO_CLIENTE,CONSERVAR_REFERENCIADA,ALTA,5,1,Fact_Hitos_Operacionales | Fact_Pedidos | Fact_Tiempos_Hitos | Fact_Tracking | Resultado,M_OR_PYTHON_STRING,Bloque_comercial | Dim_Canal | Dim_Condicion_Expedicion | Dim_Fecha | Dim_Mes_Trend | Dim_Pedido | Dim_Responsable | Fact_Hitos_Operacionales | Fact_Pedidos | Fact_Tiempos_Hitos | Fact_Tracking | Medidas | Parámetro Agrupación SLA | Parámetro Indicadores SLA | Resultado | auditoria,
Fact_Pedidos_Auditoria,PED_CONDICION_EXPEDICION,CONSERVAR_REFERENCIADA,ALTA,2,1,Fact_Pedidos | Resultado,M_OR_PYTHON_STRING,Bloque_comercial | Dim_Canal | Dim_Condicion_Expedicion | Dim_Fecha | Dim_Mes_Trend | Dim_Pedido | Dim_Responsable | Fact_Hitos_Operacionales | Fact_Pedidos | Fact_Tiempos_Hitos | Fact_Tracking | Medidas | Parámetro Agrupación SLA | Parámetro Indicadores SLA | Resultado | auditoria,
Fact_Pedidos_Auditoria,PED_CONDICION_EXPEDICION_CODIGO,CONSERVAR_REFERENCIADA,ALTA,5,1,Fact_Hitos_Operacionales | Fact_Pedidos | Fact_Tiempos_Hitos | Fact_Tracking | Resultado,M_OR_PYTHON_STRING,Bloque_comercial | Dim_Canal | Dim_Condicion_Expedicion | Dim_Fecha | Dim_Mes_Trend | Dim_Pedido | Dim_Responsable | Fact_Hitos_Operacionales | Fact_Pedidos | Fact_Tiempos_Hitos | Fact_Tracking | Medidas | Parámetro Agrupación SLA | Parámetro Indicadores SLA | Resultado | auditoria,
Fact_Pedidos_Auditoria,PED_ESTADO_CREDITO,CONSERVAR_REFERENCIADA,ALTA,2,1,Fact_Pedidos | Resultado,M_OR_PYTHON_STRING,Bloque_comercial | Dim_Canal | Dim_Condicion_Expedicion | Dim_Fecha | Dim_Mes_Trend | Dim_Pedido | Dim_Responsable | Fact_Hitos_Operacionales | Fact_Pedidos | Fact_Tiempos_Hitos | Fact_Tracking | Medidas | Parámetro Agrupación SLA | Parámetro Indicadores SLA | Resultado | auditoria,
Fact_Pedidos_Auditoria,PED_FECHA_HORA,CONSERVAR_REFERENCIADA,ALTA,5,1,Fact_Hitos_Operacionales | Fact_Pedidos | Fact_Tiempos_Hitos | Fact_Tracking | Resultado,M_BRACKET+M_OR_PYTHON_STRING | M_OR_PYTHON_STRING,Bloque_comercial | Dim_Canal | Dim_Condicion_Expedicion | Dim_Fecha | Dim_Mes_Trend | Dim_Pedido | Dim_Responsable | Fact_Hitos_Operacionales | Fact_Pedidos | Fact_Tiempos_Hitos | Fact_Tracking | Medidas | Parámetro Agrupación SLA | Parámetro Indicadores SLA | Resultado | auditoria,
Fact_Pedidos_Auditoria,PED_MONEDA,CONSERVAR_REFERENCIADA,ALTA,1,1,Fact_Pedidos,M_OR_PYTHON_STRING,Bloque_comercial | Dim_Canal | Dim_Condicion_Expedicion | Dim_Fecha | Dim_Mes_Trend | Dim_Pedido | Dim_Responsable | Fact_Hitos_Operacionales | Fact_Pedidos | Fact_Tiempos_Hitos | Fact_Tracking | Medidas | Parámetro Agrupación SLA | Parámetro Indicadores SLA | Resultado | auditoria,
Fact_Pedidos_Auditoria,PED_NUMERO_PEDIDO,CONSERVAR_REFERENCIADA,ALTA,6,1,Fact_Hitos_Operacionales | Fact_Pedidos | Fact_Tiempos_Hitos | Fact_Tracking | Medidas | Resultado,DAX_OR_M_EXPLICIT | M_OR_PYTHON_STRING,Bloque_comercial | Dim_Canal | Dim_Condicion_Expedicion | Dim_Fecha | Dim_Mes_Trend | Dim_Pedido | Dim_Responsable | Fact_Hitos_Operacionales | Fact_Pedidos | Fact_Tiempos_Hitos | Fact_Tracking | Medidas | Parámetro Agrupación SLA | Parámetro Indicadores SLA | Resultado | auditoria,
Fact_Pedidos_Auditoria,PED_ORDEN_COMPRA_CLIENTE,CONSERVAR_REFERENCIADA,ALTA,1,1,Fact_Pedidos,M_OR_PYTHON_STRING,Bloque_comercial | Dim_Canal | Dim_Condicion_Expedicion | Dim_Fecha | Dim_Mes_Trend | Dim_Pedido | Dim_Responsable | Fact_Hitos_Operacionales | Fact_Pedidos | Fact_Tiempos_Hitos | Fact_Tracking | Medidas | Parámetro Agrupación SLA | Parámetro Indicadores SLA | Resultado | auditoria,
Fact_Pedidos_Auditoria,PED_REGION,CONSERVAR_REFERENCIADA,ALTA,4,1,Fact_Hitos_Operacionales | Fact_Pedidos | Fact_Tracking | Resultado,M_BRACKET+M_OR_PYTHON_STRING | M_OR_PYTHON_STRING,Bloque_comercial | Dim_Canal | Dim_Condicion_Expedicion | Dim_Fecha | Dim_Mes_Trend | Dim_Pedido | Dim_Responsable | Fact_Hitos_Operacionales | Fact_Pedidos | Fact_Tiempos_Hitos | Fact_Tracking | Medidas | Parámetro Agrupación SLA | Parámetro Indicadores SLA | Resultado | auditoria,
Fact_Pedidos_Auditoria,PED_RESPONSABLE,CONSERVAR_REFERENCIADA,ALTA,5,1,Fact_Hitos_Operacionales | Fact_Pedidos | Fact_Tiempos_Hitos | Fact_Tracking | Resultado,M_OR_PYTHON_STRING,Bloque_comercial | Dim_Canal | Dim_Condicion_Expedicion | Dim_Fecha | Dim_Mes_Trend | Dim_Pedido | Dim_Responsable | Fact_Hitos_Operacionales | Fact_Pedidos | Fact_Tiempos_Hitos | Fact_Tracking | Medidas | Parámetro Agrupación SLA | Parámetro Indicadores SLA | Resultado | auditoria,
Fact_Pedidos_Auditoria,PED_TEXTO_ESTADO,CONSERVAR_REFERENCIADA,ALTA,1,1,Fact_Pedidos,M_OR_PYTHON_STRING,Bloque_comercial | Dim_Canal | Dim_Condicion_Expedicion | Dim_Fecha | Dim_Mes_Trend | Dim_Pedido | Dim_Responsable | Fact_Hitos_Operacionales | Fact_Pedidos | Fact_Tiempos_Hitos | Fact_Tracking | Medidas | Parámetro Agrupación SLA | Parámetro Indicadores SLA | Resultado | auditoria,
Fact_Pedidos_Auditoria,PED_VALOR_NETO,CONSERVAR_REFERENCIADA,ALTA,5,1,Fact_Hitos_Operacionales | Fact_Pedidos | Fact_Tiempos_Hitos | Fact_Tracking | Resultado,M_OR_PYTHON_STRING,Bloque_comercial | Dim_Canal | Dim_Condicion_Expedicion | Dim_Fecha | Dim_Mes_Trend | Dim_Pedido | Dim_Responsable | Fact_Hitos_Operacionales | Fact_Pedidos | Fact_Tiempos_Hitos | Fact_Tracking | Medidas | Parámetro Agrupación SLA | Parámetro Indicadores SLA | Resultado | auditoria,
Fact_Pedidos_Auditoria,PIC_P_FECHA_HORA,CONSERVAR_REFERENCIADA,ALTA,3,1,Fact_Hitos_Operacionales | Fact_Pedidos | Fact_Tracking,M_BRACKET+M_OR_PYTHON_STRING | M_OR_PYTHON_STRING,Bloque_comercial | Dim_Canal | Dim_Condicion_Expedicion | Dim_Fecha | Dim_Mes_Trend | Dim_Pedido | Dim_Responsable | Fact_Hitos_Operacionales | Fact_Pedidos | Fact_Tiempos_Hitos | Fact_Tracking | Medidas | Parámetro Agrupación SLA | Parámetro Indicadores SLA | Resultado | auditoria,
Fact_Pedidos_Auditoria,PIC_U_FECHA_HORA,CONSERVAR_REFERENCIADA,ALTA,1,1,Fact_Hitos_Operacionales,M_BRACKET+M_OR_PYTHON_STRING,Bloque_comercial | Dim_Canal | Dim_Condicion_Expedicion | Dim_Fecha | Dim_Mes_Trend | Dim_Pedido | Dim_Responsable | Fact_Hitos_Operacionales | Fact_Pedidos | Fact_Tiempos_Hitos | Fact_Tracking | Medidas | Parámetro Agrupación SLA | Parámetro Indicadores SLA | Resultado | auditoria,
Fact_Pedidos_Auditoria,PRIMERA_FECHA_ENTREGA_POSTERIOR,CONSERVAR_REFERENCIADA,ALTA,2,1,Fact_Hitos_Operacionales | Fact_Tracking,M_BRACKET+M_OR_PYTHON_STRING | M_OR_PYTHON_STRING,Bloque_comercial | Dim_Canal | Dim_Condicion_Expedicion | Dim_Fecha | Dim_Mes_Trend | Dim_Pedido | Dim_Responsable | Fact_Hitos_Operacionales | Fact_Pedidos | Fact_Tiempos_Hitos | Fact_Tracking | Medidas | Parámetro Agrupación SLA | Parámetro Indicadores SLA | Resultado | auditoria,
Fact_Pedidos_Auditoria,PRIMERA_FECHA_MANIFIESTO,CONSERVAR_REFERENCIADA,ALTA,2,1,Fact_Hitos_Operacionales | Fact_Tracking,M_BRACKET+M_OR_PYTHON_STRING,Bloque_comercial | Dim_Canal | Dim_Condicion_Expedicion | Dim_Fecha | Dim_Mes_Trend | Dim_Pedido | Dim_Responsable | Fact_Hitos_Operacionales | Fact_Pedidos | Fact_Tiempos_Hitos | Fact_Tracking | Medidas | Parámetro Agrupación SLA | Parámetro Indicadores SLA | Resultado | auditoria,
Fact_Pedidos_Auditoria,PRIMERA_FECHA_PEDIDO_POSTERIOR,CONSERVAR_REFERENCIADA,ALTA,2,1,Fact_Hitos_Operacionales | Fact_Tracking,M_BRACKET+M_OR_PYTHON_STRING | M_OR_PYTHON_STRING,Bloque_comercial | Dim_Canal | Dim_Condicion_Expedicion | Dim_Fecha | Dim_Mes_Trend | Dim_Pedido | Dim_Responsable | Fact_Hitos_Operacionales | Fact_Pedidos | Fact_Tiempos_Hitos | Fact_Tracking | Medidas | Parámetro Agrupación SLA | Parámetro Indicadores SLA | Resultado | auditoria,
Fact_Pedidos_Auditoria,PROCESO_DOMINANTE_NORMAL,CONSERVAR_REFERENCIADA,ALTA,1,1,Fact_Pedidos,M_OR_PYTHON_STRING,Bloque_comercial | Dim_Canal | Dim_Condicion_Expedicion | Dim_Fecha | Dim_Mes_Trend | Dim_Pedido | Dim_Responsable | Fact_Hitos_Operacionales | Fact_Pedidos | Fact_Tiempos_Hitos | Fact_Tracking | Medidas | Parámetro Agrupación SLA | Parámetro Indicadores SLA | Resultado | auditoria,
Fact_Pedidos_Auditoria,REGLA_CLASIFICACION_FES,NO_BORRAR_SIN_PRUEBA_CONTRATO,BAJA,0,1,,,Bloque_comercial | Dim_Canal | Dim_Condicion_Expedicion | Dim_Fecha | Dim_Mes_Trend | Dim_Pedido | Dim_Responsable | Fact_Hitos_Operacionales | Fact_Pedidos | Fact_Tiempos_Hitos | Fact_Tracking | Medidas | Parámetro Agrupación SLA | Parámetro Indicadores SLA | Resultado | auditoria,Consumidor dinámico detectado (Python.Execute/Table.Schema)
Fact_Pedidos_Auditoria,REGLA_CLASIFICACION_SALDO,NO_BORRAR_SIN_PRUEBA_CONTRATO,BAJA,0,1,,,Bloque_comercial | Dim_Canal | Dim_Condicion_Expedicion | Dim_Fecha | Dim_Mes_Trend | Dim_Pedido | Dim_Responsable | Fact_Hitos_Operacionales | Fact_Pedidos | Fact_Tiempos_Hitos | Fact_Tracking | Medidas | Parámetro Agrupación SLA | Parámetro Indicadores SLA | Resultado | auditoria,Consumidor dinámico detectado (Python.Execute/Table.Schema)
Fact_Pedidos_Auditoria,SEGMENTO_ANALISIS,CONSERVAR_REFERENCIADA,ALTA,3,1,Fact_Pedidos | Fact_Tiempos_Hitos | Resultado,M_OR_PYTHON_STRING,Bloque_comercial | Dim_Canal | Dim_Condicion_Expedicion | Dim_Fecha | Dim_Mes_Trend | Dim_Pedido | Dim_Responsable | Fact_Hitos_Operacionales | Fact_Pedidos | Fact_Tiempos_Hitos | Fact_Tracking | Medidas | Parámetro Agrupación SLA | Parámetro Indicadores SLA | Resultado | auditoria,
Fact_Pedidos_Auditoria,SERV_TIPO_SERVICIO,CONSERVAR_REFERENCIADA,ALTA,2,1,Fact_Pedidos | Resultado,M_OR_PYTHON_STRING,Bloque_comercial | Dim_Canal | Dim_Condicion_Expedicion | Dim_Fecha | Dim_Mes_Trend | Dim_Pedido | Dim_Responsable | Fact_Hitos_Operacionales | Fact_Pedidos | Fact_Tiempos_Hitos | Fact_Tracking | Medidas | Parámetro Agrupación SLA | Parámetro Indicadores SLA | Resultado | auditoria,
Fact_Pedidos_Auditoria,SERV_TIPO_SERVICIO_PLANIFICADO,CONSERVAR_REFERENCIADA,ALTA,2,1,Fact_Pedidos | Resultado,M_OR_PYTHON_STRING,Bloque_comercial | Dim_Canal | Dim_Condicion_Expedicion | Dim_Fecha | Dim_Mes_Trend | Dim_Pedido | Dim_Responsable | Fact_Hitos_Operacionales | Fact_Pedidos | Fact_Tiempos_Hitos | Fact_Tracking | Medidas | Parámetro Agrupación SLA | Parámetro Indicadores SLA | Resultado | auditoria,
Fact_Pedidos_Auditoria,TRAMO_MES_CALENDARIO,CONSERVAR_REFERENCIADA,ALTA,1,1,Fact_Pedidos,M_OR_PYTHON_STRING,Bloque_comercial | Dim_Canal | Dim_Condicion_Expedicion | Dim_Fecha | Dim_Mes_Trend | Dim_Pedido | Dim_Responsable | Fact_Hitos_Operacionales | Fact_Pedidos | Fact_Tiempos_Hitos | Fact_Tracking | Medidas | Parámetro Agrupación SLA | Parámetro Indicadores SLA | Resultado | auditoria,
Fact_Pedidos_Auditoria,TRP_P_FECHA_HORA,CONSERVAR_REFERENCIADA,ALTA,4,1,Fact_Hitos_Operacionales | Fact_Pedidos | Fact_Tracking | Medidas,DAX_OR_M_EXPLICIT | M_BRACKET+M_OR_PYTHON_STRING | M_OR_PYTHON_STRING,Bloque_comercial | Dim_Canal | Dim_Condicion_Expedicion | Dim_Fecha | Dim_Mes_Trend | Dim_Pedido | Dim_Responsable | Fact_Hitos_Operacionales | Fact_Pedidos | Fact_Tiempos_Hitos | Fact_Tracking | Medidas | Parámetro Agrupación SLA | Parámetro Indicadores SLA | Resultado | auditoria,
Fact_Pedidos_Auditoria,TRP_U_FECHA_HORA,CONSERVAR_REFERENCIADA,ALTA,4,1,Fact_Hitos_Operacionales | Fact_Pedidos | Fact_Tracking | Medidas,DAX_OR_M_EXPLICIT | M_BRACKET+M_OR_PYTHON_STRING | M_OR_PYTHON_STRING,Bloque_comercial | Dim_Canal | Dim_Condicion_Expedicion | Dim_Fecha | Dim_Mes_Trend | Dim_Pedido | Dim_Responsable | Fact_Hitos_Operacionales | Fact_Pedidos | Fact_Tiempos_Hitos | Fact_Tracking | Medidas | Parámetro Agrupación SLA | Parámetro Indicadores SLA | Resultado | auditoria,
Fact_Pedidos_Auditoria,TSTTO_P_FECHA_HORA,NO_BORRAR_SIN_PRUEBA_CONTRATO,BAJA,0,1,,,Bloque_comercial | Dim_Canal | Dim_Condicion_Expedicion | Dim_Fecha | Dim_Mes_Trend | Dim_Pedido | Dim_Responsable | Fact_Hitos_Operacionales | Fact_Pedidos | Fact_Tiempos_Hitos | Fact_Tracking | Medidas | Parámetro Agrupación SLA | Parámetro Indicadores SLA | Resultado | auditoria,Consumidor dinámico detectado (Python.Execute/Table.Schema)
Fact_Pedidos_Auditoria,TSTTO_U_FECHA_HORA,NO_BORRAR_SIN_PRUEBA_CONTRATO,BAJA,0,1,,,Bloque_comercial | Dim_Canal | Dim_Condicion_Expedicion | Dim_Fecha | Dim_Mes_Trend | Dim_Pedido | Dim_Responsable | Fact_Hitos_Operacionales | Fact_Pedidos | Fact_Tiempos_Hitos | Fact_Tracking | Medidas | Parámetro Agrupación SLA | Parámetro Indicadores SLA | Resultado | auditoria,Consumidor dinámico detectado (Python.Execute/Table.Schema)
Fact_Pedidos_Auditoria,ULTIMA_FECHA_ENTREGA_POSTERIOR,CONSERVAR_REFERENCIADA,ALTA,2,1,Fact_Hitos_Operacionales | Fact_Tracking,M_BRACKET+M_OR_PYTHON_STRING | M_OR_PYTHON_STRING,Bloque_comercial | Dim_Canal | Dim_Condicion_Expedicion | Dim_Fecha | Dim_Mes_Trend | Dim_Pedido | Dim_Responsable | Fact_Hitos_Operacionales | Fact_Pedidos | Fact_Tiempos_Hitos | Fact_Tracking | Medidas | Parámetro Agrupación SLA | Parámetro Indicadores SLA | Resultado | auditoria,
Fact_Pedidos_Auditoria,ULTIMA_FECHA_MANIFIESTO,CONSERVAR_REFERENCIADA,ALTA,3,1,Fact_Hitos_Operacionales | Fact_Tracking | Medidas,DAX_OR_M_EXPLICIT | M_BRACKET+M_OR_PYTHON_STRING,Bloque_comercial | Dim_Canal | Dim_Condicion_Expedicion | Dim_Fecha | Dim_Mes_Trend | Dim_Pedido | Dim_Responsable | Fact_Hitos_Operacionales | Fact_Pedidos | Fact_Tiempos_Hitos | Fact_Tracking | Medidas | Parámetro Agrupación SLA | Parámetro Indicadores SLA | Resultado | auditoria,
Fact_Pedidos_Auditoria,ULTIMA_FECHA_PEDIDO_POSTERIOR,CONSERVAR_REFERENCIADA,ALTA,2,1,Fact_Hitos_Operacionales | Fact_Tracking,M_BRACKET+M_OR_PYTHON_STRING | M_OR_PYTHON_STRING,Bloque_comercial | Dim_Canal | Dim_Condicion_Expedicion | Dim_Fecha | Dim_Mes_Trend | Dim_Pedido | Dim_Responsable | Fact_Hitos_Operacionales | Fact_Pedidos | Fact_Tiempos_Hitos | Fact_Tracking | Medidas | Parámetro Agrupación SLA | Parámetro Indicadores SLA | Resultado | auditoria,
