COLUMNA,TIPO_USO,ESTADO
ACCION_RECOMENDADA,REFERENCIADA_EN_SCRIPT,CONFIRMADO
ALTO,REFERENCIADA_EN_SCRIPT,CONFIRMADO
AP_TEST,REFERENCIADA_EN_SCRIPT,CONFIRMADO
ATRASADO,REFERENCIADA_EN_SCRIPT,CONFIRMADO
ATRASOS_ESPERADOS_PENDIENTES,REFERENCIADA_EN_SCRIPT,CONFIRMADO
AUC_TEST,REFERENCIADA_EN_SCRIPT,CONFIRMADO
AUD_DUPLICADOS_ENTRADA,REFERENCIADA_EN_SCRIPT,CONFIRMADO
AUD_ESTADO_GENERAL,REFERENCIADA_EN_SCRIPT,CONFIRMADO
AUD_PRINCIPAL_INCONGRUENCIA,REFERENCIADA_EN_SCRIPT,CONFIRMADO
AUD_TOTAL_CRITICAS,REFERENCIADA_EN_SCRIPT,CONFIRMADO
BAJO,REFERENCIADA_EN_SCRIPT,CONFIRMADO
BANDA_DIAS_PREDICHOS,REFERENCIADA_EN_SCRIPT,CONFIRMADO
BRIER,REFERENCIADA_EN_SCRIPT,CONFIRMADO
BRIER_TEST,REFERENCIADA_EN_SCRIPT,CONFIRMADO
CANAL,REFERENCIADA_EN_SCRIPT,CONFIRMADO
CAT_CANAL,REFERENCIADA_EN_SCRIPT,CONFIRMADO
CAT_CONDICION,REFERENCIADA_EN_SCRIPT,CONFIRMADO
CAT_CREDITO,REFERENCIADA_EN_SCRIPT,CONFIRMADO
CAT_DIA_SEMANA,REFERENCIADA_EN_SCRIPT,CONFIRMADO
CAT_REGION,REFERENCIADA_EN_SCRIPT,CONFIRMADO
CAT_SEMANA,REFERENCIADA_EN_SCRIPT,CONFIRMADO
CAT_SERVICIO,REFERENCIADA_EN_SCRIPT,CONFIRMADO
CAT_SERVICIO_PLAN,REFERENCIADA_EN_SCRIPT,CONFIRMADO
CAT_VENDEDOR,REFERENCIADA_EN_SCRIPT,CONFIRMADO
CLASIFICACION,REFERENCIADA_EN_SCRIPT,CONFIRMADO
CLIENTE,REFERENCIADA_EN_SCRIPT,CONFIRMADO
CLIENTE_NOMBRE,REFERENCIADA_EN_SCRIPT,CONFIRMADO
CRED,REFERENCIADA_EN_SCRIPT,CONFIRMADO
CREDITO,REFERENCIADA_EN_SCRIPT,CONFIRMADO
CRITICO,REFERENCIADA_EN_SCRIPT,CONFIRMADO
CUMPLE,REFERENCIADA_EN_SCRIPT,CONFIRMADO
DESP,REFERENCIADA_EN_SCRIPT,CONFIRMADO
DESPACHO,REFERENCIADA_EN_SCRIPT,CONFIRMADO
DH_CREDITO,REFERENCIADA_EN_SCRIPT,CONFIRMADO
DH_CREDITO_A_PRIMERA_ENTREGA,REFERENCIADA_EN_SCRIPT,CONFIRMADO
DH_CREDITO_COBRANZAS,REFERENCIADA_EN_SCRIPT,CONFIRMADO
DH_DESPACHO,REFERENCIADA_EN_SCRIPT,CONFIRMADO
DH_ENTREGA_COMPLETA_100,REQUIRED (obligatoria),CONFIRMADO
DH_FACTURACION,REFERENCIADA_EN_SCRIPT,CONFIRMADO
DH_FASE_LENTA,REFERENCIADA_EN_SCRIPT,CONFIRMADO
DH_OPERACIONES,REFERENCIADA_EN_SCRIPT,CONFIRMADO
DH_OPERACION_INTERNA,REFERENCIADA_EN_SCRIPT,CONFIRMADO
DH_PICKING,REFERENCIADA_EN_SCRIPT,CONFIRMADO
DH_PREDICHO_BASE_ML,REFERENCIADA_EN_SCRIPT,CONFIRMADO
DH_PREDICHO_ML,REFERENCIADA_EN_SCRIPT,CONFIRMADO
DH_PRIMERA_ENTREGA_A_PRIMER_PICKING,REFERENCIADA_EN_SCRIPT,CONFIRMADO
DH_PRIMER_PACKING_A_PRIMERA_FACTURA,REFERENCIADA_EN_SCRIPT,CONFIRMADO
DH_PRIMER_PICKING_A_PRIMERA_FACTURA,REFERENCIADA_EN_SCRIPT,CONFIRMADO
DH_TOTAL,REFERENCIADA_EN_SCRIPT,CONFIRMADO
DIAS_ACTUALES_DH,REFERENCIADA_EN_SCRIPT,CONFIRMADO
DIAS_EN_ESTADO_DH,REFERENCIADA_EN_SCRIPT,CONFIRMADO
DIAS_INTERNOS_DH,REFERENCIADA_EN_SCRIPT,CONFIRMADO
DIAS_RESTANTES_DH,REFERENCIADA_EN_SCRIPT,CONFIRMADO
DIAS_RESTANTES_PREDICHOS,REFERENCIADA_EN_SCRIPT,CONFIRMADO
DIA_MES,REFERENCIADA_EN_SCRIPT,CONFIRMADO
DIA_MES_N,REFERENCIADA_EN_SCRIPT,CONFIRMADO
DIA_SEMANA,REFERENCIADA_EN_SCRIPT,CONFIRMADO
ENTREGA,REFERENCIADA_EN_SCRIPT,CONFIRMADO
ESTADO_ACTUAL,REFERENCIADA_EN_SCRIPT,CONFIRMADO
ESTADO_SLA,REFERENCIADA_EN_SCRIPT,CONFIRMADO
ES_CALIDAD_VALIDA_ML,REFERENCIADA_EN_SCRIPT,CONFIRMADO
ES_CERRADO,REFERENCIADA_EN_SCRIPT,CONFIRMADO
ES_CERRADO_TRACKING,REFERENCIADA_EN_SCRIPT,CONFIRMADO
ES_ENTRENAMIENTO_FINAL,REFERENCIADA_EN_SCRIPT,CONFIRMADO
ES_FES,REFERENCIADA_EN_SCRIPT,CONFIRMADO
ES_FIN_MES,REFERENCIADA_EN_SCRIPT,CONFIRMADO
ES_FIN_MES_N,REFERENCIADA_EN_SCRIPT,CONFIRMADO
ES_FLUJO_COMPLETO_ML,REFERENCIADA_EN_SCRIPT,CONFIRMADO
ES_PENDIENTE,REFERENCIADA_EN_SCRIPT,CONFIRMADO
ES_SALDO,REFERENCIADA_EN_SCRIPT,CONFIRMADO
ES_ULTIMOS_7_DIAS_HABILES_MES,REFERENCIADA_EN_SCRIPT,CONFIRMADO
ES_VALIDACION_TEST,REFERENCIADA_EN_SCRIPT,CONFIRMADO
FACT,REFERENCIADA_EN_SCRIPT,CONFIRMADO
FACTOR_DIAS_PRINCIPAL,REFERENCIADA_EN_SCRIPT,CONFIRMADO
FACTOR_HISTORICO,REFERENCIADA_EN_SCRIPT,CONFIRMADO
FACTOR_PRINCIPAL,REFERENCIADA_EN_SCRIPT,CONFIRMADO
FASE_MAS_LENTA,REFERENCIADA_EN_SCRIPT,CONFIRMADO
FEATURE_TOP1,REFERENCIADA_EN_SCRIPT,CONFIRMADO
FEATURE_TOP2,REFERENCIADA_EN_SCRIPT,CONFIRMADO
FEATURE_TOP3,REFERENCIADA_EN_SCRIPT,CONFIRMADO
FECHA_ACTUALIZACION,REFERENCIADA_EN_SCRIPT,CONFIRMADO
FUERA_SLA,REFERENCIADA_EN_SCRIPT,CONFIRMADO
FUERA_SLA_ACTUAL,REFERENCIADA_EN_SCRIPT,CONFIRMADO
HIST_CANAL_N,REFERENCIADA_EN_SCRIPT,CONFIRMADO
HIST_CANAL_N_LOG,REFERENCIADA_EN_SCRIPT,CONFIRMADO
HIST_CANAL_RIESGO,REFERENCIADA_EN_SCRIPT,CONFIRMADO
HIST_CLIENTE_N,REFERENCIADA_EN_SCRIPT,CONFIRMADO
HIST_CLIENTE_N_LOG,REFERENCIADA_EN_SCRIPT,CONFIRMADO
HIST_CLIENTE_RIESGO,REFERENCIADA_EN_SCRIPT,CONFIRMADO
HIST_VENDEDOR_N,REFERENCIADA_EN_SCRIPT,CONFIRMADO
HIST_VENDEDOR_N_LOG,REFERENCIADA_EN_SCRIPT,CONFIRMADO
HIST_VENDEDOR_RIESGO,REFERENCIADA_EN_SCRIPT,CONFIRMADO
HITO_ACTUAL,REFERENCIADA_EN_SCRIPT,CONFIRMADO
HORA_CREACION,REFERENCIADA_EN_SCRIPT,CONFIRMADO
HORA_N,REFERENCIADA_EN_SCRIPT,CONFIRMADO
LOG_VALOR,REFERENCIADA_EN_SCRIPT,CONFIRMADO
MAE_DIAS_TEST,REFERENCIADA_EN_SCRIPT,CONFIRMADO
MANIF,REFERENCIADA_EN_SCRIPT,CONFIRMADO
MEDIO,REFERENCIADA_EN_SCRIPT,CONFIRMADO
MESES_TRAIN_VALIDACION,REFERENCIADA_EN_SCRIPT,CONFIRMADO
MES_CREACION,REFERENCIADA_EN_SCRIPT,CONFIRMADO
MES_TEST_VALIDACION,REFERENCIADA_EN_SCRIPT,CONFIRMADO
ML_LOGIT_LINEAR_FLUJO_COMPLETO_V50_2026,REFERENCIADA_EN_SCRIPT,CONFIRMADO
MODELO_DEPENDENCIA,REFERENCIADA_EN_SCRIPT,CONFIRMADO
MODELO_FECHA,REFERENCIADA_EN_SCRIPT,CONFIRMADO
MODELO_FUENTE_SCORE,REFERENCIADA_EN_SCRIPT,CONFIRMADO
MODELO_ML,REFERENCIADA_EN_SCRIPT,CONFIRMADO
MODELO_VALIDADO,REFERENCIADA_EN_SCRIPT,CONFIRMADO
MODELO_VERSION,REFERENCIADA_EN_SCRIPT,CONFIRMADO
MOTIVO_EXCLUSION_ML,REFERENCIADA_EN_SCRIPT,CONFIRMADO
NORMAL,REFERENCIADA_EN_SCRIPT,CONFIRMADO
N_ENTRENAMIENTO_FINAL,REFERENCIADA_EN_SCRIPT,CONFIRMADO
N_TEST_VALIDACION,REFERENCIADA_EN_SCRIPT,CONFIRMADO
N_TRAIN_VALIDACION,REFERENCIADA_EN_SCRIPT,CONFIRMADO
OPERACIONES,REFERENCIADA_EN_SCRIPT,CONFIRMADO
PEDIDOS_PENDIENTES_ALTO,REFERENCIADA_EN_SCRIPT,CONFIRMADO
PEDIDOS_PENDIENTES_MODELO,REFERENCIADA_EN_SCRIPT,CONFIRMADO
PED_CANAL,REFERENCIADA_EN_SCRIPT,CONFIRMADO
PED_CANAL_CODIGO,REQUIRED (obligatoria),CONFIRMADO
PED_CIUDAD,REFERENCIADA_EN_SCRIPT,CONFIRMADO
PED_CODIGO_CLIENTE,REQUIRED (obligatoria),CONFIRMADO
PED_CONDICION_EXPEDICION,REFERENCIADA_EN_SCRIPT,CONFIRMADO
PED_CONDICION_EXPEDICION_CODIGO,REQUIRED (obligatoria),CONFIRMADO
PED_ESTADO_CREDITO,REQUIRED (obligatoria),CONFIRMADO
PED_FECHA,REFERENCIADA_EN_SCRIPT,CONFIRMADO
PED_FECHA_HORA,REQUIRED (obligatoria),CONFIRMADO
PED_NUMERO_PEDIDO,REQUIRED (obligatoria),CONFIRMADO
PED_REGION,REQUIRED (obligatoria),CONFIRMADO
PED_RESPONSABLE,REQUIRED (obligatoria),CONFIRMADO
PED_VALOR_NETO,REQUIRED (obligatoria),CONFIRMADO
PENDIENTE,REFERENCIADA_EN_SCRIPT,CONFIRMADO
PICK,REFERENCIADA_EN_SCRIPT,CONFIRMADO
PICKING,REFERENCIADA_EN_SCRIPT,CONFIRMADO
PREDICCION_SLA,REFERENCIADA_EN_SCRIPT,CONFIRMADO
PRIORIDAD_SCORE,REFERENCIADA_EN_SCRIPT,CONFIRMADO
PROB_ML_ATRASO,REFERENCIADA_EN_SCRIPT,CONFIRMADO
R2_DIAS_TEST,REFERENCIADA_EN_SCRIPT,CONFIRMADO
RESPONSABLE_AREA,REFERENCIADA_EN_SCRIPT,CONFIRMADO
RIESGO_ATRASO,REFERENCIADA_EN_SCRIPT,CONFIRMADO
RMSE,REFERENCIADA_EN_SCRIPT,CONFIRMADO
RMSE_DIAS_TEST,REFERENCIADA_EN_SCRIPT,CONFIRMADO
SALDO,REFERENCIADA_EN_SCRIPT,CONFIRMADO
SEGMENTO_ANALISIS,REFERENCIADA_EN_SCRIPT,CONFIRMADO
SEMANA_MES,REFERENCIADA_EN_SCRIPT,CONFIRMADO
SERV_TIPO_SERVICIO,REQUIRED (obligatoria),CONFIRMADO
SERV_TIPO_SERVICIO_PLANIFICADO,REFERENCIADA_EN_SCRIPT,CONFIRMADO
SLA_CONSUMIDO_PCT,REFERENCIADA_EN_SCRIPT,CONFIRMADO
SLA_INTERNO_DH,REFERENCIADA_EN_SCRIPT,CONFIRMADO
TASA_INCUMPLIMIENTO_SLA_ENTRENAMIENTO,REFERENCIADA_EN_SCRIPT,CONFIRMADO
TRANSP,REFERENCIADA_EN_SCRIPT,CONFIRMADO
VALOR_GE_2_6,REFERENCIADA_EN_SCRIPT,CONFIRMADO
VALOR_GE_5,REFERENCIADA_EN_SCRIPT,CONFIRMADO
VALOR_MM,REFERENCIADA_EN_SCRIPT,CONFIRMADO
VALOR_NETO,REFERENCIADA_EN_SCRIPT,CONFIRMADO
VENDEDOR,REFERENCIADA_EN_SCRIPT,CONFIRMADO
VENDEDOR_NOMBRE,REFERENCIADA_EN_SCRIPT,CONFIRMADO
Y_ATRASO_SLA,REFERENCIADA_EN_SCRIPT,CONFIRMADO
ZONA,REFERENCIADA_EN_SCRIPT,CONFIRMADO
