MEDIDA,TABLA,EXPRESION_DAX,USA_SLA_FIJO_5,USA_SLA_ZONAL,USA_TRACKING_TRUE,USA_PEDIDO_CERRADO,USA_FECHA_CIERRE_CORRECTA,DEPENDENCIAS,RESULTADO,OBSERVACION
Pedidos = [U Pedidos universo],Medidas,,NO,NO,NO,NO,NO,,OK,
'OP Pedidos Hito' = DISTINCTCOUNT(Fact_Hitos_Operacionales[PED_NUMERO_PEDIDO]),Medidas,,NO,NO,NO,NO,NO,,OK,
"'OP Pedidos con Dato' = CALCULATE([OP Pedidos Hito], Fact_Hitos_Operacionales[TIENE_DATO] = TRUE())",Medidas,,NO,NO,NO,NO,NO,,OK,
"'OP Cobertura Hitos %' = DIVIDE([OP Pedidos con Dato], [OP Pedidos Hito])",Medidas,,NO,NO,NO,NO,NO,,OK,
"'OP Pedidos Cumple KPI' = CALCULATE([OP Pedidos Hito], Fact_Hitos_Operacionales[CUMPLE_KPI] = TRUE())",Medidas,,NO,NO,NO,NO,NO,,OK,
"'OP Pedidos Fuera KPI' = CALCULATE([OP Pedidos Hito], Fact_Hitos_Operacionales[TIENE_DATO] = TRUE(), Fact_Hitos_Operacionales[CUMPLE_KPI] = FALSE())",Medidas,,NO,NO,NO,NO,NO,,OK,
"'OP % Cumplimiento Hito' = DIVIDE([OP Pedidos Cumple KPI], [OP Pedidos Cumple KPI] + [OP Pedidos Fuera KPI])",Medidas,,NO,NO,NO,NO,NO,,OK,
"'OP Promedio Hito DH' = CALCULATE(AVERAGE(Fact_Hitos_Operacionales[DIAS_HABILES]), TREATAS(VALUES(Dim_Vista_Ejecutiva[METRICA_CODIGO]), Fact_Hitos_Operacionales[METRICA_CODIGO]))",Medidas,,NO,NO,NO,NO,NO,,OK,
'OP P90 Hito DH' =,Medidas,,NO,NO,NO,NO,NO,,OK,
'OP SLA Hito DH' = SELECTEDVALUE(Config_SLA_Hitos[SLA_DH]),Medidas,,NO,NO,NO,NO,NO,,OK,
'OP Días Exceso' = SUM(Fact_Hitos_Operacionales[EXCESO_DH]),Medidas,,NO,NO,NO,NO,NO,,OK,
'OP Valor Afectado' =,Medidas,,NO,NO,NO,NO,NO,,OK,
"'OP Meses Incumplimiento Cliente' = CALCULATE(DISTINCTCOUNT(Fact_Hitos_Operacionales[MES_CREACION]), Fact_Hitos_Operacionales[TIENE_DATO] = TRUE(), Fact_Hitos_Operacionales[CUMPLE_KPI] = FALSE())",Medidas,,NO,NO,NO,NO,NO,,OK,
'OP Clientes Recurrentes' =,Medidas,,NO,NO,NO,NO,NO,,OK,
'OP Score Cuello Hito' =,Medidas,,NO,NO,NO,NO,NO,,OK,
'OP Cuello de Botella' =,Medidas,,NO,NO,NO,NO,NO,,OK,
'OP Principal Cliente Fuera KPI' =,Medidas,,NO,NO,NO,NO,NO,,OK,
'OP Prioridad Hallazgo' =,Medidas,,NO,NO,NO,NO,NO,,OK,
'OP Hallazgo Dinámico' =,Medidas,,NO,NO,NO,NO,NO,,OK,
'OP Plan de Acción Dinámico' =,Medidas,,NO,NO,NO,NO,NO,,OK,
'Normal evaluados' =,Medidas,,NO,NO,NO,NO,NO,,OK,
'Preparación P90 DH' =,Medidas,,NO,NO,NO,NO,NO,,OK,
'Tránsito mínimo DH' =,Medidas,,NO,NO,NO,NO,NO,,OK,
'Tránsito máximo DH' =,Medidas,,NO,NO,NO,NO,NO,,OK,
'Promesa mínima DH' =,Medidas,,NO,NO,NO,NO,NO,,OK,
'Promesa máxima DH' =,Medidas,,NO,NO,NO,NO,NO,,OK,
'Promesa oficial' =,Medidas,,NO,NO,NO,NO,NO,,OK,
'NS preparación %' = [U NS observado interno],Medidas,,NO,NO,NO,NO,NO,,OK,
"'AUD Pedido seleccionado' = SELECTEDVALUE(Fact_Hitos_Operacionales[PED_NUMERO_PEDIDO], ""Seleccione un pedido"")",Medidas,,NO,NO,NO,NO,NO,,OK,
'AUD Cliente seleccionado' =,Medidas,,NO,NO,NO,NO,NO,,OK,
'AUD Vendedor seleccionado' =,Medidas,,NO,NO,NO,NO,NO,,OK,
'AUD Máximo exceso DH' =,Medidas,,NO,NO,NO,NO,NO,,OK,
'AUD Hitos fuera KPI' =,Medidas,,NO,NO,NO,NO,NO,,OK,
'AUD Hito crítico' =,Medidas,,NO,NO,NO,NO,NO,,OK,
'AUD Semáforo general' =,Medidas,,NO,NO,NO,NO,NO,,OK,
'AUD Semáforo hito' =,Medidas,,NO,NO,NO,NO,NO,,OK,
'AUD Días reales' = MAX(Fact_Hitos_Operacionales[DIAS_HABILES]),Medidas,,NO,NO,NO,NO,NO,,OK,
'AUD SLA objetivo' = MAX(Fact_Hitos_Operacionales[SLA_DH]),Medidas,,NO,NO,NO,NO,NO,,OK,
'AUD Exceso sobre SLA' = MAX(Fact_Hitos_Operacionales[EXCESO_DH]),Medidas,,NO,NO,NO,NO,NO,,OK,
'AUD Pedidos fuera KPI' =,Medidas,,NO,NO,NO,NO,NO,,OK,
'AUD Valor métrica seleccionada' =,Medidas,,NO,NO,NO,NO,NO,,OK,
"'AUD Fecha inicio' = FORMAT(MIN(Fact_Hitos_Operacionales[FECHA_INICIO]), ""dd-MM-yyyy HH:mm"")",Medidas,,NO,NO,NO,NO,NO,,OK,
"'AUD Fecha fin' = FORMAT(MAX(Fact_Hitos_Operacionales[FECHA_FIN]), ""dd-MM-yyyy HH:mm"")",Medidas,,NO,NO,NO,NO,NO,,OK,
"'AUD Regla aplicada' = SELECTEDVALUE(Fact_Hitos_Operacionales[REGLA_FECHA_FIN], ""—"")",Medidas,,NO,NO,NO,NO,NO,,OK,
'AUD Promesa del pedido' =,Medidas,,NO,NO,NO,NO,NO,,OK,
"'UI Indicador seleccionado' = SELECTEDVALUE(Dim_Indicador_Ejecutivo[Indicador], ""Pedidos"")",Medidas,,NO,NO,NO,NO,NO,,OK,
'UI Valor contexto CLP' = SUM(Fact_Tracking[PED_VALOR_NETO]),Medidas,,NO,NO,NO,NO,NO,,OK,
'UI Indicador formateado' =,Medidas,,NO,NO,NO,NO,NO,,OK,
"'UI Zona actual' = SELECTEDVALUE(Fact_Hitos_Operacionales[Zona], ""Total Mayorista"")",Medidas,,NO,NO,NO,NO,NO,,OK,
'UI Tooltip ejecutivo' =,Medidas,,NO,NO,NO,NO,NO,,OK,
'UI Indicador ejecutivo SVG' =,Medidas,,NO,NO,NO,NO,NO,,OK,
'AUD Semáforo SVG' =,Medidas,,NO,NO,NO,NO,NO,,OK,
'AUD Semáforo general SVG' =,Medidas,,NO,NO,NO,NO,NO,,OK,
'TR Contexto ruta' =,Medidas,,NO,NO,NO,NO,NO,,OK,
'TR Días ruta DH' =,Medidas,,NO,NO,NO,NO,NO,,OK,
'TR SLA ruta DH' =,Medidas,,NO,NO,NO,NO,NO,,OK,
'TR NS ruta %' =,Medidas,,NO,NO,NO,NO,NO,,OK,
'TR Proyección entrega' =,Medidas,,NO,NO,NO,NO,NO,,OK,
'TR Ruta camión SVG' =,Medidas,,NO,NO,NO,NO,NO,,OK,
'TR NS ruta SVG' =,Medidas,,NO,NO,NO,NO,NO,,OK,
'HT Hito seleccionado' =,Medidas,,NO,NO,NO,NO,NO,,OK,
'HT Resumen hito' =,Medidas,,NO,NO,NO,NO,NO,,OK,
'HT Días hito' = MAX(Fact_Hitos_Operacionales[DIAS_HABILES]),Medidas,,NO,NO,NO,NO,NO,,OK,
'HT SLA hito' =,Medidas,,NO,NO,NO,NO,NO,,OK,
'HT Exceso hito' = MAX(Fact_Hitos_Operacionales[EXCESO_DH]),Medidas,,NO,NO,NO,NO,NO,,OK,
'HT Días hito Top 10' =,Medidas,,NO,NO,NO,NO,NO,,OK,
"'HT SLA Top 10' = IF(NOT ISBLANK([HT Días hito Top 10]), [HT SLA hito])",Medidas,,NO,NO,NO,NO,NO,,OK,
"'HT Exceso Top 10' = IF(NOT ISBLANK([HT Días hito Top 10]), [HT Exceso hito])",Medidas,,NO,NO,NO,NO,NO,,OK,
'HT Tipo pedido Top 10' =,Medidas,,NO,NO,NO,NO,NO,,OK,
'HT Cliente Top 10' =,Medidas,,NO,NO,NO,NO,NO,,OK,
'HT Vendedor Top 10' =,Medidas,,NO,NO,NO,NO,NO,,OK,
'HT Creación Top 10' =,Medidas,,NO,NO,NO,NO,NO,,OK,
'HT Inicio hito Top 10' =,Medidas,,NO,NO,NO,NO,NO,,OK,
'HT Fin hito Top 10' =,Medidas,,NO,NO,NO,NO,NO,,OK,
'HT Primera factura Top 10' =,Medidas,,NO,NO,NO,NO,NO,,OK,
'HT Última factura Top 10' =,Medidas,,NO,NO,NO,NO,NO,,OK,
'HT Despacho Top 10' =,Medidas,,NO,NO,NO,NO,NO,,OK,
'HT Brecha facturas Top 10' =,Medidas,,NO,NO,NO,NO,NO,,OK,
'HT Validación saldo Top 10' =,Medidas,,NO,NO,NO,NO,NO,,OK,
'HT Estado hito Top 10' =,Medidas,,NO,NO,NO,NO,NO,,OK,
'U Pedidos universo' = DISTINCTCOUNT(Fact_Tracking[PED_NUMERO_PEDIDO]),Medidas,,NO,NO,NO,NO,NO,,OK,
"'U Pedidos cerrados' = CALCULATE([U Pedidos universo], Fact_Tracking[ES_CERRADO]=TRUE())",Medidas,,NO,NO,NO,NO,NO,,OK,
"'U Pedidos abiertos' = CALCULATE([U Pedidos universo], Fact_Tracking[ES_CERRADO]=FALSE())",Medidas,,NO,NO,NO,NO,NO,,OK,
"'U Pendientes factura' = CALCULATE([U Pedidos universo], Fact_Tracking[PENDIENTE_FACTURA]=TRUE())",Medidas,,NO,NO,NO,NO,NO,,OK,
"'U Pendientes despacho' = CALCULATE([U Pedidos universo], Fact_Tracking[PENDIENTE_DESPACHO]=TRUE())",Medidas,,NO,NO,NO,NO,NO,,OK,
"'U Pedidos vencidos' = CALCULATE([U Pedidos universo], Fact_Tracking[ES_CERRADO]=FALSE(), Fact_Tracking[DIAS_RESTANTES_DH] < 0)",Medidas,,NO,NO,NO,NO,NO,,OK,
"'U Valor abierto CLP' = CALCULATE(SUM(Fact_Tracking[PED_VALOR_NETO]), Fact_Tracking[ES_CERRADO]=FALSE())",Medidas,,NO,NO,NO,NO,NO,,OK,
"'U Valor en riesgo CLP' = CALCULATE(SUM(Fact_Tracking[PED_VALOR_NETO]), Fact_Tracking[ES_CERRADO]=FALSE(), Fact_Tracking[DIAS_RESTANTES_DH] <= 1)",Medidas,,NO,NO,NO,NO,NO,,OK,
'U NS comprometido interno' = 0.9,Medidas,,NO,NO,NO,NO,NO,,OK,
"'U Pedidos cerrados en SLA' = CALCULATE([U Pedidos universo], Fact_Tracking[ES_CERRADO]=TRUE(), Fact_Tracking[CUMPLE_SLA_INTERNO]=TRUE())",Medidas,,NO,NO,NO,NO,NO,,OK,
"'U NS observado interno' = DIVIDE([U Pedidos cerrados en SLA],[U Pedidos cerrados])",Medidas,,NO,NO,NO,NO,NO,,OK,
'U Brecha NS' = [U NS observado interno] - [U NS comprometido interno],Medidas,,NO,NO,NO,NO,NO,,OK,
'U Promedio interno DH' = AVERAGE(Fact_Tracking[DIAS_INTERNOS_DH]),Medidas,,NO,NO,NO,NO,NO,,OK,
"'U P90 interno DH' = PERCENTILEX.INC(FILTER(Fact_Tracking, Fact_Tracking[ES_CERRADO]=TRUE() && NOT ISBLANK(Fact_Tracking[DIAS_INTERNOS_DH])), Fact_Tracking[DIAS_INTERNOS_DH], 0.9)",Medidas,,NO,NO,NO,NO,NO,,OK,
"'U P90 estado' = VAR ExcesoP90 = PERCENTILEX.INC(FILTER(Fact_Tracking, Fact_Tracking[ES_CERRADO]=TRUE() && NOT ISBLANK(Fact_Tracking[EXCESO_SLA_INTERNO_DH])), Fact_Tracking[EXCESO_SLA_INTERNO_DH], 0.9) RETURN IF(ISBLANK(ExcesoP90),""SIN DATO"",IF(ExcesoP90<=0,""P90 DENTRO DEL SLA ZONAL"",""P90 SUPERA SLA ZONAL EN ""&FORMAT(ExcesoP90,""0.0"")&"" DH""))",Medidas,,NO,NO,NO,NO,NO,,OK,
'U Fecha mínima creación' = MIN(Fact_Tracking[PED_FECHA_HORA]),Medidas,,NO,NO,NO,NO,NO,,OK,
'U Fecha máxima creación' = MAX(Fact_Tracking[PED_FECHA_HORA]),Medidas,,NO,NO,NO,NO,NO,,OK,
'U Fecha mínima factura' = MIN(Fact_Tracking[FECHA_PRIMERA_FACTURA]),Medidas,,NO,NO,NO,NO,NO,,OK,
'U Fecha máxima factura' = MAX(Fact_Tracking[FECHA_ULTIMA_FACTURA]),Medidas,,NO,NO,NO,NO,NO,,OK,
'U Fecha mínima despacho' = MIN(Fact_Tracking[FECHA_DESPACHO]),Medidas,,NO,NO,NO,NO,NO,,OK,
'U Fecha máxima despacho' = MAX(Fact_Tracking[FECHA_DESPACHO]),Medidas,,NO,NO,NO,NO,NO,,OK,
"'U Fecha actualización' = CALCULATE(MAX(Fact_Tracking[FECHA_ACTUALIZACION]), REMOVEFILTERS())",Medidas,,NO,NO,NO,NO,NO,,OK,
"'U Último pedido creado' = CALCULATE(MAX(Fact_Tracking[PED_FECHA_HORA]), REMOVEFILTERS())",Medidas,,NO,NO,NO,NO,NO,,OK,
'U Estado datos' =,Medidas,,NO,NO,NO,NO,NO,,OK,
'U Periodo completo' =,Medidas,,NO,NO,NO,NO,NO,,OK,
'U Pedidos hito' = DISTINCTCOUNT(Fact_Hitos_Operacionales[PED_NUMERO_PEDIDO]),Medidas,,NO,NO,NO,NO,NO,,OK,
'U Promedio hito DH' = AVERAGE(Fact_Hitos_Operacionales[DIAS_TRANSCURRIDOS]),Medidas,,NO,NO,NO,NO,NO,,OK,
"'U NS hito actual' = DIVIDE(CALCULATE([U Pedidos hito], Fact_Hitos_Operacionales[CUMPLE_ACTUAL]=TRUE()), CALCULATE([U Pedidos hito], NOT ISBLANK(Fact_Hitos_Operacionales[CUMPLE_ACTUAL])))",Medidas,,NO,NO,NO,NO,NO,,OK,
'RE Pedidos contexto' =,Medidas,,NO,NO,NO,NO,NO,,OK,
'RE Pedidos en SLA contexto' =,Medidas,,NO,NO,NO,NO,NO,,OK,
'RE Pedidos fuera SLA contexto' = [RE Pedidos contexto] - [RE Pedidos en SLA contexto],Medidas,,NO,NO,NO,NO,NO,,OK,
"'RE NS contexto' = DIVIDE([RE Pedidos en SLA contexto], [RE Pedidos contexto])",Medidas,,NO,NO,NO,NO,NO,,OK,
'RE Valor contexto' =,Medidas,,NO,NO,NO,NO,NO,,OK,
'RE Valor en SLA contexto' =,Medidas,,NO,NO,NO,NO,NO,,OK,
'RE Valor fuera SLA contexto' = [RE Valor contexto] - [RE Valor en SLA contexto],Medidas,,NO,NO,NO,NO,NO,,OK,
'RE Promedio contexto DH' =,Medidas,,NO,NO,NO,NO,NO,,OK,
'RE P90 contexto DH' =,Medidas,,NO,NO,NO,NO,NO,,OK,
'RE Participación flujo %' =,Medidas,,NO,NO,NO,NO,NO,,OK,
'RE Participación rango %' =,Medidas,,NO,NO,NO,NO,NO,,OK,
"'RE NS zona %' = IF(ISINSCOPE(Dim_Rango_Entrega[Rango]), BLANK(), [RE NS contexto])",Medidas,,NO,NO,NO,NO,NO,,OK,
'RE Estado zona SVG' =,Medidas,,NO,NO,NO,NO,NO,,OK,
'RE Pedidos matriz' = [RE Pedidos contexto],Medidas,,NO,NO,NO,NO,NO,,OK,
'RE Código nivel matriz' =,Medidas,,NO,NO,NO,NO,NO,,OK,
'RE SLA nivel DH' =,Medidas,,NO,NO,NO,NO,NO,,OK,
'RE Pedidos hito con dato' =,Medidas,,NO,NO,NO,NO,NO,,OK,
"'RE Cobertura hito %' = DIVIDE([RE Pedidos hito con dato], [RE Pedidos matriz])",Medidas,,NO,NO,NO,NO,NO,,OK,
'RE Pedidos hito cumplen' =,Medidas,,NO,NO,NO,NO,NO,,OK,
"'RE NS hito %' = DIVIDE([RE Pedidos hito cumplen], [RE Pedidos matriz])",Medidas,,NO,NO,NO,NO,NO,,OK,
'RE Promedio hito DH' =,Medidas,,NO,NO,NO,NO,NO,,OK,
'RE P90 hito DH' =,Medidas,,NO,NO,NO,NO,NO,,OK,
'RE Periodo contexto' =,Medidas,,NO,NO,NO,NO,NO,,OK,
'RE Subtítulo pedidos' =,Medidas,,NO,NO,NO,NO,NO,,OK,
'RE Subtítulo valor' =,Medidas,,NO,NO,NO,NO,NO,,OK,
'RE Subtítulo NS' =,Medidas,,NO,NO,NO,NO,NO,,OK,
"'RE Color NS' = SWITCH(TRUE(), ISBLANK([RE NS contexto]), ""#84807D"", [RE NS contexto] >= 0.9, ""#2E8B57"", [RE NS contexto] >= 0.8, ""#D5A000"", ""#D3392C"")",Medidas,,NO,NO,NO,NO,NO,,OK,
"'RE Promesa cliente' = ""Santiago: 4 DH internos + 1 última milla = 5 DH"" & UNICHAR(10) & ""Regiones: 5 DH internos + 2 última milla = 7 DH""",Medidas,,NO,NO,NO,NO,NO,,OK,
'RE Lectura ejecutiva' =,Medidas,,NO,NO,NO,NO,NO,,OK,
'RE TT Días Top 10' =,Medidas,,NO,NO,NO,NO,NO,,OK,
'RE TT Cliente' =,Medidas,,NO,NO,NO,NO,NO,,OK,
'RE TT Vendedor' =,Medidas,,NO,NO,NO,NO,NO,,OK,
'RE TT Estado SVG' =,Medidas,,NO,NO,NO,NO,NO,,OK,
"'RE TT Creación' = IF(NOT ISBLANK([RE TT Días Top 10]), MAX(Fact_Tracking[PED_FECHA_HORA]))",Medidas,,NO,NO,NO,NO,NO,,OK,
"'RE TT Factura' = IF(NOT ISBLANK([RE TT Días Top 10]), MAX(Fact_Tracking[FECHA_PRIMERA_FACTURA]))",Medidas,,NO,NO,NO,NO,NO,,OK,
"'RE TT Cierre' = IF(NOT ISBLANK([RE TT Días Top 10]), MAX(Fact_Tracking[FECHA_CIERRE]))",Medidas,,NO,NO,NO,NO,NO,,OK,
'RE TT Título' =,Medidas,,NO,NO,NO,NO,NO,,OK,
"'RE Subtítulo gráfico' = [RE Periodo contexto] & ""  ·  Columnas: pedidos cohorte  ·  Líneas: NS interno y participación""",Medidas,,NO,NO,NO,NO,NO,,OK,
"'RE Subtítulo promesa' = ""*Incluye +2 DH estimados de tránsito  ·  sin POD/última milla""",Medidas,,NO,NO,NO,NO,NO,,OK,
'RE TT Hito crítico' =,Medidas,,NO,NO,NO,NO,NO,,OK,
'RE TT Exceso crítico DH' =,Medidas,,NO,NO,NO,NO,NO,,OK,
'RE TT Motivo operativo' =,Medidas,,NO,NO,NO,NO,NO,,OK,
"'RE Tarjeta pedidos' = FORMAT([RE Pedidos contexto], ""#,##0"", ""es-CL"")",Medidas,,NO,NO,NO,NO,NO,,OK,
"'RE Tarjeta valor' = ""CLP "" & FORMAT(DIVIDE([RE Valor contexto], 1000000), ""#,##0.0"", ""es-CL"") & "" MM""",Medidas,,NO,NO,NO,NO,NO,,OK,
"'RE Tarjeta NS' = FORMAT([RE NS contexto], ""0.0%"", ""es-CL"")",Medidas,,NO,NO,NO,NO,NO,,OK,
'M3 Pedidos evaluados' =,Medidas,,NO,NO,NO,NO,NO,,OK,
'M3 Promedio total DH' =,Medidas,,NO,NO,NO,NO,NO,,OK,
'M3 Promedio administrativo DH' =,Medidas,,NO,NO,NO,NO,NO,,OK,
'M3 Promedio operaciones DH' =,Medidas,,NO,NO,NO,NO,NO,,OK,
'M3 NS interno %' =,Medidas,,NO,NO,NO,NO,NO,,OK,
'M3 Subtítulo' =,Medidas,,NO,NO,NO,NO,NO,,OK,
'TT Contexto pedido' =,Medidas,,NO,NO,NO,NO,NO,,OK,
'TT Detalle hito' =,Medidas,,NO,NO,NO,NO,NO,,OK,
'RE Fuera SLA %' = RETURN 1 - [RE NS contexto],Medidas,,NO,NO,NO,NO,NO,,OK,
'RE KPI Pedidos SVG' =,Medidas,,NO,NO,NO,NO,NO,,OK,
'RE KPI Valor SVG' =,Medidas,,NO,NO,NO,NO,NO,,OK,
'RE KPI NS SVG' =,Medidas,,NO,NO,NO,NO,NO,,OK,
'RE KPI Promesa SVG' =,Medidas,,NO,NO,NO,NO,NO,,OK,
'RE Resumen Mes SVG' =,Medidas,,NO,NO,NO,NO,NO,,OK,
'RE SLA Panel SVG' =,Medidas,,NO,NO,NO,NO,NO,,OK,
'RE Promesa Lateral SVG' =,Medidas,,NO,NO,NO,NO,NO,,OK,
'RE Tooltip seleccionado texto' =,Medidas,,NO,NO,NO,NO,NO,,OK,
'RE Pedidos 3M contexto' =,Medidas,,NO,NO,NO,NO,NO,,OK,
'RE Pedidos en SLA 3M contexto' =,Medidas,,NO,NO,NO,NO,NO,,OK,
'RE Pedidos fuera SLA 3M contexto' = [RE Pedidos 3M contexto] - [RE Pedidos en SLA 3M contexto],Medidas,,NO,NO,NO,NO,NO,,OK,
"'RE NS 3M contexto' = DIVIDE([RE Pedidos en SLA 3M contexto], [RE Pedidos 3M contexto])",Medidas,,NO,NO,NO,NO,NO,,OK,
'RE Valor 3M contexto' =,Medidas,,NO,NO,NO,NO,NO,,OK,
'RE Valor en SLA 3M contexto' =,Medidas,,NO,NO,NO,NO,NO,,OK,
'RE Valor fuera SLA 3M contexto' = [RE Valor 3M contexto] - [RE Valor en SLA 3M contexto],Medidas,,NO,NO,NO,NO,NO,,OK,
'RE Ventana 3M texto' =,Medidas,,NO,NO,NO,NO,NO,,OK,
'RE Distribución Flujo SVG' =,Medidas,,NO,NO,NO,NO,NO,,OK,
'RE Pedido Seleccionado SVG' =,Medidas,,NO,NO,NO,NO,NO,,OK,
'RE FES Total pedidos' =,Medidas,,NO,NO,NO,NO,NO,,OK,
'RE FES Puro pedidos' =,Medidas,,NO,NO,NO,NO,NO,,OK,
'RE FES con Saldo pedidos' =,Medidas,,NO,NO,NO,NO,NO,,OK,
"'RE FES con Saldo %' = DIVIDE([RE FES con Saldo pedidos], [RE FES Total pedidos])",Medidas,,NO,NO,NO,NO,NO,,OK,
'RE FES Puro NS' =,Medidas,,NO,NO,NO,NO,NO,,OK,
'RE FES con Saldo NS' =,Medidas,,NO,NO,NO,NO,NO,,OK,
'RE FES Puro promedio DH' =,Medidas,,NO,NO,NO,NO,NO,,OK,
'RE FES con Saldo promedio DH' =,Medidas,,NO,NO,NO,NO,NO,,OK,
'RE FES Puro P90 DH' =,Medidas,,NO,NO,NO,NO,NO,,OK,
'RE FES con Saldo P90 DH' =,Medidas,,NO,NO,NO,NO,NO,,OK,
'RE FES Brecha facturación promedio DH' =,Medidas,,NO,NO,NO,NO,NO,,OK,
'RE FES Diferencia promedio DH' = [RE FES con Saldo promedio DH] - [RE FES Puro promedio DH],Medidas,,NO,NO,NO,NO,NO,,OK,
'RE FES Reconciliación' = [RE FES Total pedidos] - [RE FES Puro pedidos] - [RE FES con Saldo pedidos],Medidas,,NO,NO,NO,NO,NO,,OK,
'RE FES Contexto texto' =,Medidas,,NO,NO,NO,NO,NO,,OK,
'RE FES Diagnóstico SVG' =,Medidas,,NO,NO,NO,NO,NO,,OK,
'RE Evolución 3M SVG' =,Medidas,,NO,NO,NO,NO,NO,,OK,
'TR Clasificación SVG' =,Medidas,,NO,NO,NO,NO,NO,,OK,
"'ML Pedidos pendientes' = CALCULATE(DISTINCTCOUNT(Resultado[PED_NUMERO_PEDIDO]), Resultado[ES_PENDIENTE] = TRUE())",Medidas,,NO,NO,NO,NO,NO,,OK,
"'ML Pedidos alto riesgo' = CALCULATE([ML Pedidos pendientes], Resultado[RIESGO_ATRASO] IN {""ALTO"", ""ATRASADO""})",Medidas,,NO,NO,NO,NO,NO,,OK,
"'ML Valor alto riesgo' = CALCULATE(SUM(Resultado[VALOR_NETO]), Resultado[ES_PENDIENTE] = TRUE(), Resultado[RIESGO_ATRASO] IN {""ALTO"", ""ATRASADO""})",Medidas,,NO,NO,NO,NO,NO,,OK,
"'ML Atrasos esperados' = CALCULATE(SUM(Resultado[PROB_ML_ATRASO]), Resultado[ES_PENDIENTE] = TRUE())",Medidas,,NO,NO,NO,NO,NO,,OK,
"'ML Probabilidad promedio' = CALCULATE(AVERAGE(Resultado[PROB_ML_ATRASO]), Resultado[ES_PENDIENTE] = TRUE())",Medidas,,NO,NO,NO,NO,NO,,OK,
"'ML Días predichos promedio' = CALCULATE(AVERAGE(Resultado[DH_PREDICHO_ML]), Resultado[ES_PENDIENTE] = TRUE())",Medidas,,NO,NO,NO,NO,NO,,OK,
'ML AUC validación' = MAX(Resultado[AUC_TEST]),Medidas,,NO,NO,NO,NO,NO,,OK,
'ML MAE días validación' = MAX(Resultado[MAE_DIAS_TEST]),Medidas,,NO,NO,NO,NO,NO,,OK,
'ML RMSE días validación' = MAX(Resultado[RMSE_DIAS_TEST]),Medidas,,NO,NO,NO,NO,NO,,OK,
'ML R2 días validación' = MAX(Resultado[R2_DIAS_TEST]),Medidas,,NO,NO,NO,NO,NO,,OK,
'ML Pedidos entrenamiento' = MAX(Resultado[N_ENTRENAMIENTO_FINAL]),Medidas,,NO,NO,NO,NO,NO,,OK,
'ML Modelo versión' = MAX(Resultado[MODELO_VERSION]),Medidas,,NO,NO,NO,NO,NO,,OK,
"'OP Pedidos Hito Real' = CALCULATE(DISTINCTCOUNT(Fact_Hitos_Operacionales[PED_NUMERO_PEDIDO]), TREATAS(VALUES(Dim_Vista_Ejecutiva[METRICA_CODIGO]), Fact_Hitos_Operacionales[METRICA_CODIGO]))",Medidas,,NO,NO,NO,NO,NO,,OK,
"'OP % Hito Real' = DIVIDE([OP Pedidos Hito Real], [Pedidos])",Medidas,,NO,NO,NO,NO,NO,,OK,
'FA Pedidos' = [RE Pedidos contexto],Medidas,,NO,NO,NO,NO,NO,,OK,
"'FA FES' = CALCULATE([RE Pedidos contexto], KEEPFILTERS(Fact_Tracking[CLASIFICACION] IN {""FES"", ""FES + SALDO""}))",Medidas,,NO,NO,NO,NO,NO,,OK,
"'FA Normal' = CALCULATE([RE Pedidos contexto], KEEPFILTERS(Fact_Tracking[CLASIFICACION] = ""NORMAL""))",Medidas,,NO,NO,NO,NO,NO,,OK,
"'FA % FES' = DIVIDE([FA FES], [FA Pedidos])",Medidas,,NO,NO,NO,NO,NO,,OK,
'FA Fuera SLA' = [RE Pedidos fuera SLA contexto],Medidas,,NO,NO,NO,NO,NO,,OK,
"'FA FES Fuera SLA' = CALCULATE([RE Pedidos fuera SLA contexto], KEEPFILTERS(Fact_Tracking[CLASIFICACION] IN {""FES"", ""FES + SALDO""}))",Medidas,,NO,NO,NO,NO,NO,,OK,
"'FA FES Fin Mes' = CALCULATE([RE Pedidos contexto], KEEPFILTERS(Fact_Tracking[CLASIFICACION] IN {""FES"", ""FES + SALDO""}), KEEPFILTERS(Dim_Fecha[Es_Ultimos_7_DH] = TRUE()))",Medidas,,NO,NO,NO,NO,NO,,OK,
"'FA Cliente FES' = VAR Codigo = SELECTEDVALUE(Fact_Tracking[PED_CODIGO_CLIENTE]) VAR Nombre = LOOKUPVALUE(Dim_Cliente[CLIENTE_NOMBRE], Dim_Cliente[CLIENTE_CODIGO], Codigo) RETURN IF(NOT ISBLANK([FA FES]), COALESCE(Nombre, Codigo, ""Sin cliente""))",Medidas,,NO,NO,NO,NO,NO,,OK,
"'FA Meses FES Cliente' = CALCULATE(DISTINCTCOUNT(Fact_Pedidos_Auditoria[MES_CREACION]), Fact_Pedidos_Auditoria[ES_FES] = TRUE, TREATAS(VALUES(Fact_Tracking[PED_NUMERO_PEDIDO]), Fact_Pedidos_Auditoria[PED_NUMERO_PEDIDO]))",Medidas,,NO,NO,NO,NO,NO,,OK,
"'FA Pedidos Fuera SLA x Cliente' = CALCULATE(COUNTROWS(Fact_Tracking), Fact_Tracking[ES_CERRADO] = TRUE, Fact_Tracking[CUMPLE_SLA_INTERNO] = FALSE())",Medidas,,NO,NO,NO,NO,NO,,OK,
'FA DH Promedio' = [RE Promedio contexto DH],Medidas,,NO,NO,NO,NO,NO,,OK,
"'FA Vendedor' = VAR Codigo = SELECTEDVALUE(Fact_Tracking[PED_RESPONSABLE]) RETURN IF(NOT ISBLANK([FA Pedidos]), COALESCE(Codigo, ""Sin vendedor""))",Medidas,,NO,NO,NO,NO,NO,,OK,
"'FA % Fuera SLA x Vendedor' = DIVIDE([FA Fuera SLA], [FA Pedidos])",Medidas,,NO,NO,NO,NO,NO,,OK,
"'FA % FES Fin Mes' = DIVIDE([FA FES Fin Mes], [FA FES])",Medidas,,NO,NO,NO,NO,NO,,OK,
'FA Líneas' =,Medidas,,NO,NO,NO,NO,NO,,OK,
'FA Unidades' =,Medidas,,NO,NO,NO,NO,NO,,OK,
"'FA Líneas FES' = CALCULATE( [FA Líneas], KEEPFILTERS(Fact_Tracking[CLASIFICACION] IN {""FES"", ""FES + SALDO""}) )",Medidas,,NO,NO,NO,NO,NO,,OK,
"'FA Unidades FES' = CALCULATE( [FA Unidades], KEEPFILTERS(Fact_Tracking[CLASIFICACION] IN {""FES"", ""FES + SALDO""}) )",Medidas,,NO,NO,NO,NO,NO,,OK,
'FA DH Promedio FES' =,Medidas,,NO,NO,NO,NO,NO,,OK,
'FA Líneas Fuera SLA' =,Medidas,,NO,NO,NO,NO,NO,,OK,
'FA Unidades Fuera SLA' =,Medidas,,NO,NO,NO,NO,NO,,OK,
'FA DH Promedio Normal' =,Medidas,,NO,NO,NO,NO,NO,,OK,
"'FA Arrastre Mes Siguiente' = CALCULATE( [RE Pedidos contexto], KEEPFILTERS(Fact_Tracking[CLASIFICACION] IN {""FES"", ""FES + SALDO""}), KEEPFILTERS( FILTER( Fact_Tracking, NOT ISBLANK(Fact_Tracking[PED_FECHA]) && NOT ISBLANK(Fact_Tracking[FECHA_CIERRE]) && EOMONTH(Fact_Tracking[FECHA_CIERRE], 0) > EOMONTH(Fact_Tracking[PED_FECHA], 0) ) ) )",Medidas,,NO,NO,NO,NO,NO,,OK,
"'FA % Fuera SLA' = DIVIDE([FA Fuera SLA], [FA Pedidos])",Medidas,,NO,NO,NO,NO,NO,,OK,
'FA Pedidos con Volumen' =,Medidas,,NO,NO,NO,NO,NO,,OK,
"'FA Cobertura Volumen %' = DIVIDE([FA Pedidos con Volumen], [FA Pedidos])",Medidas,,NO,NO,NO,NO,NO,,OK,
'FA Pedidos sin Volumen' = [FA Pedidos] - [FA Pedidos con Volumen],Medidas,,NO,NO,NO,NO,NO,,OK,
"'U Pendientes manifiesto FES' = CALCULATE([U Pedidos universo], Fact_Tracking[PENDIENTE_MANIFIESTO_FES]=TRUE())",Medidas,,NO,NO,NO,NO,NO,,OK,
'FA Meses Fuera SLA Cliente' =,Medidas,,NO,NO,NO,NO,NO,,OK,
"'FA Recurrencia Cliente' = SWITCH(TRUE(), [FA Meses Fuera SLA Cliente] >= 3, ""Recurrente 3M"", [FA Meses Fuera SLA Cliente] = 2, ""Recurrente 2M"", [FA Meses Fuera SLA Cliente] = 1, ""Puntual 1M"", ""Sin incumplimiento"")",Medidas,,NO,NO,NO,NO,NO,,OK,
"'FA Clientes Recurrentes 2M+' = COUNTROWS(FILTER(VALUES(Dim_Cliente[CLIENTE_CODIGO]), CALCULATE([FA Meses Fuera SLA Cliente]) >= 2))",Medidas,,NO,NO,NO,NO,NO,,OK,
"'FA Clientes Recurrentes 3M' = COUNTROWS(FILTER(VALUES(Dim_Cliente[CLIENTE_CODIGO]), CALCULATE([FA Meses Fuera SLA Cliente]) >= 3))",Medidas,,NO,NO,NO,NO,NO,,OK,
"'FA Días Factura Salida Promedio' = VAR FlujoSel = SELECTEDVALUE(Dim_Vista_Ejecutiva[Flujo]) VAR ZonaSel = SELECTEDVALUE(Dim_Rango_Entrega[Zona]) VAR BasePost = FILTER(Fact_Tracking, Fact_Tracking[ES_CERRADO] = TRUE() && NOT ISBLANK(Fact_Tracking[DIAS_POSTFACTURA_DH]) && (ISBLANK(FlujoSel) || (CONTAINSSTRING(FlujoSel, ""Flujo Normal"") && Fact_Tracking[CLASIFICACION] = ""NORMAL"") || (CONTAINSSTRING(FlujoSel, ""FES"") && Fact_Tracking[CLASIFICACION] IN {""FES"", ""FES + SALDO""}) || (CONTAINSSTRING(FlujoSel, ""Saldos"") && Fact_Tracking[CLASIFICACION] = ""SALDO"")) && (ISBLANK(ZonaSel) || Fact_Tracking[ZONA] = ZonaSel)) VAR Criticos15 = FILTER(BasePost, Fact_Tracking[DIAS_POSTFACTURA_DH] > 15) RETURN IF(COUNTROWS(Criticos15)=0, BLANK(), AVERAGEX(Criticos15, Fact_Tracking[DIAS_POSTFACTURA_DH]))",Medidas,,NO,NO,NO,NO,NO,,OK,
"'FA P90 Días Factura Salida' = VAR FlujoSel = SELECTEDVALUE(Dim_Vista_Ejecutiva[Flujo]) VAR ZonaSel = SELECTEDVALUE(Dim_Rango_Entrega[Zona]) VAR BasePost = FILTER(Fact_Tracking, Fact_Tracking[ES_CERRADO] = TRUE() && NOT ISBLANK(Fact_Tracking[DIAS_POSTFACTURA_DH]) && (ISBLANK(FlujoSel) || (CONTAINSSTRING(FlujoSel, ""Flujo Normal"") && Fact_Tracking[CLASIFICACION] = ""NORMAL"") || (CONTAINSSTRING(FlujoSel, ""FES"") && Fact_Tracking[CLASIFICACION] IN {""FES"", ""FES + SALDO""}) || (CONTAINSSTRING(FlujoSel, ""Saldos"") && Fact_Tracking[CLASIFICACION] = ""SALDO"")) && (ISBLANK(ZonaSel) || Fact_Tracking[ZONA] = ZonaSel)) VAR Criticos15 = FILTER(BasePost, Fact_Tracking[DIAS_POSTFACTURA_DH] > 15) RETURN IF(COUNTROWS(Criticos15)=0, BLANK(), PERCENTILEX.INC(Criticos15, Fact_Tracking[DIAS_POSTFACTURA_DH], 0.9))",Medidas,,NO,NO,NO,NO,NO,,OK,
"'FA Pedidos Facturados >15d' = VAR FlujoSel = SELECTEDVALUE(Dim_Vista_Ejecutiva[Flujo]) VAR ZonaSel = SELECTEDVALUE(Dim_Rango_Entrega[Zona]) VAR BasePost = FILTER(Fact_Tracking, Fact_Tracking[ES_CERRADO] = TRUE() && NOT ISBLANK(Fact_Tracking[DIAS_POSTFACTURA_DH]) && (ISBLANK(FlujoSel) || (CONTAINSSTRING(FlujoSel, ""Flujo Normal"") && Fact_Tracking[CLASIFICACION] = ""NORMAL"") || (CONTAINSSTRING(FlujoSel, ""FES"") && Fact_Tracking[CLASIFICACION] IN {""FES"", ""FES + SALDO""}) || (CONTAINSSTRING(FlujoSel, ""Saldos"") && Fact_Tracking[CLASIFICACION] = ""SALDO"")) && (ISBLANK(ZonaSel) || Fact_Tracking[ZONA] = ZonaSel)) VAR Criticos15 = FILTER(BasePost, Fact_Tracking[DIAS_POSTFACTURA_DH] > 15) VAR Resultado = COUNTROWS(Criticos15) RETURN IF(Resultado=0, BLANK(), Resultado)",Medidas,,NO,NO,NO,NO,NO,,OK,
"'FA Pedidos Facturados >20d' = VAR FlujoSel = SELECTEDVALUE(Dim_Vista_Ejecutiva[Flujo]) VAR ZonaSel = SELECTEDVALUE(Dim_Rango_Entrega[Zona]) VAR BasePost = FILTER(Fact_Tracking, Fact_Tracking[ES_CERRADO] = TRUE() && NOT ISBLANK(Fact_Tracking[DIAS_POSTFACTURA_DH]) && (ISBLANK(FlujoSel) || (CONTAINSSTRING(FlujoSel, ""Flujo Normal"") && Fact_Tracking[CLASIFICACION] = ""NORMAL"") || (CONTAINSSTRING(FlujoSel, ""FES"") && Fact_Tracking[CLASIFICACION] IN {""FES"", ""FES + SALDO""}) || (CONTAINSSTRING(FlujoSel, ""Saldos"") && Fact_Tracking[CLASIFICACION] = ""SALDO"")) && (ISBLANK(ZonaSel) || Fact_Tracking[ZONA] = ZonaSel)) VAR Criticos20 = FILTER(BasePost, Fact_Tracking[DIAS_POSTFACTURA_DH] > 20) VAR Resultado = COUNTROWS(Criticos20) RETURN IF(Resultado=0, BLANK(), Resultado)",Medidas,,NO,NO,NO,NO,NO,,OK,
"'FA Valor Retenido >15d' = VAR FlujoSel = SELECTEDVALUE(Dim_Vista_Ejecutiva[Flujo]) VAR ZonaSel = SELECTEDVALUE(Dim_Rango_Entrega[Zona]) VAR BasePost = FILTER(Fact_Tracking, Fact_Tracking[ES_CERRADO] = TRUE() && NOT ISBLANK(Fact_Tracking[DIAS_POSTFACTURA_DH]) && (ISBLANK(FlujoSel) || (CONTAINSSTRING(FlujoSel, ""Flujo Normal"") && Fact_Tracking[CLASIFICACION] = ""NORMAL"") || (CONTAINSSTRING(FlujoSel, ""FES"") && Fact_Tracking[CLASIFICACION] IN {""FES"", ""FES + SALDO""}) || (CONTAINSSTRING(FlujoSel, ""Saldos"") && Fact_Tracking[CLASIFICACION] = ""SALDO"")) && (ISBLANK(ZonaSel) || Fact_Tracking[ZONA] = ZonaSel)) VAR Criticos15 = FILTER(BasePost, Fact_Tracking[DIAS_POSTFACTURA_DH] > 15) RETURN IF(COUNTROWS(Criticos15)=0, BLANK(), SUMX(Criticos15, Fact_Tracking[PED_VALOR_NETO]))",Medidas,,NO,NO,NO,NO,NO,,OK,
'FA NS %' = [RE NS contexto],Medidas,,NO,NO,NO,NO,NO,,OK,
"'FA Pedidos Inicio Mes' = CALCULATE([FA Pedidos], KEEPFILTERS(FILTER(Dim_Fecha, Dim_Fecha[Dia_Mes] <= 7)))",Medidas,,NO,NO,NO,NO,NO,,OK,
"'FA DH Promedio Fuera SLA' = CALCULATE([RE Promedio contexto DH], KEEPFILTERS(Fact_Tracking[CUMPLE_SLA_INTERNO] = FALSE()))",Medidas,,NO,NO,NO,NO,NO,,OK,
"'FA Meses Fuera SLA Cliente Visible' = IF([FA Meses Fuera SLA Cliente] >= 2, [FA Meses Fuera SLA Cliente])",Medidas,,NO,NO,NO,NO,NO,,OK,
"'FA Recurrencia Cliente Visible' = IF([FA Meses Fuera SLA Cliente] >= 2, [FA Recurrencia Cliente])",Medidas,,NO,NO,NO,NO,NO,,OK,
"'FA Pedidos Fuera SLA Cliente Visible' = IF([FA Meses Fuera SLA Cliente] >= 2, [FA Fuera SLA])",Medidas,,NO,NO,NO,NO,NO,,OK,
"'FA % Fuera SLA Cliente Visible' = IF([FA Meses Fuera SLA Cliente] >= 2, [FA % Fuera SLA])",Medidas,,NO,NO,NO,NO,NO,,OK,
"'FA DH Fuera SLA Cliente Visible' = IF([FA Meses Fuera SLA Cliente] >= 2, [FA DH Promedio Fuera SLA])",Medidas,,NO,NO,NO,NO,NO,,OK,
"'FA Pedidos Postfactura Abiertos >15d' = VAR FlujoSel = SELECTEDVALUE(Dim_Vista_Ejecutiva[Flujo]) VAR ZonaSel = SELECTEDVALUE(Dim_Rango_Entrega[Zona]) VAR BasePost = FILTER(Fact_Tracking, Fact_Tracking[POSTFACTURA_ABIERTO] = TRUE() && NOT ISBLANK(Fact_Tracking[DIAS_POSTFACTURA_DH]) && Fact_Tracking[DIAS_POSTFACTURA_DH] > 15 && (ISBLANK(FlujoSel) || (CONTAINSSTRING(FlujoSel, ""Flujo Normal"") && Fact_Tracking[CLASIFICACION] = ""NORMAL"") || (CONTAINSSTRING(FlujoSel, ""FES"") && Fact_Tracking[CLASIFICACION] IN {""FES"", ""FES + SALDO""}) || (CONTAINSSTRING(FlujoSel, ""Saldos"") && Fact_Tracking[CLASIFICACION] = ""SALDO"")) && (ISBLANK(ZonaSel) || Fact_Tracking[ZONA] = ZonaSel)) VAR Resultado = COUNTROWS(BasePost) RETURN IF(Resultado=0, BLANK(), Resultado)",Medidas,,NO,NO,NO,NO,NO,,OK,
"'FA Clientes Recurrentes 3M Visible' = VAR Resultado = [FA Clientes Recurrentes 3M] RETURN IF(Resultado > 0, Resultado)",Medidas,,NO,NO,NO,NO,NO,,OK,
"'FA Clientes Recurrentes 2M+ Visible' = VAR Resultado = [FA Clientes Recurrentes 2M+] RETURN IF(Resultado > 0, Resultado)",Medidas,,NO,NO,NO,NO,NO,,OK,
"'FA Pedidos Fuera SLA Vendedor Recurrente' = VAR ClientesRec = FILTER(VALUES(Dim_Cliente[CLIENTE_CODIGO]), CALCULATE([FA Meses Fuera SLA Cliente]) >= 2) VAR Resultado = CALCULATE([FA Fuera SLA], KEEPFILTERS(ClientesRec)) RETURN IF(COUNTROWS(ClientesRec)>0 && Resultado>0, Resultado)",Medidas,,NO,NO,NO,NO,NO,,OK,
"'FA % Fuera SLA Vendedor Recurrente' = VAR ClientesRec = FILTER(VALUES(Dim_Cliente[CLIENTE_CODIGO]), CALCULATE([FA Meses Fuera SLA Cliente]) >= 2) VAR Fuera = CALCULATE([FA Fuera SLA], KEEPFILTERS(ClientesRec)) VAR Total = CALCULATE([FA Pedidos], KEEPFILTERS(ClientesRec)) RETURN IF(COUNTROWS(ClientesRec)>0, DIVIDE(Fuera, Total))",Medidas,,NO,NO,NO,NO,NO,,OK,
"'FA DH Fuera SLA Vendedor Recurrente' = VAR ClientesRec = FILTER(VALUES(Dim_Cliente[CLIENTE_CODIGO]), CALCULATE([FA Meses Fuera SLA Cliente]) >= 2) VAR Resultado = CALCULATE([FA DH Promedio Fuera SLA], KEEPFILTERS(ClientesRec)) RETURN IF(COUNTROWS(ClientesRec)>0, Resultado)",Medidas,,NO,NO,NO,NO,NO,,OK,
"'FA Líneas Fuera SLA Vendedor Recurrente' = VAR ClientesRec = FILTER(VALUES(Dim_Cliente[CLIENTE_CODIGO]), CALCULATE([FA Meses Fuera SLA Cliente]) >= 2) VAR Resultado = CALCULATE([FA Líneas Fuera SLA], KEEPFILTERS(ClientesRec)) RETURN IF(COUNTROWS(ClientesRec)>0, Resultado)",Medidas,,NO,NO,NO,NO,NO,,OK,
"'FA Carga Pedidos Creados' = VAR FlujoSel = SELECTEDVALUE(Dim_Vista_Ejecutiva[Flujo]) VAR ZonaSel = SELECTEDVALUE(Dim_Rango_Entrega[Zona]) RETURN CALCULATE(DISTINCTCOUNT(Fact_Tracking[PED_NUMERO_PEDIDO]), KEEPFILTERS(FILTER(Fact_Tracking, Fact_Tracking[ES_CERRADO] = TRUE() && NOT ISBLANK(Fact_Tracking[DIAS_INTERNOS_DH]) && (ISBLANK(FlujoSel) || (CONTAINSSTRING(FlujoSel, ""Flujo Normal"") && Fact_Tracking[CLASIFICACION] = ""NORMAL"") || (CONTAINSSTRING(FlujoSel, ""FES"") && Fact_Tracking[CLASIFICACION] IN {""FES"", ""FES + SALDO""}) || (CONTAINSSTRING(FlujoSel, ""Saldos"") && Fact_Tracking[CLASIFICACION] = ""SALDO"")) && (ISBLANK(ZonaSel) || Fact_Tracking[ZONA] = ZonaSel))))",Medidas,,NO,NO,NO,NO,NO,,OK,
"'FA Carga Pedidos FES' = CALCULATE([FA Carga Pedidos Creados], KEEPFILTERS(Fact_Tracking[CLASIFICACION] IN {""FES"", ""FES + SALDO""}))",Medidas,,NO,NO,NO,NO,NO,,OK,
"'FA Carga % FES' = DIVIDE([FA Carga Pedidos FES], [FA Carga Pedidos Creados])",Medidas,,NO,NO,NO,NO,NO,,OK,
"'FA Carga % del Mes' = VAR TotalMes = CALCULATE([FA Carga Pedidos Creados], REMOVEFILTERS(Dim_Fecha[Momento_Mes])) RETURN DIVIDE([FA Carga Pedidos Creados], TotalMes)",Medidas,,NO,NO,NO,NO,NO,,OK,
"'FA Carga Líneas' = VAR FlujoSel = SELECTEDVALUE(Dim_Vista_Ejecutiva[Flujo]) VAR ZonaSel = SELECTEDVALUE(Dim_Rango_Entrega[Zona]) VAR PedidosCarga = CALCULATETABLE(VALUES(Fact_Tracking[PED_NUMERO_PEDIDO]), KEEPFILTERS(FILTER(Fact_Tracking, Fact_Tracking[ES_CERRADO] = TRUE() && NOT ISBLANK(Fact_Tracking[DIAS_INTERNOS_DH]) && (ISBLANK(FlujoSel) || (CONTAINSSTRING(FlujoSel, ""Flujo Normal"") && Fact_Tracking[CLASIFICACION] = ""NORMAL"") || (CONTAINSSTRING(FlujoSel, ""FES"") && Fact_Tracking[CLASIFICACION] IN {""FES"", ""FES + SALDO""}) || (CONTAINSSTRING(FlujoSel, ""Saldos"") && Fact_Tracking[CLASIFICACION] = ""SALDO"")) && (ISBLANK(ZonaSel) || Fact_Tracking[ZONA] = ZonaSel)))) RETURN CALCULATE(SUM(Lineas_y_unidades_por_pedidos[Lineas]), TREATAS(PedidosCarga, Lineas_y_unidades_por_pedidos[Pedido]))",Medidas,,NO,NO,NO,NO,NO,,OK,
"'FA Carga Unidades' = VAR FlujoSel = SELECTEDVALUE(Dim_Vista_Ejecutiva[Flujo]) VAR ZonaSel = SELECTEDVALUE(Dim_Rango_Entrega[Zona]) VAR PedidosCarga = CALCULATETABLE(VALUES(Fact_Tracking[PED_NUMERO_PEDIDO]), KEEPFILTERS(FILTER(Fact_Tracking, Fact_Tracking[ES_CERRADO] = TRUE() && NOT ISBLANK(Fact_Tracking[DIAS_INTERNOS_DH]) && (ISBLANK(FlujoSel) || (CONTAINSSTRING(FlujoSel, ""Flujo Normal"") && Fact_Tracking[CLASIFICACION] = ""NORMAL"") || (CONTAINSSTRING(FlujoSel, ""FES"") && Fact_Tracking[CLASIFICACION] IN {""FES"", ""FES + SALDO""}) || (CONTAINSSTRING(FlujoSel, ""Saldos"") && Fact_Tracking[CLASIFICACION] = ""SALDO"")) && (ISBLANK(ZonaSel) || Fact_Tracking[ZONA] = ZonaSel)))) RETURN CALCULATE(SUM(Lineas_y_unidades_por_pedidos[Suma_Unidades]), TREATAS(PedidosCarga, Lineas_y_unidades_por_pedidos[Pedido]))",Medidas,,NO,NO,NO,NO,NO,,OK,
"'FA Carga Líneas x Pedido' = DIVIDE([FA Carga Líneas], [FA Carga Pedidos Creados])",Medidas,,NO,NO,NO,NO,NO,,OK,
"'FA Carga Unidades x Pedido' = DIVIDE([FA Carga Unidades], [FA Carga Pedidos Creados])",Medidas,,NO,NO,NO,NO,NO,,OK,
'FA Madurez Cohorte SLA %' = 1.0,Medidas,,NO,NO,NO,NO,NO,,OK,
"'FA Delta NS vs Resto' = VAR NSActual = [FA NS %] VAR NSResto = CALCULATE([FA NS %], REMOVEFILTERS(Dim_Fecha[Momento_Mes]), TREATAS({""Resto del mes""}, Dim_Fecha[Momento_Mes])) RETURN IF(ISBLANK(NSActual) || ISBLANK(NSResto), BLANK(), NSActual - NSResto)",Medidas,,NO,NO,NO,NO,NO,,OK,
"'FA Lectura Carga SLA' = VAR Momento = SELECTEDVALUE(Dim_Fecha[Momento_Mes]) VAR Carga = [FA Carga % del Mes] VAR PorcFES = [FA Carga % FES] VAR DeltaNS = [FA Delta NS vs Resto] RETURN SWITCH(TRUE(), ISBLANK([FA Carga Pedidos Creados]), BLANK(), Momento = ""Resto del mes"", ""BASE DE COMPARACIÓN"", Momento = ""Cierre · últimos 7 DH"" && DeltaNS <= -0.10 && PorcFES >= 0.35 && Carga >= 0.35, ""FES + ALTA CARGA COINCIDEN CON CAÍDA"", DeltaNS <= -0.10 && Carga >= 0.35, ""ALTA CARGA COINCIDE CON CAÍDA"", Momento = ""Inicio · primeros 7 DH"" && DeltaNS <= -0.08, ""ARRASTRE VISIBLE AL INICIO"", PorcFES >= 0.35 && DeltaNS > -0.05, ""FES ALTA SIN CAÍDA RELEVANTE"", ""SIN DETERIORO RELEVANTE"")",Medidas,,NO,NO,NO,NO,NO,,OK,
"'RE SLA interno objetivo DH' = VAR Zona = SELECTEDVALUE(Dim_Rango_Entrega[Zona]) RETURN IF(Zona=""Santiago"",4,IF(Zona=""Regiones"",5,BLANK()))",Medidas,,NO,NO,NO,NO,NO,,OK,
"'RE SLA cliente objetivo DH' = VAR Zona = SELECTEDVALUE(Dim_Rango_Entrega[Zona]) RETURN IF(Zona=""Santiago"",5,IF(Zona=""Regiones"",7,BLANK()))",Medidas,,NO,NO,NO,NO,NO,,OK,
