CLIENTE,VENDEDOR,FLUJO,MES_1,FUERA_SLA_MES_1,MES_2,FUERA_SLA_MES_2,MES_3,FUERA_SLA_MES_3,MESES_FUERA_SLA,CLASIFICACION_RECURRENCIA,PEDIDOS_TOTAL,PEDIDOS_FUERA_SLA,PORCENTAJE_FUERA_SLA,PROMEDIO_DH_FUERA_SLA,P90_DH_FUERA_SLA
411430,,,2026-05,NO,2026-06,NO,2026-07,NO,0,Sin incumplimiento,14,0,0.0,,
370088,V615,FES,2026-05,NO,2026-06,SI,2026-07,NO,1,Puntual 1M,5,1,20.0,11.0,11
445107,,,2026-05,NO,2026-06,NO,2026-07,NO,0,Sin incumplimiento,3,0,0.0,,
410159,V585,FES;FES + SALDO;NORMAL,2026-05,SI,2026-06,SI,2026-07,SI,3,Recurrente 3M,14,7,50.0,5.86,6
981505,V612,NORMAL,2026-05,SI,2026-06,SI,2026-07,NO,2,Recurrente 2M,18,3,16.67,6.0,6
410586,V612,FES;NORMAL,2026-05,SI,2026-06,SI,2026-07,NO,2,Recurrente 2M,17,4,23.53,5.25,5
430671,,,2026-05,NO,2026-06,NO,2026-07,NO,0,Sin incumplimiento,1,0,0.0,,
410158,,,2026-05,NO,2026-06,NO,2026-07,NO,0,Sin incumplimiento,3,0,0.0,,
411402,V612,FES,2026-05,SI,2026-06,NO,2026-07,NO,1,Puntual 1M,36,1,2.78,5.0,5
410313,,,2026-05,NO,2026-06,NO,2026-07,NO,0,Sin incumplimiento,3,0,0.0,,
400496,,,2026-05,NO,2026-06,NO,2026-07,NO,0,Sin incumplimiento,2,0,0.0,,
445209,,,2026-05,NO,2026-06,NO,2026-07,NO,0,Sin incumplimiento,5,0,0.0,,
440382,,,2026-05,NO,2026-06,NO,2026-07,NO,0,Sin incumplimiento,5,0,0.0,,
420587,,,2026-05,NO,2026-06,NO,2026-07,NO,0,Sin incumplimiento,1,0,0.0,,
430904,,,2026-05,NO,2026-06,NO,2026-07,NO,0,Sin incumplimiento,1,0,0.0,,
371039,,,2026-05,NO,2026-06,NO,2026-07,NO,0,Sin incumplimiento,1,0,0.0,,
460257,,,2026-05,NO,2026-06,NO,2026-07,NO,0,Sin incumplimiento,28,0,0.0,,
411442,,,2026-05,NO,2026-06,NO,2026-07,NO,0,Sin incumplimiento,3,0,0.0,,
371062,,,2026-05,NO,2026-06,NO,2026-07,NO,0,Sin incumplimiento,4,0,0.0,,
371040,,,2026-05,NO,2026-06,NO,2026-07,NO,0,Sin incumplimiento,1,0,0.0,,
411460,V612,NORMAL,2026-05,SI,2026-06,NO,2026-07,NO,1,Puntual 1M,5,1,20.0,5.0,5
440172,V615,NORMAL,2026-05,SI,2026-06,NO,2026-07,NO,1,Puntual 1M,6,1,16.67,6.0,6
440083,,,2026-05,NO,2026-06,NO,2026-07,NO,0,Sin incumplimiento,8,0,0.0,,
981528,V612,FES,2026-05,NO,2026-06,SI,2026-07,NO,1,Puntual 1M,7,2,28.57,6.0,6
981546,,,2026-05,NO,2026-06,NO,2026-07,NO,0,Sin incumplimiento,3,0,0.0,,
970340,,,2026-05,NO,2026-06,NO,2026-07,NO,0,Sin incumplimiento,1,0,0.0,,
445124,V610,FES,2026-05,SI,2026-06,NO,2026-07,NO,1,Puntual 1M,5,1,20.0,8.0,8
371038,V612,NORMAL,2026-05,NO,2026-06,NO,2026-07,SI,1,Puntual 1M,34,1,2.94,5.0,5
430160,,,2026-05,NO,2026-06,NO,2026-07,NO,0,Sin incumplimiento,1,0,0.0,,
430435,,,2026-05,NO,2026-06,NO,2026-07,NO,0,Sin incumplimiento,1,0,0.0,,
410702,,,2026-05,NO,2026-06,NO,2026-07,NO,0,Sin incumplimiento,2,0,0.0,,
481023,V650,NORMAL,2026-05,SI,2026-06,NO,2026-07,NO,1,Puntual 1M,5,3,60.0,5.67,5
400567,,,2026-05,NO,2026-06,NO,2026-07,NO,0,Sin incumplimiento,1,0,0.0,,
411140,V614,NORMAL,2026-05,SI,2026-06,NO,2026-07,NO,1,Puntual 1M,4,1,25.0,5.0,5
430676,V615,FES,2026-05,NO,2026-06,SI,2026-07,NO,1,Puntual 1M,5,2,40.0,7.5,7
455058,,,2026-05,NO,2026-06,NO,2026-07,NO,0,Sin incumplimiento,2,0,0.0,,
410919,,,2026-05,NO,2026-06,NO,2026-07,NO,0,Sin incumplimiento,3,0,0.0,,
440549,V650,FES,2026-05,NO,2026-06,SI,2026-07,NO,1,Puntual 1M,3,1,33.33,9.0,9
400544,,,2026-05,NO,2026-06,NO,2026-07,NO,0,Sin incumplimiento,1,0,0.0,,
455222,,,2026-05,NO,2026-06,NO,2026-07,NO,0,Sin incumplimiento,1,0,0.0,,
400572,,,2026-05,NO,2026-06,NO,2026-07,NO,0,Sin incumplimiento,2,0,0.0,,
420771,,,2026-05,NO,2026-06,NO,2026-07,NO,0,Sin incumplimiento,1,0,0.0,,
430946,V615,FES,2026-05,SI,2026-06,NO,2026-07,NO,1,Puntual 1M,3,1,33.33,5.0,5
410706,,,2026-05,NO,2026-06,NO,2026-07,NO,0,Sin incumplimiento,2,0,0.0,,
496024,,,2026-05,NO,2026-06,NO,2026-07,NO,0,Sin incumplimiento,2,0,0.0,,
430853,,,2026-05,NO,2026-06,NO,2026-07,NO,0,Sin incumplimiento,1,0,0.0,,
370104,,,2026-05,NO,2026-06,NO,2026-07,NO,0,Sin incumplimiento,4,0,0.0,,
411503,,,2026-05,NO,2026-06,NO,2026-07,NO,0,Sin incumplimiento,3,0,0.0,,
430852,V650,FES,2026-05,NO,2026-06,SI,2026-07,NO,1,Puntual 1M,2,1,50.0,5.0,5
410528,,,2026-05,NO,2026-06,NO,2026-07,NO,0,Sin incumplimiento,3,0,0.0,,
410622,,,2026-05,NO,2026-06,NO,2026-07,NO,0,Sin incumplimiento,5,0,0.0,,
411190,,,2026-05,NO,2026-06,NO,2026-07,NO,0,Sin incumplimiento,1,0,0.0,,
430633,,,2026-05,NO,2026-06,NO,2026-07,NO,0,Sin incumplimiento,5,0,0.0,,
410220,,,2026-05,NO,2026-06,NO,2026-07,NO,0,Sin incumplimiento,1,0,0.0,,
411472,,,2026-05,NO,2026-06,NO,2026-07,NO,0,Sin incumplimiento,1,0,0.0,,
420466,,,2026-05,NO,2026-06,NO,2026-07,NO,0,Sin incumplimiento,2,0,0.0,,
981533,,,2026-05,NO,2026-06,NO,2026-07,NO,0,Sin incumplimiento,1,0,0.0,,
411167,,,2026-05,NO,2026-06,NO,2026-07,NO,0,Sin incumplimiento,2,0,0.0,,
420644,,,2026-05,NO,2026-06,NO,2026-07,NO,0,Sin incumplimiento,2,0,0.0,,
410455,V615;V650,FES;NORMAL,2026-05,SI,2026-06,SI,2026-07,SI,3,Recurrente 3M,8,3,37.5,5.0,5
430074,,,2026-05,NO,2026-06,NO,2026-07,NO,0,Sin incumplimiento,2,0,0.0,,
460237,,,2026-05,NO,2026-06,NO,2026-07,NO,0,Sin incumplimiento,1,0,0.0,,
460051,V650,FES,2026-05,NO,2026-06,SI,2026-07,NO,1,Puntual 1M,5,1,20.0,20.0,20
411067,,,2026-05,NO,2026-06,NO,2026-07,NO,0,Sin incumplimiento,1,0,0.0,,
970007,V906,FES,2026-05,NO,2026-06,SI,2026-07,NO,1,Puntual 1M,13,1,7.69,13.0,13
411294,,,2026-05,NO,2026-06,NO,2026-07,NO,0,Sin incumplimiento,2,0,0.0,,
460004,V615,NORMAL,2026-05,SI,2026-06,NO,2026-07,NO,1,Puntual 1M,3,1,33.33,5.0,5
411367,,,2026-05,NO,2026-06,NO,2026-07,NO,0,Sin incumplimiento,1,0,0.0,,
430436,,,2026-05,NO,2026-06,NO,2026-07,NO,0,Sin incumplimiento,1,0,0.0,,
970336,,,2026-05,NO,2026-06,NO,2026-07,NO,0,Sin incumplimiento,2,0,0.0,,
410563,,,2026-05,NO,2026-06,NO,2026-07,NO,0,Sin incumplimiento,1,0,0.0,,
430526,,,2026-05,NO,2026-06,NO,2026-07,NO,0,Sin incumplimiento,2,0,0.0,,
400692,,,2026-05,NO,2026-06,NO,2026-07,NO,0,Sin incumplimiento,1,0,0.0,,
430472,V615,NORMAL,2026-05,SI,2026-06,NO,2026-07,NO,1,Puntual 1M,2,1,50.0,6.0,6
411484,V612,NORMAL,2026-05,NO,2026-06,SI,2026-07,NO,1,Puntual 1M,3,1,33.33,13.0,13
360002,,,2026-05,NO,2026-06,NO,2026-07,NO,0,Sin incumplimiento,1,0,0.0,,
410169,,,2026-05,NO,2026-06,NO,2026-07,NO,0,Sin incumplimiento,3,0,0.0,,
430717,,,2026-05,NO,2026-06,NO,2026-07,NO,0,Sin incumplimiento,3,0,0.0,,
400319,V615,FES,2026-05,NO,2026-06,SI,2026-07,NO,1,Puntual 1M,3,1,33.33,5.0,5
420234,,,2026-05,NO,2026-06,NO,2026-07,NO,0,Sin incumplimiento,6,0,0.0,,
420571,,,2026-05,NO,2026-06,NO,2026-07,NO,0,Sin incumplimiento,1,0,0.0,,
420064,,,2026-05,NO,2026-06,NO,2026-07,NO,0,Sin incumplimiento,2,0,0.0,,
400666,V615,FES,2026-05,NO,2026-06,SI,2026-07,NO,1,Puntual 1M,2,1,50.0,10.0,10
440394,,,2026-05,NO,2026-06,NO,2026-07,NO,0,Sin incumplimiento,1,0,0.0,,
455025,,,2026-05,NO,2026-06,NO,2026-07,NO,0,Sin incumplimiento,1,0,0.0,,
400495,V615,FES,2026-05,NO,2026-06,SI,2026-07,NO,1,Puntual 1M,4,1,25.0,6.0,6
430943,,,2026-05,NO,2026-06,NO,2026-07,NO,0,Sin incumplimiento,1,0,0.0,,
370103,,,2026-05,NO,2026-06,NO,2026-07,NO,0,Sin incumplimiento,1,0,0.0,,
400442,,,2026-05,NO,2026-06,NO,2026-07,NO,0,Sin incumplimiento,8,0,0.0,,
440425,V610,NORMAL,2026-05,SI,2026-06,NO,2026-07,SI,2,Recurrente 2M,4,2,50.0,8.0,7
455018,,,2026-05,NO,2026-06,NO,2026-07,NO,0,Sin incumplimiento,7,0,0.0,,
440360,,,2026-05,NO,2026-06,NO,2026-07,NO,0,Sin incumplimiento,1,0,0.0,,
430578,V612,FES,2026-05,NO,2026-06,SI,2026-07,NO,1,Puntual 1M,7,1,14.29,18.0,18
430881,V612,NORMAL,2026-05,SI,2026-06,SI,2026-07,NO,2,Recurrente 2M,4,2,50.0,9.0,7
411177,,,2026-05,NO,2026-06,NO,2026-07,NO,0,Sin incumplimiento,2,0,0.0,,
411410,V612,NORMAL,2026-05,NO,2026-06,SI,2026-07,NO,1,Puntual 1M,7,1,14.29,7.0,7
440409,V585,FES,2026-05,NO,2026-06,SI,2026-07,NO,1,Puntual 1M,3,1,33.33,8.0,8
463000,,,2026-05,NO,2026-06,NO,2026-07,NO,0,Sin incumplimiento,1,0,0.0,,
420192,,,2026-05,NO,2026-06,NO,2026-07,NO,0,Sin incumplimiento,1,0,0.0,,
400424,,,2026-05,NO,2026-06,NO,2026-07,NO,0,Sin incumplimiento,4,0,0.0,,
371002,,,2026-05,NO,2026-06,NO,2026-07,NO,0,Sin incumplimiento,2,0,0.0,,
981560,V612,FES;NORMAL,2026-05,SI,2026-06,SI,2026-07,NO,2,Recurrente 2M,12,4,33.33,7.25,8
360019,,,2026-05,NO,2026-06,NO,2026-07,NO,0,Sin incumplimiento,2,0,0.0,,
400479,,,2026-05,NO,2026-06,NO,2026-07,NO,0,Sin incumplimiento,3,0,0.0,,
981625,,,2026-05,NO,2026-06,NO,2026-07,NO,0,Sin incumplimiento,3,0,0.0,,
420450,V585,FES,2026-05,NO,2026-06,NO,2026-07,SI,1,Puntual 1M,13,1,7.69,5.0,5
400477,,,2026-05,NO,2026-06,NO,2026-07,NO,0,Sin incumplimiento,1,0,0.0,,
371001,,,2026-05,NO,2026-06,NO,2026-07,NO,0,Sin incumplimiento,1,0,0.0,,
371044,V614,NORMAL,2026-05,SI,2026-06,NO,2026-07,NO,1,Puntual 1M,4,1,25.0,7.0,7
445057,,,2026-05,NO,2026-06,NO,2026-07,NO,0,Sin incumplimiento,1,0,0.0,,
411469,,,2026-05,NO,2026-06,NO,2026-07,NO,0,Sin incumplimiento,1,0,0.0,,
360018,V614,NORMAL,2026-05,SI,2026-06,NO,2026-07,NO,1,Puntual 1M,2,1,50.0,5.0,5
430446,,,2026-05,NO,2026-06,NO,2026-07,NO,0,Sin incumplimiento,1,0,0.0,,
400456,,,2026-05,NO,2026-06,NO,2026-07,NO,0,Sin incumplimiento,2,0,0.0,,
411318,,,2026-05,NO,2026-06,NO,2026-07,NO,0,Sin incumplimiento,2,0,0.0,,
495109,,,2026-05,NO,2026-06,NO,2026-07,NO,0,Sin incumplimiento,1,0,0.0,,
400364,,,2026-05,NO,2026-06,NO,2026-07,NO,0,Sin incumplimiento,1,0,0.0,,
455352,,,2026-05,NO,2026-06,NO,2026-07,NO,0,Sin incumplimiento,2,0,0.0,,
460137,V650,NORMAL,2026-05,NO,2026-06,NO,2026-07,SI,1,Puntual 1M,3,2,66.67,6.0,6
430493,V615,NORMAL,2026-05,SI,2026-06,NO,2026-07,NO,1,Puntual 1M,3,1,33.33,5.0,5
410775,V614,NORMAL,2026-05,SI,2026-06,NO,2026-07,NO,1,Puntual 1M,2,1,50.0,11.0,11
411179,,,2026-05,NO,2026-06,NO,2026-07,NO,0,Sin incumplimiento,3,0,0.0,,
420263,V615,FES,2026-05,NO,2026-06,SI,2026-07,NO,1,Puntual 1M,5,1,20.0,7.0,7
430743,V615;V650,NORMAL,2026-05,SI,2026-06,NO,2026-07,SI,2,Recurrente 2M,3,2,66.67,5.0,5
981617,V612,NORMAL,2026-05,NO,2026-06,SI,2026-07,NO,1,Puntual 1M,2,1,50.0,5.0,5
400560,V612,FES;NORMAL,2026-05,SI,2026-06,SI,2026-07,SI,3,Recurrente 3M,14,4,28.57,6.5,7
420090,,,2026-05,NO,2026-06,NO,2026-07,NO,0,Sin incumplimiento,2,0,0.0,,
460213,V650,NORMAL,2026-05,NO,2026-06,SI,2026-07,NO,1,Puntual 1M,4,3,75.0,10.33,10
420773,,,2026-05,NO,2026-06,NO,2026-07,NO,0,Sin incumplimiento,1,0,0.0,,
420415,,,2026-05,NO,2026-06,NO,2026-07,NO,0,Sin incumplimiento,1,0,0.0,,
420421,,,2026-05,NO,2026-06,NO,2026-07,NO,0,Sin incumplimiento,8,0,0.0,,
420116,,,2026-05,NO,2026-06,NO,2026-07,NO,0,Sin incumplimiento,1,0,0.0,,
400471,V615,FES,2026-05,NO,2026-06,SI,2026-07,NO,1,Puntual 1M,2,1,50.0,7.0,7
400553,,,2026-05,NO,2026-06,NO,2026-07,NO,0,Sin incumplimiento,1,0,0.0,,
410054,,,2026-05,NO,2026-06,NO,2026-07,NO,0,Sin incumplimiento,2,0,0.0,,
420599,,,2026-05,NO,2026-06,NO,2026-07,NO,0,Sin incumplimiento,1,0,0.0,,
430849,,,2026-05,NO,2026-06,NO,2026-07,NO,0,Sin incumplimiento,1,0,0.0,,
430896,,,2026-05,NO,2026-06,NO,2026-07,NO,0,Sin incumplimiento,1,0,0.0,,
400025,,,2026-05,NO,2026-06,NO,2026-07,NO,0,Sin incumplimiento,1,0,0.0,,
400566,,,2026-05,NO,2026-06,NO,2026-07,NO,0,Sin incumplimiento,1,0,0.0,,
456023,,,2026-05,NO,2026-06,NO,2026-07,NO,0,Sin incumplimiento,1,0,0.0,,
440019,,,2026-05,NO,2026-06,NO,2026-07,NO,0,Sin incumplimiento,2,0,0.0,,
420630,V615,NORMAL,2026-05,SI,2026-06,NO,2026-07,NO,1,Puntual 1M,2,1,50.0,13.0,13
370068,,,2026-05,NO,2026-06,NO,2026-07,NO,0,Sin incumplimiento,1,0,0.0,,
411483,,,2026-05,NO,2026-06,NO,2026-07,NO,0,Sin incumplimiento,1,0,0.0,,
420490,,,2026-05,NO,2026-06,NO,2026-07,NO,0,Sin incumplimiento,2,0,0.0,,
400606,,,2026-05,NO,2026-06,NO,2026-07,NO,0,Sin incumplimiento,1,0,0.0,,
370064,,,2026-05,NO,2026-06,NO,2026-07,NO,0,Sin incumplimiento,1,0,0.0,,
430893,,,2026-05,NO,2026-06,NO,2026-07,NO,0,Sin incumplimiento,3,0,0.0,,
400457,,,2026-05,NO,2026-06,NO,2026-07,NO,0,Sin incumplimiento,1,0,0.0,,
981476,,,2026-05,NO,2026-06,NO,2026-07,NO,0,Sin incumplimiento,3,0,0.0,,
550192,,,2026-05,NO,2026-06,NO,2026-07,NO,0,Sin incumplimiento,1,0,0.0,,
150208,,,2026-05,NO,2026-06,NO,2026-07,NO,0,Sin incumplimiento,2,0,0.0,,
950044,,,2026-05,NO,2026-06,NO,2026-07,NO,0,Sin incumplimiento,2,0,0.0,,
981567,,,2026-05,NO,2026-06,NO,2026-07,NO,0,Sin incumplimiento,12,0,0.0,,
750034,,,2026-05,NO,2026-06,NO,2026-07,NO,0,Sin incumplimiento,7,0,0.0,,
570022,,,2026-05,NO,2026-06,NO,2026-07,NO,0,Sin incumplimiento,2,0,0.0,,
981611,,,2026-05,NO,2026-06,NO,2026-07,NO,0,Sin incumplimiento,4,0,0.0,,
150041,,,2026-05,NO,2026-06,NO,2026-07,NO,0,Sin incumplimiento,4,0,0.0,,
150234,,,2026-05,NO,2026-06,NO,2026-07,NO,0,Sin incumplimiento,8,0,0.0,,
150148,,,2026-05,NO,2026-06,NO,2026-07,NO,0,Sin incumplimiento,2,0,0.0,,
150301,,,2026-05,NO,2026-06,NO,2026-07,NO,0,Sin incumplimiento,8,0,0.0,,
900009,V800,NORMAL,2026-05,SI,2026-06,NO,2026-07,NO,1,Puntual 1M,7,1,14.29,6.0,6
465021,,,2026-05,NO,2026-06,NO,2026-07,NO,0,Sin incumplimiento,1,0,0.0,,
130034,V817,FES,2026-05,NO,2026-06,SI,2026-07,NO,1,Puntual 1M,5,1,20.0,9.0,9
350013,,,2026-05,NO,2026-06,NO,2026-07,NO,0,Sin incumplimiento,1,0,0.0,,
600095,,,2026-05,NO,2026-06,NO,2026-07,NO,0,Sin incumplimiento,3,0,0.0,,
757011,,,2026-05,NO,2026-06,NO,2026-07,NO,0,Sin incumplimiento,1,0,0.0,,
981608,,,2026-05,NO,2026-06,NO,2026-07,NO,0,Sin incumplimiento,1,0,0.0,,
650464,V612,FES,2026-05,SI,2026-06,NO,2026-07,NO,1,Puntual 1M,7,1,14.29,6.0,6
570078,,,2026-05,NO,2026-06,NO,2026-07,NO,0,Sin incumplimiento,2,0,0.0,,
900199,V800,NORMAL,2026-05,NO,2026-06,SI,2026-07,NO,1,Puntual 1M,3,1,33.33,9.0,9
750015,,,2026-05,NO,2026-06,NO,2026-07,NO,0,Sin incumplimiento,4,0,0.0,,
371031,,,2026-05,NO,2026-06,NO,2026-07,NO,0,Sin incumplimiento,5,0,0.0,,
180077,,,2026-05,NO,2026-06,NO,2026-07,NO,0,Sin incumplimiento,2,0,0.0,,
150230,V585,NORMAL,2026-05,SI,2026-06,SI,2026-07,NO,2,Recurrente 2M,5,2,40.0,11.0,8
600016,V108,FES;NORMAL,2026-05,SI,2026-06,SI,2026-07,NO,2,Recurrente 2M,10,2,20.0,6.5,6
600012,,,2026-05,NO,2026-06,NO,2026-07,NO,0,Sin incumplimiento,1,0,0.0,,
650381,V580,NORMAL,2026-05,NO,2026-06,NO,2026-07,SI,1,Puntual 1M,10,1,10.0,7.0,7
500006,V550,NORMAL,2026-05,NO,2026-06,SI,2026-07,NO,1,Puntual 1M,2,1,50.0,6.0,6
210070,,,2026-05,NO,2026-06,NO,2026-07,NO,0,Sin incumplimiento,1,0,0.0,,
530324,,,2026-05,NO,2026-06,NO,2026-07,NO,0,Sin incumplimiento,1,0,0.0,,
650347,V580,FES;NORMAL,2026-05,SI,2026-06,SI,2026-07,NO,2,Recurrente 2M,9,4,44.44,12.5,14
700036,V108,NORMAL,2026-05,SI,2026-06,NO,2026-07,NO,1,Puntual 1M,4,1,25.0,10.0,10
130045,,,2026-05,NO,2026-06,NO,2026-07,NO,0,Sin incumplimiento,3,0,0.0,,
345099,,,2026-05,NO,2026-06,NO,2026-07,NO,0,Sin incumplimiento,7,0,0.0,,
650090,V580,NORMAL,2026-05,NO,2026-06,SI,2026-07,NO,1,Puntual 1M,3,1,33.33,6.0,6
210154,,,2026-05,NO,2026-06,NO,2026-07,NO,0,Sin incumplimiento,2,0,0.0,,
730050,,,2026-05,NO,2026-06,NO,2026-07,NO,0,Sin incumplimiento,3,0,0.0,,
520050,,,2026-05,NO,2026-06,NO,2026-07,NO,0,Sin incumplimiento,5,0,0.0,,
571001,V550,FES,2026-05,NO,2026-06,SI,2026-07,NO,1,Puntual 1M,11,1,9.09,6.0,6
680010,,,2026-05,NO,2026-06,NO,2026-07,NO,0,Sin incumplimiento,3,0,0.0,,
500216,,,2026-05,NO,2026-06,NO,2026-07,NO,0,Sin incumplimiento,2,0,0.0,,
150317,,,2026-05,NO,2026-06,NO,2026-07,NO,0,Sin incumplimiento,1,0,0.0,,
550060,,,2026-05,NO,2026-06,NO,2026-07,NO,0,Sin incumplimiento,5,0,0.0,,
325034,,,2026-05,NO,2026-06,NO,2026-07,NO,0,Sin incumplimiento,3,0,0.0,,
505017,,,2026-05,NO,2026-06,NO,2026-07,NO,0,Sin incumplimiento,1,0,0.0,,
600140,,,2026-05,NO,2026-06,NO,2026-07,NO,0,Sin incumplimiento,3,0,0.0,,
480041,V400,NORMAL,2026-05,NO,2026-06,SI,2026-07,NO,1,Puntual 1M,4,1,25.0,10.0,10
900201,,,2026-05,NO,2026-06,NO,2026-07,NO,0,Sin incumplimiento,3,0,0.0,,
590042,V550;V610,FES;NORMAL,2026-05,SI,2026-06,SI,2026-07,NO,2,Recurrente 2M,10,3,30.0,12.0,7
540064,V550,FES;NORMAL,2026-05,SI,2026-06,SI,2026-07,NO,2,Recurrente 2M,6,4,66.67,16.5,21
550245,,,2026-05,NO,2026-06,NO,2026-07,NO,0,Sin incumplimiento,3,0,0.0,,
180020,,,2026-05,NO,2026-06,NO,2026-07,NO,0,Sin incumplimiento,1,0,0.0,,
210184,,,2026-05,NO,2026-06,NO,2026-07,NO,0,Sin incumplimiento,1,0,0.0,,
595011,V108,FES,2026-05,NO,2026-06,SI,2026-07,NO,1,Puntual 1M,2,1,50.0,14.0,14
700164,,,2026-05,NO,2026-06,NO,2026-07,NO,0,Sin incumplimiento,1,0,0.0,,
470036,,,2026-05,NO,2026-06,NO,2026-07,NO,0,Sin incumplimiento,1,0,0.0,,
361005,,,2026-05,NO,2026-06,NO,2026-07,NO,0,Sin incumplimiento,1,0,0.0,,
495028,V650,FES,2026-05,NO,2026-06,SI,2026-07,NO,1,Puntual 1M,3,1,33.33,5.0,5
360001,,,2026-05,NO,2026-06,NO,2026-07,NO,0,Sin incumplimiento,1,0,0.0,,
465025,,,2026-05,NO,2026-06,NO,2026-07,NO,0,Sin incumplimiento,1,0,0.0,,
470052,V610,NORMAL,2026-05,SI,2026-06,NO,2026-07,NO,1,Puntual 1M,4,1,25.0,6.0,6
495039,,,2026-05,NO,2026-06,NO,2026-07,NO,0,Sin incumplimiento,1,0,0.0,,
462035,,,2026-05,NO,2026-06,NO,2026-07,NO,0,Sin incumplimiento,1,0,0.0,,
462050,,,2026-05,NO,2026-06,NO,2026-07,NO,0,Sin incumplimiento,2,0,0.0,,
650030,V580,NORMAL,2026-05,SI,2026-06,NO,2026-07,NO,1,Puntual 1M,5,1,20.0,6.0,6
110044,V861,FES;NORMAL,2026-05,SI,2026-06,SI,2026-07,NO,2,Recurrente 2M,14,5,35.71,9.4,10
644014,,,2026-05,NO,2026-06,NO,2026-07,NO,0,Sin incumplimiento,2,0,0.0,,
250041,,,2026-05,NO,2026-06,NO,2026-07,NO,0,Sin incumplimiento,3,0,0.0,,
680017,,,2026-05,NO,2026-06,NO,2026-07,NO,0,Sin incumplimiento,2,0,0.0,,
850166,,,2026-05,NO,2026-06,NO,2026-07,NO,0,Sin incumplimiento,2,0,0.0,,
895017,,,2026-05,NO,2026-06,NO,2026-07,NO,0,Sin incumplimiento,5,0,0.0,,
335108,V400,NORMAL,2026-05,NO,2026-06,SI,2026-07,NO,1,Puntual 1M,3,1,33.33,7.0,7
710012,,,2026-05,NO,2026-06,NO,2026-07,NO,0,Sin incumplimiento,1,0,0.0,,
580011,,,2026-05,NO,2026-06,NO,2026-07,NO,0,Sin incumplimiento,2,0,0.0,,
210161,,,2026-05,NO,2026-06,NO,2026-07,NO,0,Sin incumplimiento,3,0,0.0,,
905017,,,2026-05,NO,2026-06,NO,2026-07,NO,0,Sin incumplimiento,1,0,0.0,,
803008,,,2026-05,NO,2026-06,NO,2026-07,NO,0,Sin incumplimiento,1,0,0.0,,
500134,,,2026-05,NO,2026-06,NO,2026-07,NO,0,Sin incumplimiento,1,0,0.0,,
200172,,,2026-05,NO,2026-06,NO,2026-07,NO,0,Sin incumplimiento,5,0,0.0,,
250048,V834,FES,2026-05,NO,2026-06,SI,2026-07,NO,1,Puntual 1M,7,1,14.29,13.0,13
802023,,,2026-05,NO,2026-06,NO,2026-07,NO,0,Sin incumplimiento,2,0,0.0,,
480110,,,2026-05,NO,2026-06,NO,2026-07,NO,0,Sin incumplimiento,6,0,0.0,,
630023,,,2026-05,NO,2026-06,NO,2026-07,NO,0,Sin incumplimiento,3,0,0.0,,
700077,,,2026-05,NO,2026-06,NO,2026-07,NO,0,Sin incumplimiento,4,0,0.0,,
345159,,,2026-05,NO,2026-06,NO,2026-07,NO,0,Sin incumplimiento,3,0,0.0,,
345382,V400,FES,2026-05,NO,2026-06,SI,2026-07,NO,1,Puntual 1M,6,1,16.67,6.0,6
310068,,,2026-05,NO,2026-06,NO,2026-07,NO,0,Sin incumplimiento,5,0,0.0,,
350141,,,2026-05,NO,2026-06,NO,2026-07,NO,0,Sin incumplimiento,1,0,0.0,,
250029,,,2026-05,NO,2026-06,NO,2026-07,NO,0,Sin incumplimiento,1,0,0.0,,
210134,,,2026-05,NO,2026-06,NO,2026-07,NO,0,Sin incumplimiento,1,0,0.0,,
790010,,,2026-05,NO,2026-06,NO,2026-07,NO,0,Sin incumplimiento,1,0,0.0,,
130145,,,2026-05,NO,2026-06,NO,2026-07,NO,0,Sin incumplimiento,6,0,0.0,,
150167,,,2026-05,NO,2026-06,NO,2026-07,NO,0,Sin incumplimiento,3,0,0.0,,
610013,,,2026-05,NO,2026-06,NO,2026-07,NO,0,Sin incumplimiento,1,0,0.0,,
850109,,,2026-05,NO,2026-06,NO,2026-07,NO,0,Sin incumplimiento,3,0,0.0,,
205051,V834,FES,2026-05,NO,2026-06,SI,2026-07,NO,1,Puntual 1M,4,1,25.0,9.0,9
700068,V108,NORMAL,2026-05,SI,2026-06,NO,2026-07,NO,1,Puntual 1M,7,2,28.57,6.0,6
750151,V750,NORMAL,2026-05,SI,2026-06,NO,2026-07,NO,1,Puntual 1M,4,1,25.0,6.0,6
200227,,,2026-05,NO,2026-06,NO,2026-07,NO,0,Sin incumplimiento,2,0,0.0,,
580013,,,2026-05,NO,2026-06,NO,2026-07,NO,0,Sin incumplimiento,1,0,0.0,,
350157,,,2026-05,NO,2026-06,NO,2026-07,NO,0,Sin incumplimiento,1,0,0.0,,
110116,,,2026-05,NO,2026-06,NO,2026-07,NO,0,Sin incumplimiento,1,0,0.0,,
900037,,,2026-05,NO,2026-06,NO,2026-07,NO,0,Sin incumplimiento,1,0,0.0,,
350045,V400,FES,2026-05,NO,2026-06,SI,2026-07,NO,1,Puntual 1M,6,1,16.67,6.0,6
799003,,,2026-05,NO,2026-06,NO,2026-07,NO,0,Sin incumplimiento,1,0,0.0,,
765001,,,2026-05,NO,2026-06,NO,2026-07,NO,0,Sin incumplimiento,3,0,0.0,,
700142,,,2026-05,NO,2026-06,NO,2026-07,NO,0,Sin incumplimiento,2,0,0.0,,
150046,,,2026-05,NO,2026-06,NO,2026-07,NO,0,Sin incumplimiento,1,0,0.0,,
750060,,,2026-05,NO,2026-06,NO,2026-07,NO,0,Sin incumplimiento,2,0,0.0,,
850131,,,2026-05,NO,2026-06,NO,2026-07,NO,0,Sin incumplimiento,3,0,0.0,,
750355,,,2026-05,NO,2026-06,NO,2026-07,NO,0,Sin incumplimiento,1,0,0.0,,
750254,,,2026-05,NO,2026-06,NO,2026-07,NO,0,Sin incumplimiento,1,0,0.0,,
910031,,,2026-05,NO,2026-06,NO,2026-07,NO,0,Sin incumplimiento,1,0,0.0,,
330014,,,2026-05,NO,2026-06,NO,2026-07,NO,0,Sin incumplimiento,1,0,0.0,,
330032,,,2026-05,NO,2026-06,NO,2026-07,NO,0,Sin incumplimiento,3,0,0.0,,
345151,,,2026-05,NO,2026-06,NO,2026-07,NO,0,Sin incumplimiento,2,0,0.0,,
205002,,,2026-05,NO,2026-06,NO,2026-07,NO,0,Sin incumplimiento,2,0,0.0,,
330028,,,2026-05,NO,2026-06,NO,2026-07,NO,0,Sin incumplimiento,2,0,0.0,,
350072,,,2026-05,NO,2026-06,NO,2026-07,NO,0,Sin incumplimiento,1,0,0.0,,
766000,,,2026-05,NO,2026-06,NO,2026-07,NO,0,Sin incumplimiento,2,0,0.0,,
280015,,,2026-05,NO,2026-06,NO,2026-07,NO,0,Sin incumplimiento,2,0,0.0,,
100016,,,2026-05,NO,2026-06,NO,2026-07,NO,0,Sin incumplimiento,1,0,0.0,,
785005,,,2026-05,NO,2026-06,NO,2026-07,NO,0,Sin incumplimiento,4,0,0.0,,
920017,,,2026-05,NO,2026-06,NO,2026-07,NO,0,Sin incumplimiento,1,0,0.0,,
920015,,,2026-05,NO,2026-06,NO,2026-07,NO,0,Sin incumplimiento,1,0,0.0,,
350311,,,2026-05,NO,2026-06,NO,2026-07,NO,0,Sin incumplimiento,1,0,0.0,,
596001,,,2026-05,NO,2026-06,NO,2026-07,NO,0,Sin incumplimiento,1,0,0.0,,
300008,,,2026-05,NO,2026-06,NO,2026-07,NO,0,Sin incumplimiento,2,0,0.0,,
340002,,,2026-05,NO,2026-06,NO,2026-07,NO,0,Sin incumplimiento,3,0,0.0,,
770009,,,2026-05,NO,2026-06,NO,2026-07,NO,0,Sin incumplimiento,1,0,0.0,,
345028,,,2026-05,NO,2026-06,NO,2026-07,NO,0,Sin incumplimiento,1,0,0.0,,
895020,V800,FES,2026-05,NO,2026-06,SI,2026-07,NO,1,Puntual 1M,4,1,25.0,10.0,10
750250,,,2026-05,NO,2026-06,NO,2026-07,NO,0,Sin incumplimiento,1,0,0.0,,
650305,,,2026-05,NO,2026-06,NO,2026-07,NO,0,Sin incumplimiento,2,0,0.0,,
500165,V550,FES,2026-05,NO,2026-06,SI,2026-07,NO,1,Puntual 1M,4,1,25.0,9.0,9
210136,,,2026-05,NO,2026-06,NO,2026-07,NO,0,Sin incumplimiento,2,0,0.0,,
310017,,,2026-05,NO,2026-06,NO,2026-07,NO,0,Sin incumplimiento,2,0,0.0,,
850064,,,2026-05,NO,2026-06,NO,2026-07,NO,0,Sin incumplimiento,1,0,0.0,,
210151,,,2026-05,NO,2026-06,NO,2026-07,NO,0,Sin incumplimiento,1,0,0.0,,
793001,V800,NORMAL,2026-05,SI,2026-06,SI,2026-07,NO,2,Recurrente 2M,6,2,33.33,8.0,8
750182,,,2026-05,NO,2026-06,NO,2026-07,NO,0,Sin incumplimiento,1,0,0.0,,
700038,,,2026-05,NO,2026-06,NO,2026-07,NO,0,Sin incumplimiento,2,0,0.0,,
595012,,,2026-05,NO,2026-06,NO,2026-07,NO,0,Sin incumplimiento,1,0,0.0,,
655013,V580,FES,2026-05,NO,2026-06,SI,2026-07,NO,1,Puntual 1M,4,2,50.0,8.0,7
700055,,,2026-05,NO,2026-06,NO,2026-07,NO,0,Sin incumplimiento,3,0,0.0,,
900190,,,2026-05,NO,2026-06,NO,2026-07,NO,0,Sin incumplimiento,2,0,0.0,,
700165,,,2026-05,NO,2026-06,NO,2026-07,NO,0,Sin incumplimiento,3,0,0.0,,
750325,,,2026-05,NO,2026-06,NO,2026-07,NO,0,Sin incumplimiento,1,0,0.0,,
135002,,,2026-05,NO,2026-06,NO,2026-07,NO,0,Sin incumplimiento,1,0,0.0,,
265016,,,2026-05,NO,2026-06,NO,2026-07,NO,0,Sin incumplimiento,3,0,0.0,,
315012,,,2026-05,NO,2026-06,NO,2026-07,NO,0,Sin incumplimiento,1,0,0.0,,
315008,,,2026-05,NO,2026-06,NO,2026-07,NO,0,Sin incumplimiento,2,0,0.0,,
850145,,,2026-05,NO,2026-06,NO,2026-07,NO,0,Sin incumplimiento,1,0,0.0,,
260025,V835,FES,2026-05,NO,2026-06,SI,2026-07,NO,1,Puntual 1M,2,1,50.0,6.0,6
695001,,,2026-05,NO,2026-06,NO,2026-07,NO,0,Sin incumplimiento,4,0,0.0,,
300032,,,2026-05,NO,2026-06,NO,2026-07,NO,0,Sin incumplimiento,3,0,0.0,,
925015,V800,NORMAL,2026-05,SI,2026-06,NO,2026-07,NO,1,Puntual 1M,3,1,33.33,6.0,6
480028,,,2026-05,NO,2026-06,NO,2026-07,NO,0,Sin incumplimiento,1,0,0.0,,
130030,,,2026-05,NO,2026-06,NO,2026-07,NO,0,Sin incumplimiento,2,0,0.0,,
150180,,,2026-05,NO,2026-06,NO,2026-07,NO,0,Sin incumplimiento,1,0,0.0,,
769002,,,2026-05,NO,2026-06,NO,2026-07,NO,0,Sin incumplimiento,1,0,0.0,,
100082,,,2026-05,NO,2026-06,NO,2026-07,NO,0,Sin incumplimiento,2,0,0.0,,
600135,,,2026-05,NO,2026-06,NO,2026-07,NO,0,Sin incumplimiento,1,0,0.0,,
750186,,,2026-05,NO,2026-06,NO,2026-07,NO,0,Sin incumplimiento,4,0,0.0,,
350150,,,2026-05,NO,2026-06,NO,2026-07,NO,0,Sin incumplimiento,3,0,0.0,,
100209,,,2026-05,NO,2026-06,NO,2026-07,NO,0,Sin incumplimiento,1,0,0.0,,
500319,,,2026-05,NO,2026-06,NO,2026-07,NO,0,Sin incumplimiento,1,0,0.0,,
530075,V550,FES,2026-05,NO,2026-06,SI,2026-07,NO,1,Puntual 1M,3,1,33.33,15.0,15
498018,,,2026-05,NO,2026-06,NO,2026-07,NO,0,Sin incumplimiento,3,0,0.0,,
610035,,,2026-05,NO,2026-06,NO,2026-07,NO,0,Sin incumplimiento,1,0,0.0,,
750272,,,2026-05,NO,2026-06,NO,2026-07,NO,0,Sin incumplimiento,2,0,0.0,,
150261,,,2026-05,NO,2026-06,NO,2026-07,NO,0,Sin incumplimiento,1,0,0.0,,
750274,,,2026-05,NO,2026-06,NO,2026-07,NO,0,Sin incumplimiento,1,0,0.0,,
750219,,,2026-05,NO,2026-06,NO,2026-07,NO,0,Sin incumplimiento,2,0,0.0,,
210187,,,2026-05,NO,2026-06,NO,2026-07,NO,0,Sin incumplimiento,2,0,0.0,,
345079,,,2026-05,NO,2026-06,NO,2026-07,NO,0,Sin incumplimiento,1,0,0.0,,
335071,V400,NORMAL,2026-05,NO,2026-06,SI,2026-07,NO,1,Puntual 1M,2,1,50.0,8.0,8
190006,V834,FES,2026-05,SI,2026-06,SI,2026-07,NO,2,Recurrente 2M,3,2,66.67,8.5,6
100133,,,2026-05,NO,2026-06,NO,2026-07,NO,0,Sin incumplimiento,3,0,0.0,,
802011,,,2026-05,NO,2026-06,NO,2026-07,NO,0,Sin incumplimiento,1,0,0.0,,
650084,,,2026-05,NO,2026-06,NO,2026-07,NO,0,Sin incumplimiento,1,0,0.0,,
130100,,,2026-05,NO,2026-06,NO,2026-07,NO,0,Sin incumplimiento,3,0,0.0,,
700046,,,2026-05,NO,2026-06,NO,2026-07,NO,0,Sin incumplimiento,1,0,0.0,,
280017,,,2026-05,NO,2026-06,NO,2026-07,NO,0,Sin incumplimiento,1,0,0.0,,
130133,,,2026-05,NO,2026-06,NO,2026-07,NO,0,Sin incumplimiento,1,0,0.0,,
150282,,,2026-05,NO,2026-06,NO,2026-07,NO,0,Sin incumplimiento,3,0,0.0,,
350371,,,2026-05,NO,2026-06,NO,2026-07,NO,0,Sin incumplimiento,1,0,0.0,,
550152,,,2026-05,NO,2026-06,NO,2026-07,NO,0,Sin incumplimiento,1,0,0.0,,
770025,,,2026-05,NO,2026-06,NO,2026-07,NO,0,Sin incumplimiento,3,0,0.0,,
100136,,,2026-05,NO,2026-06,NO,2026-07,NO,0,Sin incumplimiento,2,0,0.0,,
100205,V861,FES,2026-05,NO,2026-06,SI,2026-07,NO,1,Puntual 1M,2,1,50.0,20.0,20
600142,,,2026-05,NO,2026-06,NO,2026-07,NO,0,Sin incumplimiento,2,0,0.0,,
340051,,,2026-05,NO,2026-06,NO,2026-07,NO,0,Sin incumplimiento,1,0,0.0,,
599011,,,2026-05,NO,2026-06,NO,2026-07,NO,0,Sin incumplimiento,1,0,0.0,,
700161,V108,FES,2026-05,NO,2026-06,SI,2026-07,NO,1,Puntual 1M,2,1,50.0,9.0,9
790008,,,2026-05,NO,2026-06,NO,2026-07,NO,0,Sin incumplimiento,1,0,0.0,,
110054,V861,FES,2026-05,NO,2026-06,SI,2026-07,NO,1,Puntual 1M,3,1,33.33,17.0,17
350161,V835,FES,2026-05,NO,2026-06,SI,2026-07,NO,1,Puntual 1M,2,1,50.0,19.0,19
595020,V108,NORMAL,2026-05,SI,2026-06,NO,2026-07,NO,1,Puntual 1M,2,1,50.0,9.0,9
659001,,,2026-05,NO,2026-06,NO,2026-07,NO,0,Sin incumplimiento,2,0,0.0,,
940036,V800,FES;NORMAL,2026-05,SI,2026-06,SI,2026-07,NO,2,Recurrente 2M,7,5,71.43,12.4,12
981551,,,2026-05,NO,2026-06,NO,2026-07,NO,0,Sin incumplimiento,2,0,0.0,,
100045,V861,FES,2026-05,NO,2026-06,SI,2026-07,NO,1,Puntual 1M,2,1,50.0,12.0,12
981471,V612,NORMAL,2026-05,NO,2026-06,SI,2026-07,NO,1,Puntual 1M,3,1,33.33,6.0,6
200224,,,2026-05,NO,2026-06,NO,2026-07,NO,0,Sin incumplimiento,1,0,0.0,,
200049,V834,FES,2026-05,NO,2026-06,SI,2026-07,NO,1,Puntual 1M,3,1,33.33,11.0,11
200118,,,2026-05,NO,2026-06,NO,2026-07,NO,0,Sin incumplimiento,1,0,0.0,,
550145,V550;V610,FES,2026-05,SI,2026-06,SI,2026-07,NO,2,Recurrente 2M,3,2,66.67,22.0,17
550239,,,2026-05,NO,2026-06,NO,2026-07,NO,0,Sin incumplimiento,1,0,0.0,,
769000,,,2026-05,NO,2026-06,NO,2026-07,NO,0,Sin incumplimiento,2,0,0.0,,
500147,V650,NORMAL,2026-05,SI,2026-06,NO,2026-07,NO,1,Puntual 1M,2,1,50.0,6.0,6
750005,,,2026-05,NO,2026-06,NO,2026-07,NO,0,Sin incumplimiento,2,0,0.0,,
950050,V800,FES,2026-05,SI,2026-06,NO,2026-07,NO,1,Puntual 1M,4,1,25.0,7.0,7
555018,,,2026-05,NO,2026-06,NO,2026-07,NO,0,Sin incumplimiento,3,0,0.0,,
150213,,,2026-05,NO,2026-06,NO,2026-07,NO,0,Sin incumplimiento,1,0,0.0,,
535061,V650,FES,2026-05,SI,2026-06,NO,2026-07,NO,1,Puntual 1M,4,2,50.0,6.0,6
540038,,,2026-05,NO,2026-06,NO,2026-07,NO,0,Sin incumplimiento,1,0,0.0,,
540132,,,2026-05,NO,2026-06,NO,2026-07,NO,0,Sin incumplimiento,1,0,0.0,,
556008,,,2026-05,NO,2026-06,NO,2026-07,NO,0,Sin incumplimiento,1,0,0.0,,
550246,,,2026-05,NO,2026-06,NO,2026-07,NO,0,Sin incumplimiento,2,0,0.0,,
310030,,,2026-05,NO,2026-06,NO,2026-07,NO,0,Sin incumplimiento,2,0,0.0,,
644005,,,2026-05,NO,2026-06,NO,2026-07,NO,0,Sin incumplimiento,2,0,0.0,,
560018,,,2026-05,NO,2026-06,NO,2026-07,NO,0,Sin incumplimiento,1,0,0.0,,
140014,V817,NORMAL,2026-05,NO,2026-06,SI,2026-07,NO,1,Puntual 1M,2,1,50.0,9.0,9
180108,,,2026-05,NO,2026-06,NO,2026-07,NO,0,Sin incumplimiento,3,0,0.0,,
570001,,,2026-05,NO,2026-06,NO,2026-07,NO,0,Sin incumplimiento,1,0,0.0,,
462022,V650,FES,2026-05,NO,2026-06,SI,2026-07,NO,1,Puntual 1M,4,3,75.0,15.0,15
900124,,,2026-05,NO,2026-06,NO,2026-07,NO,0,Sin incumplimiento,1,0,0.0,,
205014,,,2026-05,NO,2026-06,NO,2026-07,NO,0,Sin incumplimiento,1,0,0.0,,
540048,,,2026-05,NO,2026-06,NO,2026-07,NO,0,Sin incumplimiento,1,0,0.0,,
210179,,,2026-05,NO,2026-06,NO,2026-07,NO,0,Sin incumplimiento,1,0,0.0,,
650233,,,2026-05,NO,2026-06,NO,2026-07,NO,0,Sin incumplimiento,1,0,0.0,,
900221,V800,FES,2026-05,NO,2026-06,SI,2026-07,NO,1,Puntual 1M,5,2,40.0,8.0,8
902008,V800,NORMAL,2026-05,NO,2026-06,SI,2026-07,NO,1,Puntual 1M,2,1,50.0,6.0,6
940026,,,2026-05,NO,2026-06,NO,2026-07,NO,0,Sin incumplimiento,2,0,0.0,,
880054,V800,FES,2026-05,NO,2026-06,SI,2026-07,NO,1,Puntual 1M,2,1,50.0,10.0,10
505006,,,2026-05,NO,2026-06,NO,2026-07,NO,0,Sin incumplimiento,1,0,0.0,,
610014,V580,FES,2026-05,SI,2026-06,NO,2026-07,NO,1,Puntual 1M,3,1,33.33,9.0,9
371052,,,2026-05,NO,2026-06,NO,2026-07,NO,0,Sin incumplimiento,2,0,0.0,,
930018,,,2026-05,NO,2026-06,NO,2026-07,NO,0,Sin incumplimiento,2,0,0.0,,
945031,,,2026-05,NO,2026-06,NO,2026-07,NO,0,Sin incumplimiento,1,0,0.0,,
940007,,,2026-05,NO,2026-06,NO,2026-07,NO,0,Sin incumplimiento,1,0,0.0,,
180082,,,2026-05,NO,2026-06,NO,2026-07,NO,0,Sin incumplimiento,1,0,0.0,,
150293,,,2026-05,NO,2026-06,NO,2026-07,NO,0,Sin incumplimiento,1,0,0.0,,
745007,,,2026-05,NO,2026-06,NO,2026-07,NO,0,Sin incumplimiento,2,0,0.0,,
650240,V580,FES;NORMAL,2026-05,SI,2026-06,SI,2026-07,NO,2,Recurrente 2M,5,3,60.0,10.0,7
280041,,,2026-05,NO,2026-06,NO,2026-07,NO,0,Sin incumplimiento,1,0,0.0,,
100007,,,2026-05,NO,2026-06,NO,2026-07,NO,0,Sin incumplimiento,1,0,0.0,,
850055,,,2026-05,NO,2026-06,NO,2026-07,NO,0,Sin incumplimiento,2,0,0.0,,
130126,V817,FES,2026-05,NO,2026-06,SI,2026-07,NO,1,Puntual 1M,2,1,50.0,6.0,6
470003,,,2026-05,NO,2026-06,NO,2026-07,NO,0,Sin incumplimiento,2,0,0.0,,
880004,,,2026-05,NO,2026-06,NO,2026-07,NO,0,Sin incumplimiento,1,0,0.0,,
260035,V835,FES,2026-05,SI,2026-06,SI,2026-07,NO,2,Recurrente 2M,3,2,66.67,7.5,7
953003,,,2026-05,NO,2026-06,NO,2026-07,NO,0,Sin incumplimiento,1,0,0.0,,
110045,,,2026-05,NO,2026-06,NO,2026-07,NO,0,Sin incumplimiento,1,0,0.0,,
335068,,,2026-05,NO,2026-06,NO,2026-07,NO,0,Sin incumplimiento,1,0,0.0,,
480044,,,2026-05,NO,2026-06,NO,2026-07,NO,0,Sin incumplimiento,1,0,0.0,,
700080,,,2026-05,NO,2026-06,NO,2026-07,NO,0,Sin incumplimiento,1,0,0.0,,
921011,,,2026-05,NO,2026-06,NO,2026-07,NO,0,Sin incumplimiento,1,0,0.0,,
652014,,,2026-05,NO,2026-06,NO,2026-07,NO,0,Sin incumplimiento,1,0,0.0,,
910037,,,2026-05,NO,2026-06,NO,2026-07,NO,0,Sin incumplimiento,1,0,0.0,,
600028,,,2026-05,NO,2026-06,NO,2026-07,NO,0,Sin incumplimiento,1,0,0.0,,
900187,,,2026-05,NO,2026-06,NO,2026-07,NO,0,Sin incumplimiento,1,0,0.0,,
600168,,,2026-05,NO,2026-06,NO,2026-07,NO,0,Sin incumplimiento,1,0,0.0,,
600055,,,2026-05,NO,2026-06,NO,2026-07,NO,0,Sin incumplimiento,1,0,0.0,,
750234,,,2026-05,NO,2026-06,NO,2026-07,NO,0,Sin incumplimiento,2,0,0.0,,
100121,,,2026-05,NO,2026-06,NO,2026-07,NO,0,Sin incumplimiento,1,0,0.0,,
768014,,,2026-05,NO,2026-06,NO,2026-07,NO,0,Sin incumplimiento,1,0,0.0,,
100031,,,2026-05,NO,2026-06,NO,2026-07,NO,0,Sin incumplimiento,1,0,0.0,,
100035,,,2026-05,NO,2026-06,NO,2026-07,NO,0,Sin incumplimiento,1,0,0.0,,
650367,,,2026-05,NO,2026-06,NO,2026-07,NO,0,Sin incumplimiento,1,0,0.0,,
607000,,,2026-05,NO,2026-06,NO,2026-07,NO,0,Sin incumplimiento,1,0,0.0,,
150265,V817,NORMAL,2026-05,SI,2026-06,NO,2026-07,NO,1,Puntual 1M,2,1,50.0,6.0,6
600162,,,2026-05,NO,2026-06,NO,2026-07,NO,0,Sin incumplimiento,1,0,0.0,,
470028,V650,FES,2026-05,NO,2026-06,SI,2026-07,NO,1,Puntual 1M,2,1,50.0,11.0,11
480042,,,2026-05,NO,2026-06,NO,2026-07,NO,0,Sin incumplimiento,1,0,0.0,,
340013,,,2026-05,NO,2026-06,NO,2026-07,NO,0,Sin incumplimiento,1,0,0.0,,
311001,,,2026-05,NO,2026-06,NO,2026-07,NO,0,Sin incumplimiento,2,0,0.0,,
345416,,,2026-05,NO,2026-06,NO,2026-07,NO,0,Sin incumplimiento,1,0,0.0,,
336024,,,2026-05,NO,2026-06,NO,2026-07,NO,0,Sin incumplimiento,1,0,0.0,,
720018,,,2026-05,NO,2026-06,NO,2026-07,NO,0,Sin incumplimiento,2,0,0.0,,
345261,,,2026-05,NO,2026-06,NO,2026-07,NO,0,Sin incumplimiento,1,0,0.0,,
606001,,,2026-05,NO,2026-06,NO,2026-07,NO,0,Sin incumplimiento,1,0,0.0,,
257006,V835,FES,2026-05,NO,2026-06,SI,2026-07,NO,1,Puntual 1M,2,1,50.0,12.0,12
720024,,,2026-05,NO,2026-06,NO,2026-07,NO,0,Sin incumplimiento,1,0,0.0,,
600099,,,2026-05,NO,2026-06,NO,2026-07,NO,0,Sin incumplimiento,1,0,0.0,,
480027,,,2026-05,NO,2026-06,NO,2026-07,NO,0,Sin incumplimiento,1,0,0.0,,
150215,,,2026-05,NO,2026-06,NO,2026-07,NO,0,Sin incumplimiento,1,0,0.0,,
650257,,,2026-05,NO,2026-06,NO,2026-07,NO,0,Sin incumplimiento,1,0,0.0,,
210188,,,2026-05,NO,2026-06,NO,2026-07,NO,0,Sin incumplimiento,1,0,0.0,,
751008,,,2026-05,NO,2026-06,NO,2026-07,NO,0,Sin incumplimiento,1,0,0.0,,
100060,V861,FES,2026-05,NO,2026-06,SI,2026-07,NO,1,Puntual 1M,2,1,50.0,8.0,8
100066,,,2026-05,NO,2026-06,NO,2026-07,NO,0,Sin incumplimiento,1,0,0.0,,
130128,,,2026-05,NO,2026-06,NO,2026-07,NO,0,Sin incumplimiento,1,0,0.0,,
793003,,,2026-05,NO,2026-06,NO,2026-07,NO,0,Sin incumplimiento,1,0,0.0,,
500334,,,2026-05,NO,2026-06,NO,2026-07,NO,0,Sin incumplimiento,1,0,0.0,,
940015,,,2026-05,NO,2026-06,NO,2026-07,NO,0,Sin incumplimiento,1,0,0.0,,
900232,,,2026-05,NO,2026-06,NO,2026-07,NO,0,Sin incumplimiento,1,0,0.0,,
953001,,,2026-05,NO,2026-06,NO,2026-07,NO,0,Sin incumplimiento,1,0,0.0,,
350147,,,2026-05,NO,2026-06,NO,2026-07,NO,0,Sin incumplimiento,1,0,0.0,,
630084,,,2026-05,NO,2026-06,NO,2026-07,NO,0,Sin incumplimiento,1,0,0.0,,
850015,,,2026-05,NO,2026-06,NO,2026-07,NO,0,Sin incumplimiento,1,0,0.0,,
352003,V835,NORMAL,2026-05,SI,2026-06,NO,2026-07,NO,1,Puntual 1M,2,1,50.0,6.0,6
550021,,,2026-05,NO,2026-06,NO,2026-07,NO,0,Sin incumplimiento,1,0,0.0,,
870014,,,2026-05,NO,2026-06,NO,2026-07,NO,0,Sin incumplimiento,1,0,0.0,,
888005,,,2026-05,NO,2026-06,NO,2026-07,NO,0,Sin incumplimiento,1,0,0.0,,
310062,V835,NORMAL,2026-05,SI,2026-06,NO,2026-07,NO,1,Puntual 1M,2,1,50.0,6.0,6
540041,,,2026-05,NO,2026-06,NO,2026-07,NO,0,Sin incumplimiento,1,0,0.0,,
325004,,,2026-05,NO,2026-06,NO,2026-07,NO,0,Sin incumplimiento,1,0,0.0,,
150186,,,2026-05,NO,2026-06,NO,2026-07,NO,0,Sin incumplimiento,1,0,0.0,,
325008,V835,NORMAL,2026-05,NO,2026-06,SI,2026-07,NO,1,Puntual 1M,2,1,50.0,6.0,6
550233,,,2026-05,NO,2026-06,NO,2026-07,NO,0,Sin incumplimiento,1,0,0.0,,
495063,,,2026-05,NO,2026-06,NO,2026-07,NO,0,Sin incumplimiento,1,0,0.0,,
515025,,,2026-05,NO,2026-06,NO,2026-07,NO,0,Sin incumplimiento,1,0,0.0,,
150315,,,2026-05,NO,2026-06,NO,2026-07,NO,0,Sin incumplimiento,1,0,0.0,,
345064,V400,NORMAL,2026-05,NO,2026-06,SI,2026-07,NO,1,Puntual 1M,1,1,100.0,11.0,11
420428,V615,NORMAL,2026-05,NO,2026-06,SI,2026-07,NO,1,Puntual 1M,1,1,100.0,10.0,10
430606,V650,NORMAL,2026-05,NO,2026-06,SI,2026-07,NO,1,Puntual 1M,1,1,100.0,13.0,13
920044,V800,NORMAL,2026-05,NO,2026-06,SI,2026-07,NO,1,Puntual 1M,1,1,100.0,6.0,6
500159,V550,NORMAL,2026-05,NO,2026-06,SI,2026-07,NO,1,Puntual 1M,1,1,100.0,7.0,7
940066,V800,NORMAL,2026-05,NO,2026-06,SI,2026-07,NO,1,Puntual 1M,1,1,100.0,6.0,6
850025,V800,NORMAL,2026-05,NO,2026-06,SI,2026-07,NO,1,Puntual 1M,3,3,100.0,7.0,7
400454,V614;V615,NORMAL,2026-05,SI,2026-06,SI,2026-07,NO,2,Recurrente 2M,2,2,100.0,7.0,7
420093,V615,NORMAL,2026-05,NO,2026-06,SI,2026-07,NO,1,Puntual 1M,1,1,100.0,7.0,7
460141,V650,NORMAL,2026-05,NO,2026-06,SI,2026-07,NO,1,Puntual 1M,1,1,100.0,8.0,8
130142,V817,NORMAL,2026-05,NO,2026-06,SI,2026-07,NO,1,Puntual 1M,1,1,100.0,8.0,8
280026,V835,NORMAL,2026-05,NO,2026-06,SI,2026-07,NO,1,Puntual 1M,1,1,100.0,13.0,13
411302,V612,NORMAL,2026-05,NO,2026-06,SI,2026-07,NO,1,Puntual 1M,2,1,50.0,8.0,8
981200,V612,NORMAL,2026-05,SI,2026-06,SI,2026-07,NO,2,Recurrente 2M,2,2,100.0,14.5,13
325009,V835,NORMAL,2026-05,NO,2026-06,SI,2026-07,NO,1,Puntual 1M,1,1,100.0,7.0,7
534001,V550,NORMAL,2026-05,NO,2026-06,SI,2026-07,NO,1,Puntual 1M,1,1,100.0,6.0,6
900193,V800,NORMAL,2026-05,NO,2026-06,SI,2026-07,NO,1,Puntual 1M,1,1,100.0,9.0,9
210085,V834,NORMAL,2026-05,NO,2026-06,SI,2026-07,NO,1,Puntual 1M,1,1,100.0,6.0,6
310024,V835,NORMAL,2026-05,NO,2026-06,SI,2026-07,NO,1,Puntual 1M,1,1,100.0,18.0,18
981498,V612,NORMAL,2026-05,SI,2026-06,SI,2026-07,NO,2,Recurrente 2M,2,2,100.0,16.5,15
650338,V580,FES;NORMAL,2026-05,NO,2026-06,SI,2026-07,NO,1,Puntual 1M,6,3,50.0,7.0,7
550126,V550,NORMAL,2026-05,NO,2026-06,SI,2026-07,NO,1,Puntual 1M,1,1,100.0,17.0,17
200186,V834,FES;NORMAL,2026-05,SI,2026-06,SI,2026-07,NO,2,Recurrente 2M,2,2,100.0,10.0,6
420424,V102,NORMAL,2026-05,SI,2026-06,NO,2026-07,NO,1,Puntual 1M,1,1,100.0,7.0,7
540046,V550,NORMAL,2026-05,SI,2026-06,NO,2026-07,NO,1,Puntual 1M,1,1,100.0,14.0,14
580004,V550,NORMAL,2026-05,SI,2026-06,NO,2026-07,NO,1,Puntual 1M,1,1,100.0,11.0,11
650669,V580,NORMAL,2026-05,SI,2026-06,NO,2026-07,NO,1,Puntual 1M,1,1,100.0,10.0,10
310037,V835,NORMAL,2026-05,SI,2026-06,NO,2026-07,NO,1,Puntual 1M,1,1,100.0,21.0,21
981535,V612,NORMAL,2026-05,SI,2026-06,NO,2026-07,NO,1,Puntual 1M,1,1,100.0,24.0,24
470071,V650,NORMAL,2026-05,SI,2026-06,NO,2026-07,NO,1,Puntual 1M,1,1,100.0,5.0,5
532010,V650,FES;NORMAL,2026-05,SI,2026-06,NO,2026-07,NO,1,Puntual 1M,2,2,100.0,6.5,6
420496,V615,FES;NORMAL,2026-05,SI,2026-06,NO,2026-07,NO,1,Puntual 1M,2,2,100.0,7.0,5
649003,V108,NORMAL,2026-05,SI,2026-06,NO,2026-07,NO,1,Puntual 1M,2,2,100.0,6.0,6
210067,V834,NORMAL,2026-05,SI,2026-06,NO,2026-07,NO,1,Puntual 1M,1,1,100.0,6.0,6
921012,V800,NORMAL,2026-05,SI,2026-06,NO,2026-07,NO,1,Puntual 1M,1,1,100.0,6.0,6
900005,V612,NORMAL,2026-05,SI,2026-06,NO,2026-07,NO,1,Puntual 1M,1,1,100.0,20.0,20
465043,V650,NORMAL,2026-05,SI,2026-06,NO,2026-07,NO,1,Puntual 1M,2,2,100.0,5.0,5
750018,V750,NORMAL,2026-05,SI,2026-06,NO,2026-07,NO,1,Puntual 1M,1,1,100.0,9.0,9
410188,V612,NORMAL,2026-05,SI,2026-06,NO,2026-07,NO,1,Puntual 1M,1,1,100.0,5.0,5
430451,V615,NORMAL,2026-05,SI,2026-06,NO,2026-07,NO,1,Puntual 1M,1,1,100.0,5.0,5
411136,V615,NORMAL,2026-05,SI,2026-06,NO,2026-07,NO,1,Puntual 1M,1,1,100.0,5.0,5
430933,V615,NORMAL,2026-05,SI,2026-06,NO,2026-07,NO,1,Puntual 1M,1,1,100.0,5.0,5
210186,V834,NORMAL,2026-05,SI,2026-06,NO,2026-07,NO,1,Puntual 1M,1,1,100.0,8.0,8
430843,V614,NORMAL,2026-05,SI,2026-06,NO,2026-07,NO,1,Puntual 1M,1,1,100.0,5.0,5
250067,V834,NORMAL,2026-05,SI,2026-06,NO,2026-07,NO,1,Puntual 1M,1,1,100.0,7.0,7
410033,V614,NORMAL,2026-05,SI,2026-06,NO,2026-07,NO,1,Puntual 1M,1,1,100.0,5.0,5
257021,V835,NORMAL,2026-05,SI,2026-06,NO,2026-07,NO,1,Puntual 1M,1,1,100.0,6.0,6
411371,V615,NORMAL,2026-05,SI,2026-06,NO,2026-07,NO,1,Puntual 1M,1,1,100.0,5.0,5
535062,V650,NORMAL,2026-05,SI,2026-06,NO,2026-07,NO,1,Puntual 1M,1,1,100.0,6.0,6
920025,V800,FES;NORMAL,2026-05,SI,2026-06,SI,2026-07,NO,2,Recurrente 2M,2,2,100.0,9.0,6
680013,V108,NORMAL,2026-05,SI,2026-06,NO,2026-07,NO,1,Puntual 1M,1,1,100.0,11.0,11
750158,V585,NORMAL,2026-05,SI,2026-06,NO,2026-07,NO,1,Puntual 1M,1,1,100.0,6.0,6
900239,V612,NORMAL,2026-05,SI,2026-06,NO,2026-07,NO,1,Puntual 1M,1,1,100.0,5.0,5
411500,V610,NORMAL,2026-05,SI,2026-06,NO,2026-07,NO,1,Puntual 1M,1,1,100.0,5.0,5
455174,V615;V650,FES;NORMAL,2026-05,SI,2026-06,SI,2026-07,NO,2,Recurrente 2M,2,2,100.0,5.0,5
460138,V615,NORMAL,2026-05,SI,2026-06,NO,2026-07,NO,1,Puntual 1M,1,1,100.0,5.0,5
400317,V614,NORMAL,2026-05,SI,2026-06,NO,2026-07,NO,1,Puntual 1M,1,1,100.0,6.0,6
650469,,,2026-05,NO,2026-06,NO,2026-07,NO,0,Sin incumplimiento,0,0,0,,
735014,,,2026-05,NO,2026-06,NO,2026-07,NO,0,Sin incumplimiento,0,0,0,,
350124,,,2026-05,NO,2026-06,NO,2026-07,NO,0,Sin incumplimiento,0,0,0,,
820008,V800,SALDO,2026-05,NO,2026-06,SI,2026-07,NO,1,Puntual 1M,1,1,100.0,7.0,7
750239,,,2026-05,NO,2026-06,NO,2026-07,NO,0,Sin incumplimiento,1,0,0.0,,
455151,V650,FES,2026-05,NO,2026-06,SI,2026-07,NO,1,Puntual 1M,3,2,66.67,8.0,7
420743,V610,FES,2026-05,SI,2026-06,SI,2026-07,NO,2,Recurrente 2M,6,4,66.67,13.5,22
340007,,,2026-05,NO,2026-06,NO,2026-07,NO,0,Sin incumplimiento,1,0,0.0,,
280028,,,2026-05,NO,2026-06,NO,2026-07,NO,0,Sin incumplimiento,1,0,0.0,,
420492,,,2026-05,NO,2026-06,NO,2026-07,NO,0,Sin incumplimiento,1,0,0.0,,
650222,V580,FES,2026-05,NO,2026-06,NO,2026-07,SI,1,Puntual 1M,6,3,50.0,13.33,14
800131,V800,FES,2026-05,NO,2026-06,NO,2026-07,SI,1,Puntual 1M,2,2,100.0,8.0,8
440433,V610,FES,2026-05,NO,2026-06,NO,2026-07,SI,1,Puntual 1M,3,1,33.33,17.0,17
455211,V610,FES,2026-05,SI,2026-06,SI,2026-07,NO,2,Recurrente 2M,2,2,100.0,5.0,5
600134,V580,FES,2026-05,NO,2026-06,SI,2026-07,NO,1,Puntual 1M,3,1,33.33,6.0,6
660056,V580,FES,2026-05,NO,2026-06,SI,2026-07,NO,1,Puntual 1M,3,1,33.33,6.0,6
650666,V580,FES,2026-05,NO,2026-06,SI,2026-07,NO,1,Puntual 1M,3,1,33.33,6.0,6
400247,V610,FES,2026-05,NO,2026-06,SI,2026-07,NO,1,Puntual 1M,2,2,100.0,17.0,17
750285,V580,FES,2026-05,NO,2026-06,SI,2026-07,NO,1,Puntual 1M,3,1,33.33,6.0,6
650664,V580,FES,2026-05,NO,2026-06,SI,2026-07,NO,1,Puntual 1M,3,1,33.33,6.0,6
720032,V108,FES,2026-05,NO,2026-06,SI,2026-07,NO,1,Puntual 1M,3,1,33.33,10.0,10
500320,V650,FES,2026-05,SI,2026-06,NO,2026-07,NO,1,Puntual 1M,3,1,33.33,6.0,6
440454,V615,FES,2026-05,SI,2026-06,NO,2026-07,NO,1,Puntual 1M,1,1,100.0,6.0,6
440474,V610,FES,2026-05,SI,2026-06,NO,2026-07,NO,1,Puntual 1M,4,1,25.0,10.0,10
900113,V800,FES,2026-05,NO,2026-06,NO,2026-07,SI,1,Puntual 1M,1,1,100.0,6.0,6
411459,V650,FES,2026-05,NO,2026-06,SI,2026-07,SI,2,Recurrente 2M,3,3,100.0,7.0,8
110198,V861,FES,2026-05,NO,2026-06,NO,2026-07,SI,1,Puntual 1M,2,1,50.0,9.0,9
940054,V800,FES,2026-05,NO,2026-06,SI,2026-07,NO,1,Puntual 1M,4,4,100.0,6.5,7
940051,V800,FES,2026-05,NO,2026-06,SI,2026-07,NO,1,Puntual 1M,2,2,100.0,7.0,7
100122,V861,FES,2026-05,NO,2026-06,SI,2026-07,NO,1,Puntual 1M,1,1,100.0,8.0,8
110063,V861,FES,2026-05,NO,2026-06,SI,2026-07,NO,1,Puntual 1M,1,1,100.0,7.0,7
335023,V400,FES,2026-05,NO,2026-06,SI,2026-07,NO,1,Puntual 1M,1,1,100.0,8.0,8
560020,V550,FES,2026-05,NO,2026-06,SI,2026-07,NO,1,Puntual 1M,1,1,100.0,8.0,8
150290,V817,FES,2026-05,NO,2026-06,SI,2026-07,NO,1,Puntual 1M,1,1,100.0,9.0,9
410850,V102,FES,2026-05,NO,2026-06,SI,2026-07,NO,1,Puntual 1M,1,1,100.0,5.0,5
950056,V800,FES,2026-05,NO,2026-06,SI,2026-07,NO,1,Puntual 1M,1,1,100.0,9.0,9
445070,V650,FES,2026-05,NO,2026-06,SI,2026-07,NO,1,Puntual 1M,1,1,100.0,9.0,9
130083,V817,FES,2026-05,NO,2026-06,SI,2026-07,NO,1,Puntual 1M,1,1,100.0,9.0,9
430932,V615,FES,2026-05,NO,2026-06,SI,2026-07,NO,1,Puntual 1M,2,2,100.0,5.5,5
200149,V834,FES,2026-05,NO,2026-06,SI,2026-07,NO,1,Puntual 1M,3,1,33.33,10.0,10
460198,V650,FES,2026-05,NO,2026-06,SI,2026-07,NO,1,Puntual 1M,1,1,100.0,8.0,8
468007,V650,FES,2026-05,NO,2026-06,SI,2026-07,NO,1,Puntual 1M,1,1,100.0,7.0,7
695045,V108,FES,2026-05,NO,2026-06,SI,2026-07,NO,1,Puntual 1M,2,1,50.0,6.0,6
653013,V580,FES,2026-05,NO,2026-06,SI,2026-07,NO,1,Puntual 1M,2,2,100.0,7.0,6
880051,V800,FES,2026-05,NO,2026-06,SI,2026-07,NO,1,Puntual 1M,2,2,100.0,9.5,6
375050,V400,FES,2026-05,NO,2026-06,SI,2026-07,NO,1,Puntual 1M,1,1,100.0,11.0,11
440181,V615,FES,2026-05,NO,2026-06,SI,2026-07,NO,1,Puntual 1M,1,1,100.0,9.0,9
280023,V835,FES,2026-05,NO,2026-06,SI,2026-07,NO,1,Puntual 1M,1,1,100.0,12.0,12
411330,V800,FES,2026-05,NO,2026-06,SI,2026-07,NO,1,Puntual 1M,1,1,100.0,7.0,7
430848,V615,FES,2026-05,NO,2026-06,SI,2026-07,NO,1,Puntual 1M,1,1,100.0,6.0,6
327013,V400,FES,2026-05,NO,2026-06,SI,2026-07,NO,1,Puntual 1M,1,1,100.0,7.0,7
351028,V400,FES,2026-05,NO,2026-06,SI,2026-07,NO,1,Puntual 1M,2,1,50.0,13.0,13
150316,V817,FES,2026-05,NO,2026-06,SI,2026-07,NO,1,Puntual 1M,1,1,100.0,11.0,11
190001,V834,FES,2026-05,NO,2026-06,SI,2026-07,NO,1,Puntual 1M,1,1,100.0,9.0,9
460268,V650,FES,2026-05,NO,2026-06,SI,2026-07,NO,1,Puntual 1M,1,1,100.0,9.0,9
210135,V834,FES,2026-05,NO,2026-06,SI,2026-07,NO,1,Puntual 1M,1,1,100.0,14.0,14
496035,V650,FES,2026-05,NO,2026-06,SI,2026-07,NO,1,Puntual 1M,1,1,100.0,9.0,9
455351,V650,FES,2026-05,NO,2026-06,SI,2026-07,NO,1,Puntual 1M,1,1,100.0,9.0,9
471012,V650,FES,2026-05,NO,2026-06,SI,2026-07,NO,1,Puntual 1M,1,1,100.0,9.0,9
460270,V650,FES,2026-05,NO,2026-06,SI,2026-07,NO,1,Puntual 1M,2,1,50.0,9.0,9
411412,V650,FES,2026-05,NO,2026-06,SI,2026-07,NO,1,Puntual 1M,1,1,100.0,11.0,11
460508,V650,FES,2026-05,NO,2026-06,SI,2026-07,NO,1,Puntual 1M,2,2,100.0,11.0,9
340001,V400,FES,2026-05,NO,2026-06,SI,2026-07,NO,1,Puntual 1M,1,1,100.0,8.0,8
455073,V650,FES,2026-05,NO,2026-06,SI,2026-07,NO,1,Puntual 1M,1,1,100.0,9.0,9
456020,V650,FES,2026-05,NO,2026-06,SI,2026-07,NO,1,Puntual 1M,2,1,50.0,9.0,9
335072,V400,FES,2026-05,NO,2026-06,SI,2026-07,NO,1,Puntual 1M,1,1,100.0,14.0,14
790009,V750,FES,2026-05,NO,2026-06,SI,2026-07,NO,1,Puntual 1M,1,1,100.0,14.0,14
900234,V800,FES,2026-05,NO,2026-06,SI,2026-07,NO,1,Puntual 1M,1,1,100.0,14.0,14
340033,V400,FES,2026-05,NO,2026-06,SI,2026-07,NO,1,Puntual 1M,1,1,100.0,15.0,15
550182,V550,FES,2026-05,NO,2026-06,SI,2026-07,NO,1,Puntual 1M,1,1,100.0,15.0,15
495060,V650,FES,2026-05,NO,2026-06,SI,2026-07,NO,1,Puntual 1M,1,1,100.0,13.0,13
455230,V650,FES,2026-05,NO,2026-06,SI,2026-07,NO,1,Puntual 1M,2,2,100.0,14.5,14
325097,V835,FES,2026-05,NO,2026-06,SI,2026-07,NO,1,Puntual 1M,1,1,100.0,12.0,12
510013,V550,FES,2026-05,NO,2026-06,SI,2026-07,NO,1,Puntual 1M,1,1,100.0,16.0,16
420493,V615,FES,2026-05,NO,2026-06,SI,2026-07,NO,1,Puntual 1M,1,1,100.0,15.0,15
650668,V580,FES,2026-05,NO,2026-06,SI,2026-07,NO,1,Puntual 1M,1,1,100.0,20.0,20
530031,V550,FES,2026-05,NO,2026-06,SI,2026-07,NO,1,Puntual 1M,2,1,50.0,17.0,17
130053,V817,FES + SALDO,2026-05,NO,2026-06,SI,2026-07,NO,1,Puntual 1M,1,1,100.0,18.0,18
430929,V615,FES,2026-05,SI,2026-06,NO,2026-07,NO,1,Puntual 1M,2,1,50.0,11.0,11
460111,V615,FES,2026-05,SI,2026-06,NO,2026-07,NO,1,Puntual 1M,1,1,100.0,5.0,5
430667,V615,FES,2026-05,SI,2026-06,NO,2026-07,NO,1,Puntual 1M,2,1,50.0,5.0,5
430945,V615,FES,2026-05,SI,2026-06,NO,2026-07,NO,1,Puntual 1M,1,1,100.0,5.0,5
411496,V615,FES,2026-05,SI,2026-06,NO,2026-07,NO,1,Puntual 1M,2,1,50.0,5.0,5
130107,V817,FES,2026-05,SI,2026-06,NO,2026-07,NO,1,Puntual 1M,1,1,100.0,6.0,6
902005,V800,FES,2026-05,SI,2026-06,NO,2026-07,NO,1,Puntual 1M,1,1,100.0,27.0,27
770015,V750,FES,2026-05,SI,2026-06,NO,2026-07,NO,1,Puntual 1M,1,1,100.0,8.0,8
190025,V834,FES,2026-05,SI,2026-06,NO,2026-07,NO,1,Puntual 1M,2,1,50.0,6.0,6
400526,V614,FES,2026-05,SI,2026-06,NO,2026-07,NO,1,Puntual 1M,1,1,100.0,5.0,5
420642,V615,FES,2026-05,SI,2026-06,NO,2026-07,NO,1,Puntual 1M,1,1,100.0,12.0,12
540068,V550,FES,2026-05,SI,2026-06,NO,2026-07,NO,1,Puntual 1M,1,1,100.0,12.0,12
100013,V861,FES,2026-05,SI,2026-06,NO,2026-07,NO,1,Puntual 1M,1,1,100.0,13.0,13
100090,V861,FES,2026-05,SI,2026-06,NO,2026-07,NO,1,Puntual 1M,1,1,100.0,14.0,14
430620,,,2026-05,NO,2026-06,NO,2026-07,NO,0,Sin incumplimiento,0,0,0,,
411502,,,2026-05,NO,2026-06,NO,2026-07,NO,0,Sin incumplimiento,0,0,0,,
590020,,,2026-05,NO,2026-06,NO,2026-07,NO,0,Sin incumplimiento,0,0,0,,
430875,,,2026-05,NO,2026-06,NO,2026-07,NO,0,Sin incumplimiento,1,0,0.0,,
150266,,,2026-05,NO,2026-06,NO,2026-07,NO,0,Sin incumplimiento,1,0,0.0,,
400214,,,2026-05,NO,2026-06,NO,2026-07,NO,0,Sin incumplimiento,1,0,0.0,,
500128,,,2026-05,NO,2026-06,NO,2026-07,NO,0,Sin incumplimiento,0,0,0,,
650665,,,2026-05,NO,2026-06,NO,2026-07,NO,0,Sin incumplimiento,2,0,0.0,,
650663,,,2026-05,NO,2026-06,NO,2026-07,NO,0,Sin incumplimiento,3,0,0.0,,
653014,,,2026-05,NO,2026-06,NO,2026-07,NO,0,Sin incumplimiento,1,0,0.0,,
920038,,,2026-05,NO,2026-06,NO,2026-07,NO,0,Sin incumplimiento,1,0,0.0,,
410444,,,2026-05,NO,2026-06,NO,2026-07,NO,0,Sin incumplimiento,1,0,0.0,,
400147,,,2026-05,NO,2026-06,NO,2026-07,NO,0,Sin incumplimiento,3,0,0.0,,
650029,,,2026-05,NO,2026-06,NO,2026-07,NO,0,Sin incumplimiento,1,0,0.0,,
950054,,,2026-05,NO,2026-06,NO,2026-07,NO,0,Sin incumplimiento,1,0,0.0,,
653017,,,2026-05,NO,2026-06,NO,2026-07,NO,0,Sin incumplimiento,1,0,0.0,,
810035,,,2026-05,NO,2026-06,NO,2026-07,NO,0,Sin incumplimiento,1,0,0.0,,
650259,,,2026-05,NO,2026-06,NO,2026-07,NO,0,Sin incumplimiento,1,0,0.0,,
110302,,,2026-05,NO,2026-06,NO,2026-07,NO,0,Sin incumplimiento,1,0,0.0,,
411390,,,2026-05,NO,2026-06,NO,2026-07,NO,0,Sin incumplimiento,1,0,0.0,,
430561,,,2026-05,NO,2026-06,NO,2026-07,NO,0,Sin incumplimiento,1,0,0.0,,
538024,,,2026-05,NO,2026-06,NO,2026-07,NO,0,Sin incumplimiento,1,0,0.0,,
110159,,,2026-05,NO,2026-06,NO,2026-07,NO,0,Sin incumplimiento,1,0,0.0,,
130016,,,2026-05,NO,2026-06,NO,2026-07,NO,0,Sin incumplimiento,1,0,0.0,,
650068,,,2026-05,NO,2026-06,NO,2026-07,NO,0,Sin incumplimiento,1,0,0.0,,
410384,,,2026-05,NO,2026-06,NO,2026-07,NO,0,Sin incumplimiento,2,0,0.0,,
411366,,,2026-05,NO,2026-06,NO,2026-07,NO,0,Sin incumplimiento,1,0,0.0,,
370085,,,2026-05,NO,2026-06,NO,2026-07,NO,0,Sin incumplimiento,2,0,0.0,,
750228,,,2026-05,NO,2026-06,NO,2026-07,NO,0,Sin incumplimiento,1,0,0.0,,
981604,,,2026-05,NO,2026-06,NO,2026-07,NO,0,Sin incumplimiento,2,0,0.0,,
981531,,,2026-05,NO,2026-06,NO,2026-07,NO,0,Sin incumplimiento,1,0,0.0,,
540085,,,2026-05,NO,2026-06,NO,2026-07,NO,0,Sin incumplimiento,1,0,0.0,,
175000,,,2026-05,NO,2026-06,NO,2026-07,NO,0,Sin incumplimiento,1,0,0.0,,
780013,,,2026-05,NO,2026-06,NO,2026-07,NO,0,Sin incumplimiento,3,0,0.0,,
500146,,,2026-05,NO,2026-06,NO,2026-07,NO,0,Sin incumplimiento,1,0,0.0,,
420377,,,2026-05,NO,2026-06,NO,2026-07,NO,0,Sin incumplimiento,1,0,0.0,,
880015,,,2026-05,NO,2026-06,NO,2026-07,NO,0,Sin incumplimiento,1,0,0.0,,
150241,,,2026-05,NO,2026-06,NO,2026-07,NO,0,Sin incumplimiento,1,0,0.0,,
430865,,,2026-05,NO,2026-06,NO,2026-07,NO,0,Sin incumplimiento,1,0,0.0,,
150276,,,2026-05,NO,2026-06,NO,2026-07,NO,0,Sin incumplimiento,1,0,0.0,,
518014,,,2026-05,NO,2026-06,NO,2026-07,NO,0,Sin incumplimiento,1,0,0.0,,
500160,,,2026-05,NO,2026-06,NO,2026-07,NO,0,Sin incumplimiento,1,0,0.0,,
500322,,,2026-05,NO,2026-06,NO,2026-07,NO,0,Sin incumplimiento,2,0,0.0,,
550132,,,2026-05,NO,2026-06,NO,2026-07,NO,0,Sin incumplimiento,1,0,0.0,,
550153,,,2026-05,NO,2026-06,NO,2026-07,NO,0,Sin incumplimiento,1,0,0.0,,
411235,,,2026-05,NO,2026-06,NO,2026-07,NO,0,Sin incumplimiento,1,0,0.0,,
430353,,,2026-05,NO,2026-06,NO,2026-07,NO,0,Sin incumplimiento,1,0,0.0,,
660051,,,2026-05,NO,2026-06,NO,2026-07,NO,0,Sin incumplimiento,1,0,0.0,,
558000,,,2026-05,NO,2026-06,NO,2026-07,NO,0,Sin incumplimiento,1,0,0.0,,
445090,,,2026-05,NO,2026-06,NO,2026-07,NO,0,Sin incumplimiento,1,0,0.0,,
709002,,,2026-05,NO,2026-06,NO,2026-07,NO,0,Sin incumplimiento,1,0,0.0,,
802025,,,2026-05,NO,2026-06,NO,2026-07,NO,0,Sin incumplimiento,1,0,0.0,,
480036,,,2026-05,NO,2026-06,NO,2026-07,NO,0,Sin incumplimiento,1,0,0.0,,
257005,,,2026-05,NO,2026-06,NO,2026-07,NO,0,Sin incumplimiento,1,0,0.0,,
460007,,,2026-05,NO,2026-06,NO,2026-07,NO,0,Sin incumplimiento,1,0,0.0,,
550102,,,2026-05,NO,2026-06,NO,2026-07,NO,0,Sin incumplimiento,1,0,0.0,,
345250,,,2026-05,NO,2026-06,NO,2026-07,NO,0,Sin incumplimiento,0,0,0,,
800034,,,2026-05,NO,2026-06,NO,2026-07,NO,0,Sin incumplimiento,0,0,0,,
655012,,,2026-05,NO,2026-06,NO,2026-07,NO,0,Sin incumplimiento,0,0,0,,
750159,,,2026-05,NO,2026-06,NO,2026-07,NO,0,Sin incumplimiento,0,0,0,,
498025,,,2026-05,NO,2026-06,NO,2026-07,NO,0,Sin incumplimiento,0,0,0,,
700162,,,2026-05,NO,2026-06,NO,2026-07,NO,0,Sin incumplimiento,0,0,0,,
150165,,,2026-05,NO,2026-06,NO,2026-07,NO,0,Sin incumplimiento,0,0,0,,
100114,,,2026-05,NO,2026-06,NO,2026-07,NO,0,Sin incumplimiento,0,0,0,,
499021,,,2026-05,NO,2026-06,NO,2026-07,NO,0,Sin incumplimiento,0,0,0,,
