PEDIDO,EXISTE_EN_TRACKING,EXISTE_EN_TABLA_LINEAS,FILAS_TABLA_LINEAS,LINEAS,UNIDADES,DUPLICADO,RESULTADO,OBSERVACION
1168129,SI,SI,1,12,426,NO,OK,
1168117,SI,NO,0,,,NO,SIN_COBERTURA,
1168108,SI,SI,1,21,374,NO,OK,
1168107,SI,SI,1,3,3492,NO,OK,
1168103,SI,NO,0,,,NO,SIN_COBERTURA,
1168122,SI,NO,0,,,NO,SIN_COBERTURA,
1168112,SI,SI,1,2,312,NO,OK,
1168111,SI,SI,1,13,3011,NO,OK,
1168097,SI,NO,0,,,NO,SIN_COBERTURA,
1168096,SI,NO,0,,,NO,SIN_COBERTURA,
1168092,SI,NO,0,,,NO,SIN_COBERTURA,
1168087,SI,SI,1,1,504,NO,OK,
1168085,SI,NO,0,,,NO,SIN_COBERTURA,
1168080,SI,SI,1,1,24,NO,OK,
4190139991,SI,SI,1,16,287,NO,OK,
1168065,SI,SI,1,8,192,NO,OK,
1168059,SI,SI,1,13,157,NO,OK,
1168055,SI,NO,0,,,NO,SIN_COBERTURA,
1168054,SI,NO,0,,,NO,SIN_COBERTURA,
1168052,SI,SI,1,12,244,NO,OK,
1168051,SI,SI,1,12,1425,NO,OK,
1168050,SI,SI,1,5,134,NO,OK,
1168041,SI,SI,1,15,360,NO,OK,
1168040,SI,NO,0,,,NO,SIN_COBERTURA,
1168038,SI,SI,1,5,282,NO,OK,
4190139953,SI,SI,1,8,204,NO,OK,
1168022,SI,SI,1,1,60,NO,OK,
1168016,SI,NO,0,,,NO,SIN_COBERTURA,
1168006,SI,SI,1,1909,38936,NO,OK,
1167362,SI,SI,1,5,9440,NO,OK,
1167361,SI,SI,1,2,552,NO,OK,
1167357,SI,SI,1,1,1320,NO,OK,
1167356,SI,SI,1,1,3156,NO,OK,
1167350,SI,NO,0,,,NO,SIN_COBERTURA,
1167345,SI,SI,1,34,697,NO,OK,
1167342,SI,NO,0,,,NO,SIN_COBERTURA,
1167336,SI,SI,1,21,357,NO,OK,
1167307,SI,SI,1,17,214,NO,OK,
1167302,SI,SI,1,1,126,NO,OK,
4190139829,SI,SI,1,7,279,NO,OK,
1167298,SI,SI,1,5,984,NO,OK,
1167296,SI,SI,1,6,150,NO,OK,
1167292,SI,SI,1,2,6,NO,OK,
1167284,SI,SI,1,5,300,NO,OK,
1167282,SI,SI,1,13,713,NO,OK,
4190139789,SI,NO,0,,,NO,SIN_COBERTURA,
1167281,SI,SI,1,5,642,NO,OK,
4190139785,SI,SI,1,39,994,NO,OK,
1167278,SI,NO,0,,,NO,SIN_COBERTURA,
1167277,SI,NO,0,,,NO,SIN_COBERTURA,
1167268,SI,NO,0,,,NO,SIN_COBERTURA,
1167279,SI,NO,0,,,NO,SIN_COBERTURA,
1167263,SI,SI,1,19,66717,NO,OK,
4190139769,SI,SI,1,5,1260,NO,OK,
1167255,SI,SI,1,4,76,NO,OK,
1167254,SI,SI,1,5,142,NO,OK,
1167251,SI,SI,1,13,771,NO,OK,
4190139752,SI,SI,1,3,222,NO,OK,
1167257,SI,SI,1,16,464,NO,OK,
1167239,SI,SI,1,1,1,NO,OK,
1167238,SI,SI,1,1,1,NO,OK,
1167233,SI,NO,0,,,NO,SIN_COBERTURA,
1167231,SI,NO,0,,,NO,SIN_COBERTURA,
1167228,SI,NO,0,,,NO,SIN_COBERTURA,
1167216,SI,SI,1,3,1160,NO,OK,
1167217,SI,SI,1,5,984,NO,OK,
1167212,SI,SI,1,6,2400,NO,OK,
1167210,SI,NO,0,,,NO,SIN_COBERTURA,
1167209,SI,NO,0,,,NO,SIN_COBERTURA,
1167211,SI,NO,0,,,NO,SIN_COBERTURA,
1167208,SI,NO,0,,,NO,SIN_COBERTURA,
1167207,SI,NO,0,,,NO,SIN_COBERTURA,
1167202,SI,SI,1,1,1,NO,OK,
1167195,SI,NO,0,,,NO,SIN_COBERTURA,
1167194,SI,SI,1,10,154,NO,OK,
1167192,SI,SI,1,1,264,NO,OK,
1167190,SI,SI,1,7,140,NO,OK,
1167189,SI,SI,1,17,496,NO,OK,
1167187,SI,NO,0,,,NO,SIN_COBERTURA,
1167178,SI,NO,0,,,NO,SIN_COBERTURA,
1167175,SI,NO,0,,,NO,SIN_COBERTURA,
1167174,SI,SI,1,5,276,NO,OK,
1167173,SI,SI,1,4,240,NO,OK,
1167172,SI,NO,0,,,NO,SIN_COBERTURA,
1167167,SI,NO,0,,,NO,SIN_COBERTURA,
1167163,SI,SI,1,15,168,NO,OK,
1167157,SI,NO,0,,,NO,SIN_COBERTURA,
1167152,SI,SI,1,1,3,NO,OK,
1167153,SI,SI,1,4,64,NO,OK,
1167149,SI,SI,1,28,1091,NO,OK,
1167146,SI,SI,1,1,40,NO,OK,
1167145,SI,NO,0,,,NO,SIN_COBERTURA,
1167143,SI,NO,0,,,NO,SIN_COBERTURA,
1167139,SI,SI,1,12,140,NO,OK,
1167122,SI,SI,1,1,300,NO,OK,
1167118,SI,SI,1,6,100,NO,OK,
1167114,SI,NO,0,,,NO,SIN_COBERTURA,
4190139632,SI,SI,1,15,614,NO,OK,
4190139629,SI,SI,1,5,300,NO,OK,
4190139627,SI,SI,1,18,594,NO,OK,
1167109,SI,SI,1,10,804,NO,OK,
4190139624,SI,SI,1,39,704,NO,OK,
1167105,SI,SI,1,8,246,NO,OK,
1167113,SI,NO,0,,,NO,SIN_COBERTURA,
4190139614,SI,NO,0,,,NO,SIN_COBERTURA,
1167097,SI,SI,1,4,63,NO,OK,
1167098,SI,NO,0,,,NO,SIN_COBERTURA,
1167091,SI,SI,1,144,904,NO,OK,
1167100,SI,NO,0,,,NO,SIN_COBERTURA,
1167076,SI,SI,1,1,32,NO,OK,
1167075,SI,SI,1,33,614,NO,OK,
1167072,SI,SI,1,7,620,NO,OK,
1167070,SI,SI,1,26,579,NO,OK,
1167065,SI,SI,1,9,154,NO,OK,
1167060,SI,SI,1,1,500,NO,OK,
1167057,SI,SI,1,1,504,NO,OK,
1167053,SI,SI,1,515,68983,NO,OK,
1167050,SI,SI,1,2,24,NO,OK,
1167045,SI,SI,1,2,60,NO,OK,
1167038,SI,SI,1,37,744,NO,OK,
1167037,SI,SI,1,17,329,NO,OK,
1167036,SI,NO,0,,,NO,SIN_COBERTURA,
1167032,SI,SI,1,9,186,NO,OK,
4190139560,SI,SI,1,1,384,NO,OK,
1167026,SI,SI,1,10,62,NO,OK,
1167025,SI,SI,1,16,188,NO,OK,
1167023,SI,NO,0,,,NO,SIN_COBERTURA,
4190139489,SI,NO,0,,,NO,SIN_COBERTURA,
1166679,SI,NO,0,,,NO,SIN_COBERTURA,
1166676,SI,SI,1,3,26,NO,OK,
1166674,SI,NO,0,,,NO,SIN_COBERTURA,
4190139469,SI,SI,1,12,340,NO,OK,
1166661,SI,SI,1,87,1240,NO,OK,
1166657,SI,NO,0,,,NO,SIN_COBERTURA,
1166648,SI,SI,1,4,936,NO,OK,
1166644,SI,SI,1,35,5290,NO,OK,
1166643,SI,SI,1,1,3,NO,OK,
1166642,SI,SI,1,5,120,NO,OK,
1166646,SI,SI,1,10,2972,NO,OK,
1166630,SI,NO,0,,,NO,SIN_COBERTURA,
4190139410,SI,SI,1,16,743,NO,OK,
1166619,SI,SI,1,7,70,NO,OK,
1166616,SI,SI,1,6,549,NO,OK,
4190139405,SI,SI,1,9,2040,NO,OK,
1166604,SI,SI,1,1,200,NO,OK,
1166601,SI,SI,1,17,194,NO,OK,
1166606,SI,SI,1,32,1488,NO,OK,
4190139399,SI,NO,0,,,NO,SIN_COBERTURA,
1166590,SI,SI,1,11,284,NO,OK,
1166588,SI,SI,1,9,888,NO,OK,
1166586,SI,SI,1,8,1044,NO,OK,
4190139358,SI,NO,0,,,NO,SIN_COBERTURA,
1166577,SI,SI,1,15,424,NO,OK,
1166572,SI,SI,1,6,362,NO,OK,
4190139355,SI,NO,0,,,NO,SIN_COBERTURA,
1166546,SI,SI,1,4,188,NO,OK,
4190139341,SI,SI,1,21,132,NO,OK,
1166534,SI,SI,1,1,240,NO,OK,
1166525,SI,SI,1,2,60,NO,OK,
1166515,SI,SI,1,4,175,NO,OK,
1166507,SI,NO,0,,,NO,SIN_COBERTURA,
1166504,SI,SI,1,23,286,NO,OK,
1166502,SI,NO,0,,,NO,SIN_COBERTURA,
1166513,SI,SI,1,11,652,NO,OK,
1166503,SI,SI,1,1,200,NO,OK,
4190139310,SI,SI,1,1,80,NO,OK,
1166490,SI,SI,1,5,255,NO,OK,
4190139303,SI,SI,1,18,274,NO,OK,
4190139302,SI,NO,0,,,NO,SIN_COBERTURA,
1166488,SI,SI,1,1,636,NO,OK,
1166487,SI,NO,0,,,NO,SIN_COBERTURA,
4190139300,SI,SI,1,14,1152,NO,OK,
1166486,SI,NO,0,,,NO,SIN_COBERTURA,
1166480,SI,SI,1,4,105,NO,OK,
1166481,SI,SI,1,7,996,NO,OK,
4190139288,SI,SI,1,12,3224,NO,OK,
1166476,SI,NO,0,,,NO,SIN_COBERTURA,
1166469,SI,NO,0,,,NO,SIN_COBERTURA,
1166457,SI,NO,0,,,NO,SIN_COBERTURA,
1166451,SI,SI,1,3,105,NO,OK,
1166450,SI,NO,0,,,NO,SIN_COBERTURA,
1166447,SI,NO,0,,,NO,SIN_COBERTURA,
1166446,SI,NO,0,,,NO,SIN_COBERTURA,
1166443,SI,NO,0,,,NO,SIN_COBERTURA,
1166441,SI,SI,1,8,102,NO,OK,
4190139258,SI,SI,1,3,49,NO,OK,
1166466,SI,SI,1,9,164,NO,OK,
1166436,SI,SI,1,11,206,NO,OK,
4190139223,SI,SI,1,71,1957,NO,OK,
1166408,SI,SI,1,15,446,NO,OK,
4190139205,SI,NO,0,,,NO,SIN_COBERTURA,
1166407,SI,SI,1,1,252,NO,OK,
1166406,SI,NO,0,,,NO,SIN_COBERTURA,
4190139202,SI,SI,1,2,264,NO,OK,
4190139201,SI,NO,0,,,NO,SIN_COBERTURA,
1166388,SI,NO,0,,,NO,SIN_COBERTURA,
1166351,SI,SI,1,8,2069,NO,OK,
1168114,SI,SI,1,1,1000,NO,OK,
1168100,SI,NO,0,,,NO,SIN_COBERTURA,
1168098,SI,NO,0,,,NO,SIN_COBERTURA,
1168094,SI,SI,1,5,276,NO,OK,
1168093,SI,SI,1,2,124,NO,OK,
1168083,SI,NO,0,,,NO,SIN_COBERTURA,
1168082,SI,NO,0,,,NO,SIN_COBERTURA,
1168079,SI,SI,1,1,40,NO,OK,
1168077,SI,NO,0,,,NO,SIN_COBERTURA,
1168075,SI,NO,0,,,NO,SIN_COBERTURA,
1168074,SI,SI,1,15,760,NO,OK,
1168073,SI,SI,1,1,240,NO,OK,
1168069,SI,SI,1,8,9746,NO,OK,
1168063,SI,SI,1,19,293,NO,OK,
1168062,SI,NO,0,,,NO,SIN_COBERTURA,
1168061,SI,NO,0,,,NO,SIN_COBERTURA,
1168058,SI,SI,1,8,678,NO,OK,
1168057,SI,SI,1,2,240,NO,OK,
1168056,SI,SI,1,2,46,NO,OK,
1168053,SI,NO,0,,,NO,SIN_COBERTURA,
1168048,SI,NO,0,,,NO,SIN_COBERTURA,
1168047,SI,NO,0,,,NO,SIN_COBERTURA,
1168036,SI,SI,1,11,78,NO,OK,
1168023,SI,NO,0,,,NO,SIN_COBERTURA,
1168012,SI,SI,1,3,243,NO,OK,
1167649,SI,NO,0,,,NO,SIN_COBERTURA,
1167634,SI,NO,0,,,NO,SIN_COBERTURA,
1167378,SI,SI,1,1,30,NO,OK,
1167371,SI,SI,1,1,36,NO,OK,
1167366,SI,NO,0,,,NO,SIN_COBERTURA,
1167352,SI,NO,0,,,NO,SIN_COBERTURA,
1167343,SI,NO,0,,,NO,SIN_COBERTURA,
1167312,SI,SI,1,9,412,NO,OK,
1167306,SI,SI,1,1,6555,NO,OK,
1167301,SI,SI,1,21,216,NO,OK,
1167300,SI,SI,1,1,36,NO,OK,
4190139830,SI,NO,0,,,NO,SIN_COBERTURA,
4190139822,SI,SI,1,10,522,NO,OK,
4190139816,SI,SI,1,12,494,NO,OK,
1167297,SI,SI,1,4,104,NO,OK,
4190139807,SI,SI,1,3,222,NO,OK,
4190139806,SI,SI,1,7,480,NO,OK,
4190139797,SI,SI,1,10,1568,NO,OK,
1167291,SI,NO,0,,,NO,SIN_COBERTURA,
1167290,SI,SI,1,1,15,NO,OK,
1167289,SI,SI,1,10,148,NO,OK,
1167286,SI,NO,0,,,NO,SIN_COBERTURA,
4190139791,SI,SI,1,1,8,NO,OK,
4190139783,SI,SI,1,13,444,NO,OK,
1167280,SI,SI,1,4,420,NO,OK,
1167269,SI,NO,0,,,NO,SIN_COBERTURA,
1167266,SI,SI,1,15,708,NO,OK,
4190139809,SI,NO,0,,,NO,SIN_COBERTURA,
1167262,SI,NO,0,,,NO,SIN_COBERTURA,
1167258,SI,SI,1,39,1160,NO,OK,
1167253,SI,SI,1,12,284,NO,OK,
1167247,SI,SI,1,34,648,NO,OK,
4190139746,SI,NO,0,,,NO,SIN_COBERTURA,
1167241,SI,NO,0,,,NO,SIN_COBERTURA,
1167249,SI,SI,1,7,2288,NO,OK,
1167248,SI,SI,1,2,64,NO,OK,
1167237,SI,SI,1,9,206,NO,OK,
1167218,SI,SI,1,17,669,NO,OK,
1167236,SI,SI,1,13,653,NO,OK,
4190139729,SI,NO,0,,,NO,SIN_COBERTURA,
4190139728,SI,NO,0,,,NO,SIN_COBERTURA,
1167204,SI,NO,0,,,NO,SIN_COBERTURA,
1167199,SI,SI,1,14,439,NO,OK,
1167197,SI,SI,1,7,228,NO,OK,
1167193,SI,NO,0,,,NO,SIN_COBERTURA,
1167186,SI,SI,1,3,516,NO,OK,
1167185,SI,NO,0,,,NO,SIN_COBERTURA,
1167182,SI,NO,0,,,NO,SIN_COBERTURA,
1167165,SI,SI,1,2,470,NO,OK,
1167156,SI,SI,1,18,264,NO,OK,
1167154,SI,NO,0,,,NO,SIN_COBERTURA,
1167144,SI,NO,0,,,NO,SIN_COBERTURA,
1167142,SI,NO,0,,,NO,SIN_COBERTURA,
1167141,SI,SI,1,4,1386,NO,OK,
1167138,SI,NO,0,,,NO,SIN_COBERTURA,
1167137,SI,NO,0,,,NO,SIN_COBERTURA,
1167136,SI,NO,0,,,NO,SIN_COBERTURA,
4190139667,SI,NO,0,,,NO,SIN_COBERTURA,
4190139660,SI,SI,1,15,720,NO,OK,
1167133,SI,NO,0,,,NO,SIN_COBERTURA,
4190139648,SI,NO,0,,,NO,SIN_COBERTURA,
1167111,SI,SI,1,4,106,NO,OK,
1167108,SI,SI,1,2,212,NO,OK,
1167103,SI,SI,1,5,274,NO,OK,
1167104,SI,SI,1,37,643,NO,OK,
1167099,SI,SI,1,25,398,NO,OK,
1167088,SI,SI,1,2,33,NO,OK,
1167087,SI,SI,1,22,726,NO,OK,
1167073,SI,SI,1,2,24,NO,OK,
1167063,SI,SI,1,7,112,NO,OK,
1167058,SI,NO,0,,,NO,SIN_COBERTURA,
1167055,SI,SI,1,6,358,NO,OK,
1167064,SI,NO,0,,,NO,SIN_COBERTURA,
1167056,SI,NO,0,,,NO,SIN_COBERTURA,
1167051,SI,SI,1,6,137,NO,OK,
1167048,SI,SI,1,1,600,NO,OK,
1167044,SI,NO,0,,,NO,SIN_COBERTURA,
1167039,SI,SI,1,13,354,NO,OK,
1167031,SI,NO,0,,,NO,SIN_COBERTURA,
1167028,SI,NO,0,,,NO,SIN_COBERTURA,
1166842,SI,SI,1,19,1528,NO,OK,
4190139484,SI,NO,0,,,NO,SIN_COBERTURA,
1166677,SI,SI,1,1,15,NO,OK,
1166675,SI,SI,1,2,100,NO,OK,
1166670,SI,NO,0,,,NO,SIN_COBERTURA,
4190139466,SI,SI,1,7,456,NO,OK,
1166667,SI,NO,0,,,NO,SIN_COBERTURA,
1166666,SI,NO,0,,,NO,SIN_COBERTURA,
1166671,SI,SI,1,5,48,NO,OK,
1166673,SI,NO,0,,,NO,SIN_COBERTURA,
1166652,SI,SI,1,3,54,NO,OK,
1166649,SI,SI,1,5,909,NO,OK,
1166651,SI,SI,1,7,2996,NO,OK,
1166647,SI,SI,1,2,336,NO,OK,
4190139441,SI,NO,0,,,NO,SIN_COBERTURA,
1166637,SI,SI,1,1,96,NO,OK,
1166634,SI,SI,1,10,1968,NO,OK,
1166631,SI,NO,0,,,NO,SIN_COBERTURA,
4190139424,SI,SI,1,2,480,NO,OK,
1166635,SI,SI,1,15,1796,NO,OK,
1166636,SI,SI,1,10,720,NO,OK,
1166618,SI,SI,1,30,532,NO,OK,
4190139404,SI,SI,1,6,92,NO,OK,
1166612,SI,NO,0,,,NO,SIN_COBERTURA,
4190139398,SI,NO,0,,,NO,SIN_COBERTURA,
1166609,SI,NO,0,,,NO,SIN_COBERTURA,
4190139395,SI,SI,1,69,1166,NO,OK,
1166602,SI,SI,1,15,378,NO,OK,
1166596,SI,SI,1,7,95,NO,OK,
1166599,SI,NO,0,,,NO,SIN_COBERTURA,
1166583,SI,SI,1,8,94,NO,OK,
1166580,SI,SI,1,8,119,NO,OK,
1166576,SI,NO,0,,,NO,SIN_COBERTURA,
1166567,SI,SI,1,3,36,NO,OK,
1166566,SI,SI,1,1,20,NO,OK,
1166568,SI,SI,1,17,216,NO,OK,
1166553,SI,SI,1,17,159,NO,OK,
4190139351,SI,NO,0,,,NO,SIN_COBERTURA,
1166545,SI,NO,0,,,NO,SIN_COBERTURA,
1166544,SI,NO,0,,,NO,SIN_COBERTURA,
1166552,SI,NO,0,,,NO,SIN_COBERTURA,
1166547,SI,NO,0,,,NO,SIN_COBERTURA,
1166551,SI,NO,0,,,NO,SIN_COBERTURA,
1166537,SI,SI,1,117,1886,NO,OK,
1166536,SI,NO,0,,,NO,SIN_COBERTURA,
1166535,SI,NO,0,,,NO,SIN_COBERTURA,
1166532,SI,SI,1,7,147,NO,OK,
1166531,SI,NO,0,,,NO,SIN_COBERTURA,
4190139335,SI,SI,1,1,120,NO,OK,
1166521,SI,SI,1,3,70,NO,OK,
1166523,SI,SI,1,19,169,NO,OK,
1166519,SI,NO,0,,,NO,SIN_COBERTURA,
1166514,SI,NO,0,,,NO,SIN_COBERTURA,
1166511,SI,SI,1,2,168,NO,OK,
1166510,SI,SI,1,13,805,NO,OK,
1166509,SI,SI,1,14,401,NO,OK,
4190139321,SI,NO,0,,,NO,SIN_COBERTURA,
1166501,SI,SI,1,5,91,NO,OK,
1166489,SI,SI,1,15,222,NO,OK,
1166496,SI,NO,0,,,NO,SIN_COBERTURA,
4190139285,SI,NO,0,,,NO,SIN_COBERTURA,
1166465,SI,SI,1,79,806,NO,OK,
1166461,SI,NO,0,,,NO,SIN_COBERTURA,
1166454,SI,SI,1,10,152,NO,OK,
1166449,SI,SI,1,16,1458,NO,OK,
1166448,SI,SI,1,15,1078,NO,OK,
1166440,SI,SI,1,1,120,NO,OK,
1166453,SI,SI,1,13,180,NO,OK,
1166437,SI,NO,0,,,NO,SIN_COBERTURA,
1166433,SI,NO,0,,,NO,SIN_COBERTURA,
4190139240,SI,SI,1,11,394,NO,OK,
1166431,SI,SI,1,9,361,NO,OK,
1166427,SI,SI,1,9,498,NO,OK,
1166425,SI,SI,1,12,669,NO,OK,
1166426,SI,SI,1,4,140,NO,OK,
1166428,SI,SI,1,3,108,NO,OK,
1166412,SI,SI,1,1,50,NO,OK,
1166413,SI,NO,0,,,NO,SIN_COBERTURA,
1166419,SI,NO,0,,,NO,SIN_COBERTURA,
1166399,SI,SI,1,4,4044,NO,OK,
1166395,SI,SI,1,4,84,NO,OK,
1166393,SI,NO,0,,,NO,SIN_COBERTURA,
1166391,SI,SI,1,32,548,NO,OK,
1166390,SI,SI,1,23,1041,NO,OK,
1166403,SI,SI,1,12,181,NO,OK,
1166384,SI,SI,1,9,171,NO,OK,
1166382,SI,SI,1,6,192,NO,OK,
1166371,SI,SI,1,3,1159,NO,OK,
1168078,SI,SI,1,2,348,NO,OK,
1168039,SI,NO,0,,,NO,SIN_COBERTURA,
1168024,SI,NO,0,,,NO,SIN_COBERTURA,
1168020,SI,SI,1,5,30,NO,OK,
1168019,SI,NO,0,,,NO,SIN_COBERTURA,
1167363,SI,SI,1,23,992,NO,OK,
1167353,SI,SI,1,7,1196,NO,OK,
1167338,SI,NO,0,,,NO,SIN_COBERTURA,
1167299,SI,NO,0,,,NO,SIN_COBERTURA,
1167276,SI,NO,0,,,NO,SIN_COBERTURA,
1167267,SI,SI,1,6,2790,NO,OK,
1167244,SI,NO,0,,,NO,SIN_COBERTURA,
1167179,SI,NO,0,,,NO,SIN_COBERTURA,
1167160,SI,SI,1,9,144,NO,OK,
1167131,SI,NO,0,,,NO,SIN_COBERTURA,
1167128,SI,SI,1,16,310,NO,OK,
1167129,SI,NO,0,,,NO,SIN_COBERTURA,
1167102,SI,NO,0,,,NO,SIN_COBERTURA,
1166669,SI,NO,0,,,NO,SIN_COBERTURA,
1166617,SI,SI,1,2,172,NO,OK,
4190139400,SI,NO,0,,,NO,SIN_COBERTURA,
1166611,SI,NO,0,,,NO,SIN_COBERTURA,
1166608,SI,SI,1,4,108,NO,OK,
1166605,SI,NO,0,,,NO,SIN_COBERTURA,
1166597,SI,NO,0,,,NO,SIN_COBERTURA,
1166595,SI,NO,0,,,NO,SIN_COBERTURA,
1166589,SI,SI,1,9,374,NO,OK,
1166587,SI,SI,1,2,942,NO,OK,
1166584,SI,NO,0,,,NO,SIN_COBERTURA,
1166579,SI,SI,1,41,428,NO,OK,
1166578,SI,SI,1,19,4488,NO,OK,
1166571,SI,NO,0,,,NO,SIN_COBERTURA,
1166561,SI,NO,0,,,NO,SIN_COBERTURA,
1166548,SI,SI,1,10,1558,NO,OK,
1166533,SI,NO,0,,,NO,SIN_COBERTURA,
1166430,SI,SI,1,1,1008,NO,OK,
4190139233,SI,NO,0,,,NO,SIN_COBERTURA,
4190139230,SI,SI,1,20,390,NO,OK,
1166424,SI,SI,1,8,588,NO,OK,
1167339,SI,SI,1,4,4786,NO,OK,
1167310,SI,SI,1,4,264,NO,OK,
4190139814,SI,NO,0,,,NO,SIN_COBERTURA,
4190139748,SI,NO,0,,,NO,SIN_COBERTURA,
1167246,SI,SI,1,13,298,NO,OK,
4190139731,SI,SI,1,30,5882,NO,OK,
1167213,SI,SI,1,56,3368,NO,OK,
1167082,SI,SI,1,2,51,NO,OK,
1167049,SI,SI,1,7,696,NO,OK,
1167024,SI,SI,1,7,380,NO,OK,
1166658,SI,SI,1,2,35,NO,OK,
1166659,SI,SI,1,20,1181,NO,OK,
4190139380,SI,NO,0,,,NO,SIN_COBERTURA,
4190139377,SI,SI,1,4,200,NO,OK,
4190139375,SI,NO,0,,,NO,SIN_COBERTURA,
4190139365,SI,NO,0,,,NO,SIN_COBERTURA,
4190139359,SI,NO,0,,,NO,SIN_COBERTURA,
1166575,SI,SI,1,2,430,NO,OK,
4190139357,SI,NO,0,,,NO,SIN_COBERTURA,
1166557,SI,SI,1,33,3115,NO,OK,
1166556,SI,NO,0,,,NO,SIN_COBERTURA,
4190139175,SI,NO,0,,,NO,SIN_COBERTURA,
4190139169,SI,SI,1,8,441,NO,OK,
1168089,SI,SI,1,10,340,NO,OK,
1168081,SI,NO,0,,,NO,SIN_COBERTURA,
4190139988,SI,NO,0,,,NO,SIN_COBERTURA,
4190139986,SI,NO,0,,,NO,SIN_COBERTURA,
1167354,SI,SI,1,9,7576,NO,OK,
1167331,SI,NO,0,,,NO,SIN_COBERTURA,
4190139828,SI,SI,1,38,1269,NO,OK,
1167265,SI,NO,0,,,NO,SIN_COBERTURA,
1167151,SI,NO,0,,,NO,SIN_COBERTURA,
4190139649,SI,NO,0,,,NO,SIN_COBERTURA,
4190139647,SI,NO,0,,,NO,SIN_COBERTURA,
4190139664,SI,NO,0,,,NO,SIN_COBERTURA,
4190139650,SI,NO,0,,,NO,SIN_COBERTURA,
4190139644,SI,SI,1,37,1229,NO,OK,
4190139640,SI,NO,0,,,NO,SIN_COBERTURA,
4190139631,SI,SI,1,14,456,NO,OK,
1167092,SI,SI,1,28,635,NO,OK,
1167084,SI,SI,1,2,76,NO,OK,
4190139476,SI,NO,0,,,NO,SIN_COBERTURA,
1166645,SI,SI,1,2,20,NO,OK,
1166640,SI,NO,0,,,NO,SIN_COBERTURA,
1166638,SI,NO,0,,,NO,SIN_COBERTURA,
4190139421,SI,NO,0,,,NO,SIN_COBERTURA,
4190139416,SI,SI,1,23,5466,NO,OK,
4190139417,SI,NO,0,,,NO,SIN_COBERTURA,
4190139407,SI,NO,0,,,NO,SIN_COBERTURA,
4190139389,SI,NO,0,,,NO,SIN_COBERTURA,
4190139390,SI,NO,0,,,NO,SIN_COBERTURA,
4190139363,SI,NO,0,,,NO,SIN_COBERTURA,
4190139333,SI,NO,0,,,NO,SIN_COBERTURA,
4190139326,SI,NO,0,,,NO,SIN_COBERTURA,
4190139311,SI,NO,0,,,NO,SIN_COBERTURA,
4190139287,SI,NO,0,,,NO,SIN_COBERTURA,
4190139274,SI,NO,0,,,NO,SIN_COBERTURA,
4190139273,SI,NO,0,,,NO,SIN_COBERTURA,
1166429,SI,NO,0,,,NO,SIN_COBERTURA,
1166410,SI,SI,1,11,382,NO,OK,
1166400,SI,SI,1,3,56,NO,OK,
1166386,SI,SI,1,3,4936,NO,OK,
1168049,SI,NO,0,,,NO,SIN_COBERTURA,
1167293,SI,NO,0,,,NO,SIN_COBERTURA,
1167252,SI,NO,0,,,NO,SIN_COBERTURA,
1167234,SI,SI,1,15,1431,NO,OK,
1167224,SI,NO,0,,,NO,SIN_COBERTURA,
1167220,SI,SI,1,149,2427,NO,OK,
1167227,SI,SI,1,47,1821,NO,OK,
4190139719,SI,SI,1,10,926,NO,OK,
1167164,SI,SI,1,36,709,NO,OK,
1167134,SI,NO,0,,,NO,SIN_COBERTURA,
1167127,SI,SI,1,81,5923,NO,OK,
1167126,SI,NO,0,,,NO,SIN_COBERTURA,
1167086,SI,SI,1,4,94,NO,OK,
1167062,SI,SI,1,1,720,NO,OK,
4190139589,SI,SI,1,8,588,NO,OK,
1167046,SI,SI,1,7,503,NO,OK,
1166653,SI,NO,0,,,NO,SIN_COBERTURA,
1166591,SI,NO,0,,,NO,SIN_COBERTURA,
1166555,SI,NO,0,,,NO,SIN_COBERTURA,
1166538,SI,NO,0,,,NO,SIN_COBERTURA,
1166526,SI,NO,0,,,NO,SIN_COBERTURA,
1166520,SI,SI,1,2,2640,NO,OK,
1166498,SI,SI,1,24,2132,NO,OK,
1166493,SI,NO,0,,,NO,SIN_COBERTURA,
1166467,SI,NO,0,,,NO,SIN_COBERTURA,
1166455,SI,SI,1,17,387,NO,OK,
1166439,SI,SI,1,69,2704,NO,OK,
1166385,SI,SI,1,49,566,NO,OK,
4190139824,SI,SI,1,8,253,NO,OK,
1167288,SI,SI,1,11,452,NO,OK,
4190139779,SI,SI,1,11,191,NO,OK,
1166672,SI,NO,0,,,NO,SIN_COBERTURA,
4190139406,SI,SI,1,12,212,NO,OK,
4190139349,SI,NO,0,,,NO,SIN_COBERTURA,
4190139348,SI,SI,1,4,102,NO,OK,
4190139317,SI,SI,1,11,181,NO,OK,
4190139207,SI,SI,1,14,216,NO,OK,
4190140006,SI,NO,0,,,NO,SIN_COBERTURA,
4190139999,SI,NO,0,,,NO,SIN_COBERTURA,
4190139997,SI,SI,1,11,2010,NO,OK,
4190139995,SI,SI,1,7,204,NO,OK,
4190139992,SI,NO,0,,,NO,SIN_COBERTURA,
4190139983,SI,SI,1,21,464,NO,OK,
4190139982,SI,NO,0,,,NO,SIN_COBERTURA,
4190139977,SI,SI,1,8,1116,NO,OK,
4190139975,SI,NO,0,,,NO,SIN_COBERTURA,
4190139972,SI,NO,0,,,NO,SIN_COBERTURA,
4190139968,SI,NO,0,,,NO,SIN_COBERTURA,
4190139967,SI,NO,0,,,NO,SIN_COBERTURA,
4190139966,SI,SI,1,21,364,NO,OK,
4190139965,SI,NO,0,,,NO,SIN_COBERTURA,
4190139964,SI,SI,1,35,1000,NO,OK,
4190139963,SI,SI,1,20,491,NO,OK,
4190139962,SI,NO,0,,,NO,SIN_COBERTURA,
1168027,SI,NO,0,,,NO,SIN_COBERTURA,
1168026,SI,NO,0,,,NO,SIN_COBERTURA,
4190139961,SI,SI,1,1,360,NO,OK,
4190139855,SI,NO,0,,,NO,SIN_COBERTURA,
4190139850,SI,NO,0,,,NO,SIN_COBERTURA,
1167330,SI,SI,1,14,218,NO,OK,
1167326,SI,NO,0,,,NO,SIN_COBERTURA,
4190139846,SI,NO,0,,,NO,SIN_COBERTURA,
4190139840,SI,SI,1,2,24,NO,OK,
4190139839,SI,NO,0,,,NO,SIN_COBERTURA,
4190139838,SI,NO,0,,,NO,SIN_COBERTURA,
4190139834,SI,SI,1,13,337,NO,OK,
4190139831,SI,NO,0,,,NO,SIN_COBERTURA,
4190139826,SI,SI,1,32,1210,NO,OK,
4190139821,SI,NO,0,,,NO,SIN_COBERTURA,
4190139813,SI,NO,0,,,NO,SIN_COBERTURA,
4190139810,SI,NO,0,,,NO,SIN_COBERTURA,
4190139808,SI,NO,0,,,NO,SIN_COBERTURA,
4190139800,SI,SI,1,6,663,NO,OK,
4190139784,SI,NO,0,,,NO,SIN_COBERTURA,
4190139777,SI,NO,0,,,NO,SIN_COBERTURA,
4190139776,SI,NO,0,,,NO,SIN_COBERTURA,
4190139768,SI,NO,0,,,NO,SIN_COBERTURA,
4190139767,SI,SI,1,134,4091,NO,OK,
4190139765,SI,NO,0,,,NO,SIN_COBERTURA,
1167259,SI,SI,1,64,862,NO,OK,
4190139756,SI,NO,0,,,NO,SIN_COBERTURA,
4190139753,SI,NO,0,,,NO,SIN_COBERTURA,
4190139749,SI,NO,0,,,NO,SIN_COBERTURA,
4190139743,SI,SI,1,6,279,NO,OK,
4190139741,SI,SI,1,8,363,NO,OK,
4190139735,SI,NO,0,,,NO,SIN_COBERTURA,
4190139734,SI,NO,0,,,NO,SIN_COBERTURA,
4190139733,SI,NO,0,,,NO,SIN_COBERTURA,
4190139720,SI,SI,1,17,574,NO,OK,
4190139718,SI,NO,0,,,NO,SIN_COBERTURA,
4190139717,SI,NO,0,,,NO,SIN_COBERTURA,
4190139716,SI,SI,1,10,4085,NO,OK,
4190139709,SI,SI,1,4,70,NO,OK,
4190139707,SI,NO,0,,,NO,SIN_COBERTURA,
4190139706,SI,SI,1,11,244,NO,OK,
4190139705,SI,SI,1,14,1821,NO,OK,
4190139703,SI,SI,1,28,792,NO,OK,
4190139701,SI,NO,0,,,NO,SIN_COBERTURA,
4190139700,SI,NO,0,,,NO,SIN_COBERTURA,
4190139699,SI,NO,0,,,NO,SIN_COBERTURA,
4190139712,SI,SI,1,31,605,NO,OK,
4190139697,SI,NO,0,,,NO,SIN_COBERTURA,
4190139696,SI,SI,1,24,896,NO,OK,
4190139695,SI,NO,0,,,NO,SIN_COBERTURA,
4190139688,SI,SI,1,15,1157,NO,OK,
4190139685,SI,NO,0,,,NO,SIN_COBERTURA,
4190139684,SI,NO,0,,,NO,SIN_COBERTURA,
4190139681,SI,SI,1,8,393,NO,OK,
4190139674,SI,NO,0,,,NO,SIN_COBERTURA,
4190139672,SI,SI,1,9,86,NO,OK,
4190139671,SI,NO,0,,,NO,SIN_COBERTURA,
4190139670,SI,SI,1,4,56,NO,OK,
4190139668,SI,NO,0,,,NO,SIN_COBERTURA,
4190139666,SI,SI,1,2,75,NO,OK,
4190139658,SI,NO,0,,,NO,SIN_COBERTURA,
4190139657,SI,NO,0,,,NO,SIN_COBERTURA,
4190139656,SI,NO,0,,,NO,SIN_COBERTURA,
4190139652,SI,NO,0,,,NO,SIN_COBERTURA,
4190139645,SI,NO,0,,,NO,SIN_COBERTURA,
4190139651,SI,NO,0,,,NO,SIN_COBERTURA,
4190139669,SI,NO,0,,,NO,SIN_COBERTURA,
4190139638,SI,SI,1,11,163,NO,OK,
4190139635,SI,NO,0,,,NO,SIN_COBERTURA,
4190139622,SI,NO,0,,,NO,SIN_COBERTURA,
4190139621,SI,NO,0,,,NO,SIN_COBERTURA,
4190139619,SI,SI,1,5,150,NO,OK,
4190139611,SI,SI,1,41,1872,NO,OK,
4190139605,SI,NO,0,,,NO,SIN_COBERTURA,
4190139603,SI,NO,0,,,NO,SIN_COBERTURA,
4190139601,SI,NO,0,,,NO,SIN_COBERTURA,
4190139598,SI,NO,0,,,NO,SIN_COBERTURA,
4190139595,SI,NO,0,,,NO,SIN_COBERTURA,
1167068,SI,NO,0,,,NO,SIN_COBERTURA,
1167066,SI,SI,1,9,90,NO,OK,
4190139585,SI,SI,1,49,1159,NO,OK,
4190139584,SI,NO,0,,,NO,SIN_COBERTURA,
4190139579,SI,SI,1,16,403,NO,OK,
4190139573,SI,NO,0,,,NO,SIN_COBERTURA,
4190139567,SI,NO,0,,,NO,SIN_COBERTURA,
4190139564,SI,SI,1,28,520,NO,OK,
4190139563,SI,SI,1,19,633,NO,OK,
1167030,SI,NO,0,,,NO,SIN_COBERTURA,
1167029,SI,NO,0,,,NO,SIN_COBERTURA,
1167027,SI,NO,0,,,NO,SIN_COBERTURA,
4190139540,SI,SI,1,30,2268,NO,OK,
4190139487,SI,NO,0,,,NO,SIN_COBERTURA,
4190139482,SI,NO,0,,,NO,SIN_COBERTURA,
4190139474,SI,NO,0,,,NO,SIN_COBERTURA,
4190139468,SI,NO,0,,,NO,SIN_COBERTURA,
4190139462,SI,SI,1,42,931,NO,OK,
4190139461,SI,SI,1,4,421,NO,OK,
4190139450,SI,SI,1,18,747,NO,OK,
4190139449,SI,NO,0,,,NO,SIN_COBERTURA,
4190139448,SI,NO,0,,,NO,SIN_COBERTURA,
4190139447,SI,SI,1,14,747,NO,OK,
4190139446,SI,NO,0,,,NO,SIN_COBERTURA,
4190139445,SI,NO,0,,,NO,SIN_COBERTURA,
4190139444,SI,NO,0,,,NO,SIN_COBERTURA,
4190139438,SI,NO,0,,,NO,SIN_COBERTURA,
4190139434,SI,SI,1,2,48,NO,OK,
4190139433,SI,NO,0,,,NO,SIN_COBERTURA,
4190139431,SI,SI,1,3,30250,NO,OK,
4190139430,SI,NO,0,,,NO,SIN_COBERTURA,
4190139426,SI,SI,1,35,703,NO,OK,
4190139420,SI,SI,1,16,595,NO,OK,
4190139419,SI,NO,0,,,NO,SIN_COBERTURA,
4190139418,SI,NO,0,,,NO,SIN_COBERTURA,
4190139437,SI,NO,0,,,NO,SIN_COBERTURA,
4190139429,SI,SI,1,25,837,NO,OK,
4190139415,SI,SI,1,33,451,NO,OK,
4190139412,SI,NO,0,,,NO,SIN_COBERTURA,
4190139408,SI,NO,0,,,NO,SIN_COBERTURA,
1166620,SI,NO,0,,,NO,SIN_COBERTURA,
4190139401,SI,SI,1,22,328,NO,OK,
4190139397,SI,SI,1,12,544,NO,OK,
4190139396,SI,NO,0,,,NO,SIN_COBERTURA,
4190139394,SI,NO,0,,,NO,SIN_COBERTURA,
4190139393,SI,SI,1,13,478,NO,OK,
4190139391,SI,SI,1,1,288,NO,OK,
4190139392,SI,SI,1,52,737,NO,OK,
4190139388,SI,NO,0,,,NO,SIN_COBERTURA,
4190139383,SI,NO,0,,,NO,SIN_COBERTURA,
4190139379,SI,NO,0,,,NO,SIN_COBERTURA,
4190139378,SI,NO,0,,,NO,SIN_COBERTURA,
4190139376,SI,NO,0,,,NO,SIN_COBERTURA,
4190139372,SI,SI,1,14,422,NO,OK,
4190139369,SI,NO,0,,,NO,SIN_COBERTURA,
4190139368,SI,NO,0,,,NO,SIN_COBERTURA,
4190139364,SI,NO,0,,,NO,SIN_COBERTURA,
4190139360,SI,NO,0,,,NO,SIN_COBERTURA,
4190139356,SI,NO,0,,,NO,SIN_COBERTURA,
1166573,SI,NO,0,,,NO,SIN_COBERTURA,
1166569,SI,SI,1,25,434,NO,OK,
1166564,SI,SI,1,91,1445,NO,OK,
4190139366,SI,NO,0,,,NO,SIN_COBERTURA,
4190139350,SI,SI,1,11,261,NO,OK,
4190139340,SI,SI,1,16,485,NO,OK,
4190139339,SI,NO,0,,,NO,SIN_COBERTURA,
4190139337,SI,SI,1,6,72,NO,OK,
4190139336,SI,SI,1,15,1294,NO,OK,
1166527,SI,SI,1,31,452,NO,OK,
4190139331,SI,NO,0,,,NO,SIN_COBERTURA,
4190139328,SI,NO,0,,,NO,SIN_COBERTURA,
4190139327,SI,SI,1,21,170,NO,OK,
4190139324,SI,NO,0,,,NO,SIN_COBERTURA,
4190139323,SI,SI,1,2,36,NO,OK,
4190139319,SI,SI,1,36,1863,NO,OK,
4190139313,SI,SI,1,26,406,NO,OK,
4190139312,SI,SI,1,35,369,NO,OK,
4190139309,SI,NO,0,,,NO,SIN_COBERTURA,
4190139307,SI,SI,1,9,108,NO,OK,
4190139297,SI,SI,1,2,100,NO,OK,
4190139296,SI,NO,0,,,NO,SIN_COBERTURA,
4190139295,SI,SI,1,14,618,NO,OK,
4190139294,SI,SI,1,15,203,NO,OK,
4190139293,SI,NO,0,,,NO,SIN_COBERTURA,
4190139286,SI,NO,0,,,NO,SIN_COBERTURA,
4190139280,SI,NO,0,,,NO,SIN_COBERTURA,
4190139267,SI,SI,1,9,524,NO,OK,
4190139265,SI,NO,0,,,NO,SIN_COBERTURA,
4190139281,SI,NO,0,,,NO,SIN_COBERTURA,
4190139272,SI,SI,1,42,1976,NO,OK,
4190139256,SI,NO,0,,,NO,SIN_COBERTURA,
4190139255,SI,NO,0,,,NO,SIN_COBERTURA,
4190139250,SI,NO,0,,,NO,SIN_COBERTURA,
4190139235,SI,SI,1,51,511,NO,OK,
4190139248,SI,SI,1,24,223,NO,OK,
4190139210,SI,SI,1,6,126,NO,OK,
4190139226,SI,NO,0,,,NO,SIN_COBERTURA,
4190139195,SI,SI,1,35,247,NO,OK,
4190139191,SI,NO,0,,,NO,SIN_COBERTURA,
4190139185,SI,SI,1,14,248,NO,OK,
4190139184,SI,SI,1,26,424,NO,OK,
4190139178,SI,NO,0,,,NO,SIN_COBERTURA,
4190139177,SI,NO,0,,,NO,SIN_COBERTURA,
1168132,SI,NO,0,,,NO,SIN_COBERTURA,
4190140026,SI,NO,0,,,NO,SIN_COBERTURA,
4190140021,SI,NO,0,,,NO,SIN_COBERTURA,
4190140019,SI,NO,0,,,NO,SIN_COBERTURA,
1168123,SI,SI,1,34,4414,NO,OK,
1168119,SI,SI,1,1,240,NO,OK,
1168118,SI,SI,1,38,1585,NO,OK,
1168116,SI,SI,1,1,200,NO,OK,
4190140016,SI,NO,0,,,NO,SIN_COBERTURA,
4190140020,SI,NO,0,,,NO,SIN_COBERTURA,
4190140007,SI,SI,1,16,2762,NO,OK,
1168084,SI,SI,1,5,315,NO,OK,
4190140000,SI,NO,0,,,NO,SIN_COBERTURA,
1168072,SI,SI,1,2,144,NO,OK,
4190139984,SI,SI,1,1,12,NO,OK,
4190139951,SI,NO,0,,,NO,SIN_COBERTURA,
1167355,SI,SI,1,11,848,NO,OK,
1167319,SI,SI,1,28,513,NO,OK,
4190139793,SI,NO,0,,,NO,SIN_COBERTURA,
4190139761,SI,NO,0,,,NO,SIN_COBERTURA,
4190139725,SI,NO,0,,,NO,SIN_COBERTURA,
1167203,SI,SI,1,30,894,NO,OK,
1167200,SI,SI,1,2,272,NO,OK,
1167183,SI,SI,1,2,156,NO,OK,
1167147,SI,SI,1,3,360,NO,OK,
4190139637,SI,NO,0,,,NO,SIN_COBERTURA,
1167125,SI,SI,1,1,40,NO,OK,
4190139633,SI,SI,1,28,5088,NO,OK,
4190139620,SI,NO,0,,,NO,SIN_COBERTURA,
4190139613,SI,SI,1,4,663,NO,OK,
4190139581,SI,NO,0,,,NO,SIN_COBERTURA,
1167047,SI,SI,1,2,258,NO,OK,
4190139556,SI,SI,1,18,2988,NO,OK,
4190139554,SI,SI,1,5,176,NO,OK,
4190139435,SI,SI,1,63,3800,NO,OK,
1166639,SI,SI,1,3,213,NO,OK,
1166633,SI,SI,1,56,4109,NO,OK,
4190139423,SI,NO,0,,,NO,SIN_COBERTURA,
4190139387,SI,NO,0,,,NO,SIN_COBERTURA,
4190139381,SI,NO,0,,,NO,SIN_COBERTURA,
1166582,SI,SI,1,8,161,NO,OK,
1166560,SI,SI,1,1,180,NO,OK,
4190139346,SI,NO,0,,,NO,SIN_COBERTURA,
1166530,SI,SI,1,19,1176,NO,OK,
1166522,SI,NO,0,,,NO,SIN_COBERTURA,
1166508,SI,NO,0,,,NO,SIN_COBERTURA,
1166497,SI,SI,1,2,556,NO,OK,
1166482,SI,SI,1,6,359,NO,OK,
1166479,SI,SI,1,4,471,NO,OK,
4190139276,SI,NO,0,,,NO,SIN_COBERTURA,
1166434,SI,SI,1,35,836,NO,OK,
4190139246,SI,SI,1,62,792,NO,OK,
4190139222,SI,NO,0,,,NO,SIN_COBERTURA,
4190139220,SI,NO,0,,,NO,SIN_COBERTURA,
4190139206,SI,SI,1,26,5590,NO,OK,
4190139219,SI,NO,0,,,NO,SIN_COBERTURA,
1168110,SI,NO,0,,,NO,SIN_COBERTURA,
1168121,SI,NO,0,,,NO,SIN_COBERTURA,
1168095,SI,NO,0,,,NO,SIN_COBERTURA,
1168091,SI,NO,0,,,NO,SIN_COBERTURA,
1168090,SI,NO,0,,,NO,SIN_COBERTURA,
4190139842,SI,SI,1,7,468,NO,OK,
1167308,SI,SI,1,22,672,NO,OK,
1167274,SI,SI,1,178,2968,NO,OK,
1167273,SI,SI,1,16,1403,NO,OK,
1167272,SI,NO,0,,,NO,SIN_COBERTURA,
1167271,SI,NO,0,,,NO,SIN_COBERTURA,
1167270,SI,NO,0,,,NO,SIN_COBERTURA,
1167245,SI,NO,0,,,NO,SIN_COBERTURA,
1167232,SI,NO,0,,,NO,SIN_COBERTURA,
1167176,SI,NO,0,,,NO,SIN_COBERTURA,
1167119,SI,NO,0,,,NO,SIN_COBERTURA,
1167107,SI,SI,1,19,419,NO,OK,
1167096,SI,SI,1,66,1128,NO,OK,
4190139602,SI,SI,1,35,714,NO,OK,
1166704,SI,SI,1,8,616,NO,OK,
1166702,SI,SI,1,10,1324,NO,OK,
1166662,SI,NO,0,,,NO,SIN_COBERTURA,
1166625,SI,NO,0,,,NO,SIN_COBERTURA,
1166554,SI,NO,0,,,NO,SIN_COBERTURA,
1166539,SI,SI,1,7,146,NO,OK,
1166529,SI,NO,0,,,NO,SIN_COBERTURA,
1166518,SI,NO,0,,,NO,SIN_COBERTURA,
1166505,SI,SI,1,37,571,NO,OK,
1166495,SI,NO,0,,,NO,SIN_COBERTURA,
1166494,SI,NO,0,,,NO,SIN_COBERTURA,
1166492,SI,SI,1,11,736,NO,OK,
4190139290,SI,SI,1,9,814,NO,OK,
4190139289,SI,SI,1,20,473,NO,OK,
1166460,SI,NO,0,,,NO,SIN_COBERTURA,
1166444,SI,NO,0,,,NO,SIN_COBERTURA,
1166442,SI,SI,1,28,303,NO,OK,
1166432,SI,SI,1,10,181,NO,OK,
1166396,SI,SI,1,62,4185,NO,OK,
4190140024,SI,NO,0,,,NO,SIN_COBERTURA,
4190140014,SI,NO,0,,,NO,SIN_COBERTURA,
4190140010,SI,NO,0,,,NO,SIN_COBERTURA,
4190140009,SI,NO,0,,,NO,SIN_COBERTURA,
4190140008,SI,NO,0,,,NO,SIN_COBERTURA,
4190140011,SI,SI,1,32,276,NO,OK,
4190140005,SI,NO,0,,,NO,SIN_COBERTURA,
4190140002,SI,SI,1,24,336,NO,OK,
4190140001,SI,NO,0,,,NO,SIN_COBERTURA,
4190139998,SI,SI,1,10,170,NO,OK,
4190139994,SI,SI,1,2,24,NO,OK,
4190139993,SI,NO,0,,,NO,SIN_COBERTURA,
4190139989,SI,SI,1,51,955,NO,OK,
1168070,SI,NO,0,,,NO,SIN_COBERTURA,
4190139987,SI,SI,1,38,1276,NO,OK,
4190139985,SI,NO,0,,,NO,SIN_COBERTURA,
4190139981,SI,NO,0,,,NO,SIN_COBERTURA,
4190139980,SI,SI,1,31,1519,NO,OK,
4190139978,SI,NO,0,,,NO,SIN_COBERTURA,
4190139976,SI,NO,0,,,NO,SIN_COBERTURA,
4190139974,SI,NO,0,,,NO,SIN_COBERTURA,
4190139973,SI,SI,1,32,1808,NO,OK,
1168046,SI,NO,0,,,NO,SIN_COBERTURA,
4190139970,SI,NO,0,,,NO,SIN_COBERTURA,
1168029,SI,NO,0,,,NO,SIN_COBERTURA,
1168028,SI,NO,0,,,NO,SIN_COBERTURA,
4190139960,SI,NO,0,,,NO,SIN_COBERTURA,
4190139959,SI,SI,1,5,720,NO,OK,
4190139955,SI,NO,0,,,NO,SIN_COBERTURA,
4190139954,SI,NO,0,,,NO,SIN_COBERTURA,
4190139956,SI,NO,0,,,NO,SIN_COBERTURA,
1167327,SI,SI,1,9,1722,NO,OK,
1167325,SI,SI,1,26,350,NO,OK,
4190139847,SI,NO,0,,,NO,SIN_COBERTURA,
4190139841,SI,NO,0,,,NO,SIN_COBERTURA,
4190139836,SI,SI,1,23,9464,NO,OK,
4190139790,SI,SI,1,12,3736,NO,OK,
4190139782,SI,NO,0,,,NO,SIN_COBERTURA,
4190139781,SI,NO,0,,,NO,SIN_COBERTURA,
4190139780,SI,NO,0,,,NO,SIN_COBERTURA,
4190139794,SI,NO,0,,,NO,SIN_COBERTURA,
4190139773,SI,SI,1,29,1231,NO,OK,
4190139774,SI,NO,0,,,NO,SIN_COBERTURA,
4190139770,SI,SI,1,9,788,NO,OK,
4190139766,SI,SI,1,107,1645,NO,OK,
4190139764,SI,SI,1,11,810,NO,OK,
4190139762,SI,NO,0,,,NO,SIN_COBERTURA,
4190139758,SI,SI,1,10,251,NO,OK,
4190139757,SI,SI,1,12,676,NO,OK,
4190139755,SI,SI,1,8,103,NO,OK,
4190139754,SI,SI,1,182,9638,NO,OK,
4190139744,SI,SI,1,36,958,NO,OK,
1167226,SI,NO,0,,,NO,SIN_COBERTURA,
4190139726,SI,NO,0,,,NO,SIN_COBERTURA,
4190139723,SI,NO,0,,,NO,SIN_COBERTURA,
4190139721,SI,SI,1,12,109,NO,OK,
4190139715,SI,SI,1,27,2163,NO,OK,
4190139714,SI,NO,0,,,NO,SIN_COBERTURA,
4190139711,SI,NO,0,,,NO,SIN_COBERTURA,
4190139704,SI,SI,1,20,319,NO,OK,
4190139702,SI,NO,0,,,NO,SIN_COBERTURA,
4190139698,SI,NO,0,,,NO,SIN_COBERTURA,
4190139710,SI,NO,0,,,NO,SIN_COBERTURA,
4190139694,SI,NO,0,,,NO,SIN_COBERTURA,
4190139693,SI,NO,0,,,NO,SIN_COBERTURA,
4190139692,SI,SI,1,24,550,NO,OK,
4190139690,SI,SI,1,25,462,NO,OK,
4190139686,SI,NO,0,,,NO,SIN_COBERTURA,
4190139683,SI,SI,1,16,277,NO,OK,
4190139687,SI,SI,1,1,126,NO,OK,
4190139677,SI,SI,1,60,1496,NO,OK,
4190139675,SI,NO,0,,,NO,SIN_COBERTURA,
1167148,SI,NO,0,,,NO,SIN_COBERTURA,
4190139655,SI,NO,0,,,NO,SIN_COBERTURA,
4190139653,SI,SI,1,45,1052,NO,OK,
4190139646,SI,SI,1,4,207,NO,OK,
4190139680,SI,NO,0,,,NO,SIN_COBERTURA,
4190139679,SI,NO,0,,,NO,SIN_COBERTURA,
4190139634,SI,NO,0,,,NO,SIN_COBERTURA,
4190139630,SI,NO,0,,,NO,SIN_COBERTURA,
4190139618,SI,SI,1,34,2271,NO,OK,
4190139612,SI,NO,0,,,NO,SIN_COBERTURA,
4190139608,SI,NO,0,,,NO,SIN_COBERTURA,
4190139606,SI,NO,0,,,NO,SIN_COBERTURA,
4190139604,SI,NO,0,,,NO,SIN_COBERTURA,
4190139600,SI,NO,0,,,NO,SIN_COBERTURA,
4190139599,SI,NO,0,,,NO,SIN_COBERTURA,
4190139597,SI,NO,0,,,NO,SIN_COBERTURA,
4190139593,SI,NO,0,,,NO,SIN_COBERTURA,
4190139592,SI,SI,1,18,316,NO,OK,
4190139590,SI,NO,0,,,NO,SIN_COBERTURA,
4190139587,SI,NO,0,,,NO,SIN_COBERTURA,
4190139583,SI,NO,0,,,NO,SIN_COBERTURA,
4190139582,SI,NO,0,,,NO,SIN_COBERTURA,
4190139594,SI,NO,0,,,NO,SIN_COBERTURA,
4190139578,SI,SI,1,5,94,NO,OK,
4190139577,SI,NO,0,,,NO,SIN_COBERTURA,
4190139576,SI,SI,1,15,680,NO,OK,
4190139575,SI,SI,1,15,784,NO,OK,
4190139571,SI,NO,0,,,NO,SIN_COBERTURA,
4190139570,SI,NO,0,,,NO,SIN_COBERTURA,
4190139569,SI,NO,0,,,NO,SIN_COBERTURA,
1167052,SI,NO,0,,,NO,SIN_COBERTURA,
4190139566,SI,SI,1,8,281,NO,OK,
4190139561,SI,SI,1,22,239,NO,OK,
4190139558,SI,NO,0,,,NO,SIN_COBERTURA,
4190139557,SI,SI,1,2,400,NO,OK,
4190139565,SI,SI,1,2,200,NO,OK,
4190139555,SI,NO,0,,,NO,SIN_COBERTURA,
4190139544,SI,SI,1,22,661,NO,OK,
4190139543,SI,SI,1,12,763,NO,OK,
4190139532,SI,SI,1,48,723,NO,OK,
4190139463,SI,NO,0,,,NO,SIN_COBERTURA,
4190139459,SI,NO,0,,,NO,SIN_COBERTURA,
4190139458,SI,NO,0,,,NO,SIN_COBERTURA,
4190139454,SI,NO,0,,,NO,SIN_COBERTURA,
4190139452,SI,SI,1,23,767,NO,OK,
4190139440,SI,SI,1,9,108,NO,OK,
4190139436,SI,SI,1,47,753,NO,OK,
4190139428,SI,NO,0,,,NO,SIN_COBERTURA,
4190139427,SI,NO,0,,,NO,SIN_COBERTURA,
4190139425,SI,NO,0,,,NO,SIN_COBERTURA,
4190139422,SI,NO,0,,,NO,SIN_COBERTURA,
4190139411,SI,SI,1,13,292,NO,OK,
4190139402,SI,SI,1,17,376,NO,OK,
1166607,SI,SI,1,45,708,NO,OK,
1166598,SI,NO,0,,,NO,SIN_COBERTURA,
4190139386,SI,NO,0,,,NO,SIN_COBERTURA,
4190139385,SI,SI,1,16,3456,NO,OK,
4190139371,SI,SI,1,16,7165,NO,OK,
1166563,SI,NO,0,,,NO,SIN_COBERTURA,
1166574,SI,SI,1,4,118,NO,OK,
4190139354,SI,SI,1,90,1431,NO,OK,
4190139352,SI,NO,0,,,NO,SIN_COBERTURA,
1166549,SI,SI,1,64,8098,NO,OK,
1166541,SI,NO,0,,,NO,SIN_COBERTURA,
4190139343,SI,NO,0,,,NO,SIN_COBERTURA,
4190139342,SI,NO,0,,,NO,SIN_COBERTURA,
4190139338,SI,SI,1,19,613,NO,OK,
4190139332,SI,NO,0,,,NO,SIN_COBERTURA,
4190139325,SI,SI,1,22,454,NO,OK,
4190139322,SI,SI,1,14,180,NO,OK,
4190139329,SI,NO,0,,,NO,SIN_COBERTURA,
4190139315,SI,SI,1,24,170,NO,OK,
4190139308,SI,NO,0,,,NO,SIN_COBERTURA,
4190139306,SI,NO,0,,,NO,SIN_COBERTURA,
4190139305,SI,SI,1,24,518,NO,OK,
4190139304,SI,SI,1,24,522,NO,OK,
4190139298,SI,NO,0,,,NO,SIN_COBERTURA,
4190139292,SI,NO,0,,,NO,SIN_COBERTURA,
4190139291,SI,SI,1,1,72,NO,OK,
4190139283,SI,NO,0,,,NO,SIN_COBERTURA,
4190139282,SI,SI,1,27,338,NO,OK,
4190139279,SI,NO,0,,,NO,SIN_COBERTURA,
4190139278,SI,NO,0,,,NO,SIN_COBERTURA,
4190139277,SI,SI,1,14,2860,NO,OK,
4190139275,SI,SI,1,82,1016,NO,OK,
4190139271,SI,NO,0,,,NO,SIN_COBERTURA,
4190139270,SI,NO,0,,,NO,SIN_COBERTURA,
4190139264,SI,NO,0,,,NO,SIN_COBERTURA,
4190139263,SI,SI,1,1,300,NO,OK,
4190139262,SI,NO,0,,,NO,SIN_COBERTURA,
4190139261,SI,SI,1,29,712,NO,OK,
4190139260,SI,NO,0,,,NO,SIN_COBERTURA,
4190139259,SI,NO,0,,,NO,SIN_COBERTURA,
4190139257,SI,NO,0,,,NO,SIN_COBERTURA,
4190139253,SI,SI,1,2,1240,NO,OK,
4190139252,SI,SI,1,11,307,NO,OK,
4190139251,SI,NO,0,,,NO,SIN_COBERTURA,
4190139249,SI,SI,1,25,416,NO,OK,
4190139247,SI,NO,0,,,NO,SIN_COBERTURA,
4190139244,SI,NO,0,,,NO,SIN_COBERTURA,
4190139243,SI,SI,1,7,5300,NO,OK,
4190139242,SI,SI,1,87,1227,NO,OK,
4190139241,SI,SI,1,22,8200,NO,OK,
4190139238,SI,NO,0,,,NO,SIN_COBERTURA,
4190139237,SI,SI,1,74,1947,NO,OK,
4190139229,SI,SI,1,12,428,NO,OK,
4190139228,SI,NO,0,,,NO,SIN_COBERTURA,
4190139227,SI,SI,1,33,528,NO,OK,
4190139225,SI,NO,0,,,NO,SIN_COBERTURA,
4190139224,SI,NO,0,,,NO,SIN_COBERTURA,
4190139221,SI,NO,0,,,NO,SIN_COBERTURA,
4190139216,SI,NO,0,,,NO,SIN_COBERTURA,
4190139213,SI,NO,0,,,NO,SIN_COBERTURA,
4190139212,SI,NO,0,,,NO,SIN_COBERTURA,
4190139211,SI,NO,0,,,NO,SIN_COBERTURA,
4190139209,SI,SI,1,11,115,NO,OK,
4190139208,SI,SI,1,45,1477,NO,OK,
4190139188,SI,NO,0,,,NO,SIN_COBERTURA,
4190139187,SI,NO,0,,,NO,SIN_COBERTURA,
4190139182,SI,SI,1,25,361,NO,OK,
4190139181,SI,SI,1,20,235,NO,OK,
1166389,SI,SI,1,1,200,NO,OK,
4190139190,SI,NO,0,,,NO,SIN_COBERTURA,
4190139186,SI,SI,1,7,165,NO,OK,
4190139196,SI,SI,1,10,1387,NO,OK,
4190140031,SI,SI,1,72,1098,NO,OK,
4190140030,SI,NO,0,,,NO,SIN_COBERTURA,
4190140029,SI,NO,0,,,NO,SIN_COBERTURA,
4190140028,SI,NO,0,,,NO,SIN_COBERTURA,
1168140,SI,SI,1,148,6957,NO,OK,
1168139,SI,SI,1,1,225,NO,OK,
1168138,SI,SI,1,13,136,NO,OK,
1168137,SI,SI,1,1,60,NO,OK,
1168136,SI,SI,1,1,1200,NO,OK,
1168131,SI,SI,1,33,382,NO,OK,
1168124,SI,SI,1,57,648,NO,OK,
1168141,SI,SI,1,1,30,NO,OK,
4190140025,SI,SI,1,77,765,NO,OK,
4190140022,SI,SI,1,17,5422,NO,OK,
4190140018,SI,SI,1,29,233,NO,OK,
1168115,SI,SI,1,2,12,NO,OK,
1168105,SI,NO,0,,,NO,SIN_COBERTURA,
1168104,SI,NO,0,,,NO,SIN_COBERTURA,
4190140015,SI,SI,1,6,386,NO,OK,
4190140013,SI,SI,1,23,2416,NO,OK,
4190140012,SI,NO,0,,,NO,SIN_COBERTURA,
1168088,SI,NO,0,,,NO,SIN_COBERTURA,
4190140004,SI,SI,1,2,36,NO,OK,
4190140003,SI,SI,1,82,1420,NO,OK,
4190139996,SI,NO,0,,,NO,SIN_COBERTURA,
4190139990,SI,NO,0,,,NO,SIN_COBERTURA,
4190139979,SI,NO,0,,,NO,SIN_COBERTURA,
1168066,SI,NO,0,,,NO,SIN_COBERTURA,
1168045,SI,SI,1,2,62,NO,OK,
4190139971,SI,NO,0,,,NO,SIN_COBERTURA,
4190139969,SI,NO,0,,,NO,SIN_COBERTURA,
1168025,SI,NO,0,,,NO,SIN_COBERTURA,
1168037,SI,NO,0,,,NO,SIN_COBERTURA,
1168021,SI,SI,1,2,642,NO,OK,
4190139958,SI,NO,0,,,NO,SIN_COBERTURA,
4190139957,SI,NO,0,,,NO,SIN_COBERTURA,
1168018,SI,SI,1,6,8064,NO,OK,
4190139950,SI,SI,1,2,12,NO,OK,
1168010,SI,NO,0,,,NO,SIN_COBERTURA,
4190139952,SI,NO,0,,,NO,SIN_COBERTURA,
4190139942,SI,NO,0,,,NO,SIN_COBERTURA,
4190139916,SI,SI,1,10,1290,NO,OK,
4190139914,SI,SI,1,10,1290,NO,OK,
4190139912,SI,SI,1,10,1290,NO,OK,
4190139910,SI,SI,1,10,2580,NO,OK,
4190139919,SI,SI,1,9,1094,NO,OK,
4190139862,SI,NO,0,,,NO,SIN_COBERTURA,
1167347,SI,NO,0,,,NO,SIN_COBERTURA,
1167341,SI,NO,0,,,NO,SIN_COBERTURA,
4190139849,SI,SI,1,8,2168,NO,OK,
1167313,SI,NO,0,,,NO,SIN_COBERTURA,
4190139815,SI,SI,1,12,210,NO,OK,
4190139812,SI,SI,1,12,312,NO,OK,
4190139802,SI,SI,1,7,280,NO,OK,
4190139799,SI,NO,0,,,NO,SIN_COBERTURA,
1167283,SI,NO,0,,,NO,SIN_COBERTURA,
4190139759,SI,SI,1,7,366,NO,OK,
4190139747,SI,NO,0,,,NO,SIN_COBERTURA,
4190139742,SI,NO,0,,,NO,SIN_COBERTURA,
4190139740,SI,NO,0,,,NO,SIN_COBERTURA,
1167222,SI,SI,1,47,596,NO,OK,
4190139732,SI,NO,0,,,NO,SIN_COBERTURA,
1167201,SI,SI,1,28,17978,NO,OK,
1167198,SI,NO,0,,,NO,SIN_COBERTURA,
4190139722,SI,SI,1,23,2776,NO,OK,
4190139713,SI,SI,1,26,312,NO,OK,
1167196,SI,NO,0,,,NO,SIN_COBERTURA,
4190139708,SI,NO,0,,,NO,SIN_COBERTURA,
1167181,SI,SI,1,2,900,NO,OK,
1167180,SI,SI,1,1,80,NO,OK,
4190139689,SI,SI,1,5,131,NO,OK,
1167159,SI,NO,0,,,NO,SIN_COBERTURA,
1167158,SI,SI,1,5,384,NO,OK,
4190139691,SI,SI,1,2,20,NO,OK,
1167150,SI,NO,0,,,NO,SIN_COBERTURA,
4190139678,SI,NO,0,,,NO,SIN_COBERTURA,
1167140,SI,NO,0,,,NO,SIN_COBERTURA,
4190139665,SI,SI,1,18,319,NO,OK,
4190139663,SI,SI,1,20,228,NO,OK,
4190139662,SI,SI,1,9,64,NO,OK,
4190139659,SI,NO,0,,,NO,SIN_COBERTURA,
4190139641,SI,NO,0,,,NO,SIN_COBERTURA,
4190139639,SI,NO,0,,,NO,SIN_COBERTURA,
1167124,SI,SI,1,2,375,NO,OK,
1167123,SI,NO,0,,,NO,SIN_COBERTURA,
1167121,SI,SI,1,6,108,NO,OK,
4190139636,SI,NO,0,,,NO,SIN_COBERTURA,
4190139628,SI,NO,0,,,NO,SIN_COBERTURA,
1167110,SI,SI,1,1,10,NO,OK,
4190139625,SI,NO,0,,,NO,SIN_COBERTURA,
4190139623,SI,NO,0,,,NO,SIN_COBERTURA,
4190139617,SI,SI,1,4,432,NO,OK,
4190139626,SI,SI,1,2,180,NO,OK,
4190139607,SI,SI,1,43,720,NO,OK,
1167093,SI,SI,1,3,108,NO,OK,
1167085,SI,SI,1,17,9945,NO,OK,
1167083,SI,SI,1,10,319,NO,OK,
4190139610,SI,NO,0,,,NO,SIN_COBERTURA,
4190139596,SI,SI,1,33,2057,NO,OK,
1167069,SI,NO,0,,,NO,SIN_COBERTURA,
4190139591,SI,SI,1,58,994,NO,OK,
1167067,SI,NO,0,,,NO,SIN_COBERTURA,
4190139588,SI,SI,1,32,630,NO,OK,
1167059,SI,NO,0,,,NO,SIN_COBERTURA,
4190139586,SI,SI,1,54,1010,NO,OK,
4190139580,SI,NO,0,,,NO,SIN_COBERTURA,
4190139572,SI,NO,0,,,NO,SIN_COBERTURA,
1167034,SI,SI,1,2,140,NO,OK,
4190139562,SI,NO,0,,,NO,SIN_COBERTURA,
4190139559,SI,NO,0,,,NO,SIN_COBERTURA,
1166993,SI,NO,0,,,NO,SIN_COBERTURA,
4190139553,SI,NO,0,,,NO,SIN_COBERTURA,
4190139538,SI,SI,1,10,6816,NO,OK,
4190139535,SI,SI,1,9,9002,NO,OK,
1166855,SI,NO,0,,,NO,SIN_COBERTURA,
1166843,SI,SI,1,55,816,NO,OK,
4190139509,SI,SI,1,23,702,NO,OK,
4190139504,SI,SI,1,61,3040,NO,OK,
1166697,SI,SI,1,1,12,NO,OK,
4190139497,SI,SI,1,17,476,NO,OK,
4190139478,SI,SI,1,16,1370,NO,OK,
4190139477,SI,SI,1,8,160,NO,OK,
4190139475,SI,SI,1,29,424,NO,OK,
4190139442,SI,SI,1,13,389,NO,OK,
4190139464,SI,NO,0,,,NO,SIN_COBERTURA,
4190139439,SI,SI,1,135,9879,NO,OK,
1166641,SI,NO,0,,,NO,SIN_COBERTURA,
1166624,SI,SI,1,1,10,NO,OK,
4190139409,SI,SI,1,41,898,NO,OK,
1166603,SI,SI,1,42,1276,NO,OK,
4190139384,SI,SI,1,137,4860,NO,OK,
4190139374,SI,SI,1,30,417,NO,OK,
4190139373,SI,SI,1,39,1075,NO,OK,
4190139361,SI,NO,0,,,NO,SIN_COBERTURA,
4190139362,SI,SI,1,33,788,NO,OK,
4190139353,SI,NO,0,,,NO,SIN_COBERTURA,
1166540,SI,SI,1,112,3579,NO,OK,
4190139345,SI,NO,0,,,NO,SIN_COBERTURA,
4190139344,SI,NO,0,,,NO,SIN_COBERTURA,
4190139334,SI,SI,1,35,662,NO,OK,
1166524,SI,SI,1,9,970,NO,OK,
1166517,SI,SI,1,48,1258,NO,OK,
4190139320,SI,NO,0,,,NO,SIN_COBERTURA,
4190139318,SI,SI,1,14,196,NO,OK,
4190139314,SI,SI,1,5,132,NO,OK,
4190139301,SI,SI,1,21,1268,NO,OK,
1166484,SI,SI,1,5,1226,NO,OK,
4190139299,SI,SI,1,1,6000,NO,OK,
1166477,SI,SI,1,22,1448,NO,OK,
1166473,SI,SI,1,3,28,NO,OK,
1166472,SI,NO,0,,,NO,SIN_COBERTURA,
1166471,SI,SI,1,55,6519,NO,OK,
1166470,SI,SI,1,3,30,NO,OK,
4190139284,SI,SI,1,24,7534,NO,OK,
1166468,SI,SI,1,71,1263,NO,OK,
1166462,SI,SI,1,50,1516,NO,OK,
1166459,SI,NO,0,,,NO,SIN_COBERTURA,
1166458,SI,SI,1,77,2206,NO,OK,
1166456,SI,SI,1,15,252,NO,OK,
4190139268,SI,NO,0,,,NO,SIN_COBERTURA,
1166452,SI,NO,0,,,NO,SIN_COBERTURA,
1166445,SI,SI,1,2,100,NO,OK,
1166438,SI,NO,0,,,NO,SIN_COBERTURA,
1166435,SI,NO,0,,,NO,SIN_COBERTURA,
4190139245,SI,NO,0,,,NO,SIN_COBERTURA,
4190139239,SI,NO,0,,,NO,SIN_COBERTURA,
4190139236,SI,SI,1,19,240,NO,OK,
4190139232,SI,NO,0,,,NO,SIN_COBERTURA,
4190139231,SI,NO,0,,,NO,SIN_COBERTURA,
4190139254,SI,NO,0,,,NO,SIN_COBERTURA,
4190139234,SI,NO,0,,,NO,SIN_COBERTURA,
1166423,SI,NO,0,,,NO,SIN_COBERTURA,
4190139218,SI,SI,1,165,9099,NO,OK,
4190139217,SI,NO,0,,,NO,SIN_COBERTURA,
1166421,SI,SI,1,2,23,NO,OK,
1166420,SI,NO,0,,,NO,SIN_COBERTURA,
1166418,SI,SI,1,42,6874,NO,OK,
1166417,SI,SI,1,38,392,NO,OK,
4190139214,SI,NO,0,,,NO,SIN_COBERTURA,
1166416,SI,SI,1,2,300,NO,OK,
1166415,SI,NO,0,,,NO,SIN_COBERTURA,
1166411,SI,SI,1,1,4,NO,OK,
1166409,SI,NO,0,,,NO,SIN_COBERTURA,
4190139204,SI,NO,0,,,NO,SIN_COBERTURA,
4190139215,SI,NO,0,,,NO,SIN_COBERTURA,
4190139200,SI,NO,0,,,NO,SIN_COBERTURA,
4190139199,SI,SI,1,6,160,NO,OK,
4190139198,SI,SI,1,7,654,NO,OK,
4190139194,SI,NO,0,,,NO,SIN_COBERTURA,
4190139193,SI,SI,1,11,266,NO,OK,
4190139192,SI,NO,0,,,NO,SIN_COBERTURA,
4190139189,SI,SI,1,8,261,NO,OK,
1166401,SI,NO,0,,,NO,SIN_COBERTURA,
1166398,SI,SI,1,4,230,NO,OK,
4190139183,SI,NO,0,,,NO,SIN_COBERTURA,
1166392,SI,SI,1,16,14191,NO,OK,
4190139180,SI,NO,0,,,NO,SIN_COBERTURA,
4190139197,SI,NO,0,,,NO,SIN_COBERTURA,
1166397,SI,SI,1,5,58,NO,OK,
1166394,SI,SI,1,3,410,NO,OK,
4190139179,SI,NO,0,,,NO,SIN_COBERTURA,
4190139176,SI,NO,0,,,NO,SIN_COBERTURA,
4190139174,SI,NO,0,,,NO,SIN_COBERTURA,
4190139165,SI,SI,1,18,473,NO,OK,
4190139173,SI,SI,1,5,294,NO,OK,
4190139164,SI,NO,0,,,NO,SIN_COBERTURA,
4190139141,SI,NO,0,,,NO,SIN_COBERTURA,
4190139140,SI,NO,0,,,NO,SIN_COBERTURA,
4190139760,SI,SI,1,30,419,NO,OK,
1168135,SI,SI,1,64,1602,NO,OK,
1168134,SI,NO,0,,,NO,SIN_COBERTURA,
4190140027,SI,NO,0,,,NO,SIN_COBERTURA,
1168130,SI,SI,1,1,1008,NO,OK,
4190140023,SI,NO,0,,,NO,SIN_COBERTURA,
1168125,SI,SI,1,3,1140,NO,OK,
4190140017,SI,SI,1,17,219,NO,OK,
1168120,SI,SI,1,8,140,NO,OK,
1168113,SI,SI,1,3,300,NO,OK,
1168109,SI,SI,1,5,156,NO,OK,
1168106,SI,SI,1,2,90,NO,OK,
1168086,SI,SI,1,1,504,NO,OK,
1168064,SI,SI,1,1,720,NO,OK,
1167574,SI,SI,1,23,6149,NO,OK,
4190139778,SI,NO,0,,,NO,SIN_COBERTURA,
4190139772,SI,SI,1,28,440,NO,OK,
4190139739,SI,SI,1,8,1660,NO,OK,
1167169,SI,SI,1,7,274,NO,OK,
4190139492,SI,NO,0,,,NO,SIN_COBERTURA,
4190139472,SI,NO,0,,,NO,SIN_COBERTURA,
4190139470,SI,NO,0,,,NO,SIN_COBERTURA,
1167926,SI,NO,0,,,NO,SIN_COBERTURA,
1167658,SI,SI,1,117,112913,NO,OK,
1167646,SI,SI,1,39,434,NO,OK,
1167645,SI,SI,1,11,400,NO,OK,
1167627,SI,SI,1,67,10560,NO,OK,
1167614,SI,SI,1,36,21316,NO,OK,
4190139938,SI,NO,0,,,NO,SIN_COBERTURA,
1167581,SI,SI,1,5,3084,NO,OK,
4190139903,SI,NO,0,,,NO,SIN_COBERTURA,
4190139902,SI,SI,1,15,14348,NO,OK,
1167483,SI,SI,1,19,1344,NO,OK,
1167482,SI,SI,1,20,1368,NO,OK,
1167481,SI,SI,1,11,126,NO,OK,
4190139892,SI,SI,1,10,1080,NO,OK,
4190139889,SI,SI,1,7,3380,NO,OK,
4190139888,SI,SI,1,12,11158,NO,OK,
1167478,SI,SI,1,19,1374,NO,OK,
1167479,SI,SI,1,21,1410,NO,OK,
4190139882,SI,SI,1,14,58266,NO,OK,
4190139883,SI,SI,1,12,4038,NO,OK,
4190139881,SI,NO,0,,,NO,SIN_COBERTURA,
4190139878,SI,NO,0,,,NO,SIN_COBERTURA,
1167380,SI,SI,1,1,24,NO,OK,
1167379,SI,SI,1,1,48,NO,OK,
1167373,SI,SI,1,21,966,NO,OK,
4190139868,SI,SI,1,28,755,NO,OK,
1167360,SI,SI,1,19,14468,NO,OK,
4190139858,SI,SI,1,25,415,NO,OK,
1167340,SI,SI,1,21,6665,NO,OK,
1167324,SI,SI,1,75,1372,NO,OK,
1167318,SI,NO,0,,,NO,SIN_COBERTURA,
1167317,SI,NO,0,,,NO,SIN_COBERTURA,
1167311,SI,NO,0,,,NO,SIN_COBERTURA,
4190139804,SI,SI,1,34,1307,NO,OK,
4190139801,SI,SI,1,13,4932,NO,OK,
1167287,SI,SI,1,6,1300,NO,OK,
4190139788,SI,SI,1,7,2172,NO,OK,
4190139745,SI,SI,1,1,300,NO,OK,
4190139682,SI,SI,1,82,1322,NO,OK,
1167106,SI,SI,1,7,150,NO,OK,
1167090,SI,SI,1,10,1476,NO,OK,
4190139574,SI,SI,1,31,343,NO,OK,
1166838,SI,SI,1,15,3334,NO,OK,
1166700,SI,SI,1,29,12756,NO,OK,
4190139496,SI,SI,1,2,120,NO,OK,
1166699,SI,SI,1,20,13160,NO,OK,
1166696,SI,SI,1,55,75718,NO,OK,
1166660,SI,SI,1,104,2772,NO,OK,
1166656,SI,SI,1,29,816,NO,OK,
1166377,SI,SI,1,5,16680,NO,OK,
4190139166,SI,SI,1,9,2966,NO,OK,
1166295,SI,SI,1,6,229,NO,OK,
1166144,SI,SI,1,83,54307,NO,OK,
1166070,SI,SI,1,74,110766,NO,OK,
1166069,SI,SI,1,4,138,NO,OK,
1166060,SI,NO,0,,,NO,SIN_COBERTURA,
4190139156,SI,SI,1,1,1800,NO,OK,
1166057,SI,SI,1,41,87708,NO,OK,
4190139947,SI,NO,0,,,NO,SIN_COBERTURA,
4190139944,SI,SI,1,17,234,NO,OK,
4190139943,SI,SI,1,10,114,NO,OK,
1167628,SI,SI,1,59,8820,NO,OK,
4190139937,SI,NO,0,,,NO,SIN_COBERTURA,
4190139936,SI,NO,0,,,NO,SIN_COBERTURA,
4190139935,SI,NO,0,,,NO,SIN_COBERTURA,
4190139934,SI,NO,0,,,NO,SIN_COBERTURA,
4190139932,SI,SI,1,67,4884,NO,OK,
4190139931,SI,NO,0,,,NO,SIN_COBERTURA,
4190139930,SI,NO,0,,,NO,SIN_COBERTURA,
4190139928,SI,NO,0,,,NO,SIN_COBERTURA,
4190139927,SI,NO,0,,,NO,SIN_COBERTURA,
4190139926,SI,NO,0,,,NO,SIN_COBERTURA,
4190139924,SI,SI,1,6,1578,NO,OK,
4190139923,SI,NO,0,,,NO,SIN_COBERTURA,
1167579,SI,SI,1,8,626,NO,OK,
1167578,SI,NO,0,,,NO,SIN_COBERTURA,
4190139920,SI,SI,1,8,2580,NO,OK,
1167576,SI,SI,1,101,33572,NO,OK,
1167575,SI,SI,1,20,290,NO,OK,
1167573,SI,SI,1,12,448,NO,OK,
1167571,SI,NO,0,,,NO,SIN_COBERTURA,
4190139915,SI,NO,0,,,NO,SIN_COBERTURA,
4190139908,SI,NO,0,,,NO,SIN_COBERTURA,
4190139901,SI,NO,0,,,NO,SIN_COBERTURA,
4190139900,SI,SI,1,123,4522,NO,OK,
4190139899,SI,NO,0,,,NO,SIN_COBERTURA,
1167487,SI,SI,1,29,1015,NO,OK,
4190139898,SI,SI,1,3,160,NO,OK,
4190139897,SI,SI,1,90,3977,NO,OK,
1167486,SI,SI,1,21,616,NO,OK,
4190139896,SI,NO,0,,,NO,SIN_COBERTURA,
1167485,SI,SI,1,1,24,NO,OK,
4190139893,SI,SI,1,90,546,NO,OK,
4190139925,SI,SI,1,14,297,NO,OK,
4190139895,SI,SI,1,11,90,NO,OK,
4190139918,SI,SI,1,21,514,NO,OK,
4190139933,SI,NO,0,,,NO,SIN_COBERTURA,
4190139929,SI,NO,0,,,NO,SIN_COBERTURA,
1167475,SI,SI,1,48,3206,NO,OK,
4190139891,SI,SI,1,10,86,NO,OK,
4190139887,SI,SI,1,22,266,NO,OK,
4190139886,SI,NO,0,,,NO,SIN_COBERTURA,
4190139885,SI,NO,0,,,NO,SIN_COBERTURA,
1167471,SI,NO,0,,,NO,SIN_COBERTURA,
4190139879,SI,SI,1,22,2220,NO,OK,
4190139875,SI,SI,1,70,1132,NO,OK,
1167470,SI,SI,1,11,191,NO,OK,
1167469,SI,NO,0,,,NO,SIN_COBERTURA,
4190139873,SI,SI,1,15,1755,NO,OK,
4190139872,SI,NO,0,,,NO,SIN_COBERTURA,
4190139870,SI,SI,1,8,292,NO,OK,
4190139867,SI,SI,1,8,4590,NO,OK,
4190139866,SI,NO,0,,,NO,SIN_COBERTURA,
4190139864,SI,SI,1,28,1316,NO,OK,
1167359,SI,NO,0,,,NO,SIN_COBERTURA,
1167351,SI,NO,0,,,NO,SIN_COBERTURA,
1167365,SI,SI,1,234,10690,NO,OK,
4190139859,SI,NO,0,,,NO,SIN_COBERTURA,
4190139857,SI,NO,0,,,NO,SIN_COBERTURA,
4190139856,SI,SI,1,23,822,NO,OK,
4190139853,SI,NO,0,,,NO,SIN_COBERTURA,
4190139851,SI,NO,0,,,NO,SIN_COBERTURA,
1167337,SI,NO,0,,,NO,SIN_COBERTURA,
4190139845,SI,SI,1,2,1530,NO,OK,
1167316,SI,SI,1,17,264,NO,OK,
1167315,SI,NO,0,,,NO,SIN_COBERTURA,
1167314,SI,SI,1,10,5434,NO,OK,
1167309,SI,NO,0,,,NO,SIN_COBERTURA,
4190139833,SI,SI,1,28,258,NO,OK,
1167304,SI,SI,1,11,1246,NO,OK,
1167303,SI,SI,1,77,2520,NO,OK,
4190139832,SI,SI,1,105,1858,NO,OK,
4190139827,SI,SI,1,6,380,NO,OK,
4190139825,SI,SI,1,253,5535,NO,OK,
4190139823,SI,SI,1,7,195,NO,OK,
4190139820,SI,SI,1,6,152,NO,OK,
4190139819,SI,SI,1,9,212,NO,OK,
4190139818,SI,SI,1,7,282,NO,OK,
4190139811,SI,SI,1,11,329,NO,OK,
4190139805,SI,SI,1,10,345,NO,OK,
4190139803,SI,NO,0,,,NO,SIN_COBERTURA,
1167295,SI,SI,1,10,1617,NO,OK,
1167294,SI,SI,1,12,8536,NO,OK,
4190139798,SI,SI,1,13,366,NO,OK,
4190139796,SI,SI,1,9,4165,NO,OK,
4190139792,SI,SI,1,8,448,NO,OK,
1167285,SI,SI,1,16,592,NO,OK,
4190139786,SI,SI,1,6,190,NO,OK,
4190139817,SI,SI,1,8,228,NO,OK,
4190139795,SI,SI,1,25,668,NO,OK,
4190139787,SI,NO,0,,,NO,SIN_COBERTURA,
4190139775,SI,SI,1,13,416,NO,OK,
4190139771,SI,SI,1,26,427,NO,OK,
1167260,SI,NO,0,,,NO,SIN_COBERTURA,
1167256,SI,NO,0,,,NO,SIN_COBERTURA,
1167250,SI,SI,1,17,744,NO,OK,
4190139751,SI,NO,0,,,NO,SIN_COBERTURA,
4190139750,SI,SI,1,12,385,NO,OK,
1167243,SI,NO,0,,,NO,SIN_COBERTURA,
1167242,SI,SI,1,4,68,NO,OK,
4190139738,SI,SI,1,29,3344,NO,OK,
4190139737,SI,SI,1,16,2574,NO,OK,
4190139736,SI,SI,1,7,454,NO,OK,
1167223,SI,SI,1,63,1390,NO,OK,
4190139730,SI,NO,0,,,NO,SIN_COBERTURA,
4190139727,SI,NO,0,,,NO,SIN_COBERTURA,
1167171,SI,NO,0,,,NO,SIN_COBERTURA,
4190139676,SI,NO,0,,,NO,SIN_COBERTURA,
4190139673,SI,NO,0,,,NO,SIN_COBERTURA,
4190139661,SI,SI,1,2,30,NO,OK,
4190139654,SI,NO,0,,,NO,SIN_COBERTURA,
1167101,SI,NO,0,,,NO,SIN_COBERTURA,
4190139616,SI,NO,0,,,NO,SIN_COBERTURA,
4190139615,SI,NO,0,,,NO,SIN_COBERTURA,
4190139609,SI,SI,1,61,1576,NO,OK,
1167033,SI,SI,1,25,1010,NO,OK,
1166844,SI,SI,1,60,18560,NO,OK,
4190139518,SI,SI,1,8,110,NO,OK,
1166789,SI,SI,1,15,21680,NO,OK,
1166790,SI,SI,1,6,4928,NO,OK,
4190139511,SI,SI,1,14,730,NO,OK,
1166686,SI,SI,1,23,6820,NO,OK,
1166684,SI,SI,1,21,270,NO,OK,
4190139493,SI,SI,1,13,396,NO,OK,
1166705,SI,SI,1,2,110,NO,OK,
4190139483,SI,SI,1,56,3856,NO,OK,
4190139465,SI,NO,0,,,NO,SIN_COBERTURA,
4190139460,SI,NO,0,,,NO,SIN_COBERTURA,
1166655,SI,SI,1,66,1479,NO,OK,
4190139432,SI,SI,1,51,1363,NO,OK,
1166626,SI,SI,1,13,622,NO,OK,
4190139414,SI,SI,1,3,84,NO,OK,
4190139413,SI,SI,1,7,77,NO,OK,
4190139403,SI,SI,1,8,180,NO,OK,
1166600,SI,SI,1,112,7076,NO,OK,
4190139382,SI,SI,1,32,491,NO,OK,
1166585,SI,NO,0,,,NO,SIN_COBERTURA,
1166565,SI,SI,1,1,1800,NO,OK,
4190139347,SI,NO,0,,,NO,SIN_COBERTURA,
4190139330,SI,NO,0,,,NO,SIN_COBERTURA,
4190139171,SI,NO,0,,,NO,SIN_COBERTURA,
4190139163,SI,NO,0,,,NO,SIN_COBERTURA,
4190139159,SI,SI,1,2,110,NO,OK,
1166139,SI,SI,1,50,2992,NO,OK,
1166137,SI,SI,1,67,459,NO,OK,
4190139153,SI,NO,0,,,NO,SIN_COBERTURA,
4190139146,SI,SI,1,45,2897,NO,OK,
4190139142,SI,SI,1,1,100,NO,OK,
1166067,SI,SI,1,43,6708,NO,OK,
1167333,SI,SI,1,1,24,NO,OK,
4190139485,SI,NO,0,,,NO,SIN_COBERTURA,
4190139479,SI,NO,0,,,NO,SIN_COBERTURA,
4190139473,SI,NO,0,,,NO,SIN_COBERTURA,
1167975,SI,SI,1,1,40,NO,OK,
1167661,SI,SI,1,2,150,NO,OK,
1167655,SI,NO,0,,,NO,SIN_COBERTURA,
1167606,SI,SI,1,12,330,NO,OK,
1167925,SI,NO,0,,,NO,SIN_COBERTURA,
1167567,SI,NO,0,,,NO,SIN_COBERTURA,
1167491,SI,SI,1,15,1187,NO,OK,
1167480,SI,NO,0,,,NO,SIN_COBERTURA,
1167346,SI,SI,1,2,10704,NO,OK,
1167332,SI,SI,1,19,24392,NO,OK,
1166861,SI,SI,1,12,160,NO,OK,
1166841,SI,SI,1,10,21032,NO,OK,
1166828,SI,SI,1,43,12606,NO,OK,
1166791,SI,NO,0,,,NO,SIN_COBERTURA,
1166701,SI,SI,1,41,8390,NO,OK,
1166685,SI,SI,1,7,792,NO,OK,
1166680,SI,SI,1,16,250,NO,OK,
1166306,SI,SI,1,7,6324,NO,OK,
1166304,SI,SI,1,43,40189,NO,OK,
1166303,SI,NO,0,,,NO,SIN_COBERTURA,
1166302,SI,NO,0,,,NO,SIN_COBERTURA,
1166301,SI,NO,0,,,NO,SIN_COBERTURA,
1166296,SI,NO,0,,,NO,SIN_COBERTURA,
1166146,SI,SI,1,94,15327,NO,OK,
1166145,SI,NO,0,,,NO,SIN_COBERTURA,
1166140,SI,SI,1,48,2506,NO,OK,
1166136,SI,NO,0,,,NO,SIN_COBERTURA,
1166135,SI,NO,0,,,NO,SIN_COBERTURA,
1166134,SI,NO,0,,,NO,SIN_COBERTURA,
1166076,SI,SI,1,68,4887,NO,OK,
1166075,SI,SI,1,189,9965,NO,OK,
1166073,SI,SI,1,120,5181,NO,OK,
1166061,SI,SI,1,12,140,NO,OK,
1166058,SI,NO,0,,,NO,SIN_COBERTURA,
4190139949,SI,NO,0,,,NO,SIN_COBERTURA,
4190139948,SI,NO,0,,,NO,SIN_COBERTURA,
1167787,SI,SI,1,2,600,NO,OK,
1167656,SI,SI,1,1,96,NO,OK,
4190139945,SI,NO,0,,,NO,SIN_COBERTURA,
1167647,SI,NO,0,,,NO,SIN_COBERTURA,
1167626,SI,SI,1,41,874,NO,OK,
1167625,SI,SI,1,96,1728,NO,OK,
1167623,SI,SI,1,104,2948,NO,OK,
1167622,SI,SI,1,76,1612,NO,OK,
1167621,SI,SI,1,95,1953,NO,OK,
1167620,SI,SI,1,63,1464,NO,OK,
1167619,SI,SI,1,63,1408,NO,OK,
4190139941,SI,SI,1,1,1000,NO,OK,
1167613,SI,SI,1,40,2989,NO,OK,
1167609,SI,SI,1,28,1015,NO,OK,
1167608,SI,SI,1,40,1647,NO,OK,
1167607,SI,SI,1,41,2010,NO,OK,
4190139940,SI,NO,0,,,NO,SIN_COBERTURA,
1167605,SI,SI,1,30,1171,NO,OK,
4190139939,SI,NO,0,,,NO,SIN_COBERTURA,
1167611,SI,SI,1,42,2465,NO,OK,
4190139946,SI,SI,1,14,1853,NO,OK,
1167610,SI,SI,1,44,2982,NO,OK,
1167582,SI,SI,1,36,876,NO,OK,
1167580,SI,SI,1,10,5362,NO,OK,
4190139922,SI,SI,1,10,5362,NO,OK,
4190139921,SI,SI,1,24,473,NO,OK,
1167577,SI,SI,1,3,90,NO,OK,
1167569,SI,SI,1,13,162,NO,OK,
1167568,SI,SI,1,19,138,NO,OK,
4190139913,SI,SI,1,10,21696,NO,OK,
1167519,SI,NO,0,,,NO,SIN_COBERTURA,
1167490,SI,SI,1,22,699,NO,OK,
4190139911,SI,SI,1,9,4926,NO,OK,
1167489,SI,SI,1,14,6659,NO,OK,
4190139907,SI,SI,1,10,552,NO,OK,
4190139906,SI,SI,1,10,552,NO,OK,
4190139905,SI,SI,1,10,552,NO,OK,
4190139904,SI,SI,1,3,408,NO,OK,
4190139894,SI,NO,0,,,NO,SIN_COBERTURA,
4190139917,SI,SI,1,5,17930,NO,OK,
4190139909,SI,SI,1,6,22968,NO,OK,
1167477,SI,SI,1,8,4434,NO,OK,
1167476,SI,SI,1,8,4434,NO,OK,
4190139890,SI,SI,1,11,209,NO,OK,
4190139884,SI,SI,1,13,16974,NO,OK,
4190139880,SI,NO,0,,,NO,SIN_COBERTURA,
4190139877,SI,NO,0,,,NO,SIN_COBERTURA,
4190139876,SI,NO,0,,,NO,SIN_COBERTURA,
4190139874,SI,SI,1,1,120,NO,OK,
1167374,SI,SI,1,11,518,NO,OK,
1167372,SI,SI,1,74,1819,NO,OK,
4190139871,SI,NO,0,,,NO,SIN_COBERTURA,
4190139869,SI,SI,1,63,1797,NO,OK,
1167369,SI,SI,1,5,294,NO,OK,
1167368,SI,SI,1,15,1671,NO,OK,
1167367,SI,SI,1,41,2176,NO,OK,
1167364,SI,SI,1,82,41989,NO,OK,
4190139863,SI,SI,1,5,840,NO,OK,
4190139861,SI,NO,0,,,NO,SIN_COBERTURA,
4190139860,SI,SI,1,37,274,NO,OK,
4190139865,SI,SI,1,6,120,NO,OK,
1167370,SI,NO,0,,,NO,SIN_COBERTURA,
1167348,SI,NO,0,,,NO,SIN_COBERTURA,
4190139854,SI,SI,1,7,42,NO,OK,
4190139852,SI,NO,0,,,NO,SIN_COBERTURA,
1167334,SI,SI,1,44,43533,NO,OK,
1167335,SI,SI,1,1,100,NO,OK,
1167323,SI,SI,1,95,6464,NO,OK,
4190139848,SI,NO,0,,,NO,SIN_COBERTURA,
4190139843,SI,SI,1,9,568,NO,OK,
4190139837,SI,NO,0,,,NO,SIN_COBERTURA,
4190139835,SI,SI,1,19,588,NO,OK,
4190139552,SI,SI,1,28,394,NO,OK,
1166992,SI,NO,0,,,NO,SIN_COBERTURA,
4190139545,SI,SI,1,12,2676,NO,OK,
4190139542,SI,SI,1,46,1669,NO,OK,
4190139541,SI,SI,1,21,308,NO,OK,
1166857,SI,SI,1,7,228,NO,OK,
1166856,SI,SI,1,20,842,NO,OK,
4190139539,SI,SI,1,73,862,NO,OK,
4190139537,SI,SI,1,29,289,NO,OK,
4190139536,SI,SI,1,27,4624,NO,OK,
4190139534,SI,SI,1,11,462,NO,OK,
1166852,SI,SI,1,34,547,NO,OK,
4190139533,SI,SI,1,42,13571,NO,OK,
1166849,SI,SI,1,16,192,NO,OK,
1166848,SI,SI,1,18,216,NO,OK,
1166847,SI,SI,1,47,685,NO,OK,
1166846,SI,SI,1,5,468,NO,OK,
1166845,SI,SI,1,7,304,NO,OK,
4190139531,SI,NO,0,,,NO,SIN_COBERTURA,
4190139530,SI,SI,1,59,2142,NO,OK,
4190139529,SI,NO,0,,,NO,SIN_COBERTURA,
4190139528,SI,NO,0,,,NO,SIN_COBERTURA,
4190139527,SI,SI,1,12,244,NO,OK,
4190139526,SI,SI,1,7,600,NO,OK,
4190139525,SI,SI,1,13,157,NO,OK,
4190139524,SI,SI,1,46,730,NO,OK,
1166840,SI,SI,1,1,420,NO,OK,
4190139522,SI,NO,0,,,NO,SIN_COBERTURA,
4190139521,SI,SI,1,21,662,NO,OK,
1166829,SI,SI,1,10,146,NO,OK,
4190139520,SI,SI,1,32,610,NO,OK,
1166827,SI,SI,1,1,25,NO,OK,
4190139519,SI,NO,0,,,NO,SIN_COBERTURA,
4190139517,SI,NO,0,,,NO,SIN_COBERTURA,
1166788,SI,SI,1,4,288,NO,OK,
1166787,SI,NO,0,,,NO,SIN_COBERTURA,
4190139516,SI,SI,1,11,684,NO,OK,
4190139515,SI,NO,0,,,NO,SIN_COBERTURA,
4190139514,SI,NO,0,,,NO,SIN_COBERTURA,
4190139513,SI,NO,0,,,NO,SIN_COBERTURA,
4190139523,SI,SI,1,59,886,NO,OK,
1166839,SI,SI,1,17,3284,NO,OK,
1166786,SI,SI,1,145,1690,NO,OK,
1166785,SI,NO,0,,,NO,SIN_COBERTURA,
4190139512,SI,NO,0,,,NO,SIN_COBERTURA,
4190139510,SI,SI,1,17,256,NO,OK,
4190139508,SI,NO,0,,,NO,SIN_COBERTURA,
4190139507,SI,NO,0,,,NO,SIN_COBERTURA,
1166782,SI,SI,1,1,500,NO,OK,
1166703,SI,NO,0,,,NO,SIN_COBERTURA,
4190139506,SI,NO,0,,,NO,SIN_COBERTURA,
4190139505,SI,NO,0,,,NO,SIN_COBERTURA,
4190139503,SI,SI,1,4,836,NO,OK,
4190139502,SI,SI,1,99,1822,NO,OK,
4190139501,SI,SI,1,25,347,NO,OK,
4190139500,SI,NO,0,,,NO,SIN_COBERTURA,
4190139499,SI,SI,1,7,612,NO,OK,
4190139498,SI,NO,0,,,NO,SIN_COBERTURA,
1166694,SI,NO,0,,,NO,SIN_COBERTURA,
1166691,SI,SI,1,3,72,NO,OK,
1166690,SI,NO,0,,,NO,SIN_COBERTURA,
4190139495,SI,SI,1,10,456,NO,OK,
4190139494,SI,SI,1,22,486,NO,OK,
1166688,SI,NO,0,,,NO,SIN_COBERTURA,
1166687,SI,SI,1,10,4828,NO,OK,
4190139490,SI,SI,1,22,622,NO,OK,
1166682,SI,SI,1,24,3482,NO,OK,
1166683,SI,SI,1,8,2410,NO,OK,
1166689,SI,SI,1,2,204,NO,OK,
1166698,SI,SI,1,36,590,NO,OK,
1166783,SI,SI,1,6,1152,NO,OK,
1166784,SI,NO,0,,,NO,SIN_COBERTURA,
4190139491,SI,NO,0,,,NO,SIN_COBERTURA,
4190139488,SI,SI,1,1,80,NO,OK,
4190139486,SI,SI,1,3,105,NO,OK,
4190139481,SI,NO,0,,,NO,SIN_COBERTURA,
4190139480,SI,SI,1,16,221,NO,OK,
4190139471,SI,NO,0,,,NO,SIN_COBERTURA,
4190139467,SI,SI,1,24,2732,NO,OK,
1166668,SI,SI,1,17,226,NO,OK,
1166678,SI,SI,1,1,504,NO,OK,
4190139457,SI,SI,1,25,450,NO,OK,
4190139456,SI,SI,1,29,660,NO,OK,
4190139455,SI,NO,0,,,NO,SIN_COBERTURA,
4190139453,SI,NO,0,,,NO,SIN_COBERTURA,
4190139443,SI,SI,1,49,896,NO,OK,
4190139451,SI,SI,1,5,58,NO,OK,
4190139172,SI,NO,0,,,NO,SIN_COBERTURA,
4190139170,SI,NO,0,,,NO,SIN_COBERTURA,
4190139168,SI,NO,0,,,NO,SIN_COBERTURA,
1166361,SI,SI,1,5,877,NO,OK,
1166305,SI,NO,0,,,NO,SIN_COBERTURA,
1166316,SI,SI,1,16,66,NO,OK,
4190139162,SI,NO,0,,,NO,SIN_COBERTURA,
4190139161,SI,NO,0,,,NO,SIN_COBERTURA,
4190139160,SI,NO,0,,,NO,SIN_COBERTURA,
1166141,SI,SI,1,2,150,NO,OK,
1166138,SI,SI,1,32,1490,NO,OK,
4190139158,SI,SI,1,23,682,NO,OK,
4190139157,SI,SI,1,2,72,NO,OK,
4190139155,SI,SI,1,8,350,NO,OK,
4190139154,SI,SI,1,6,3528,NO,OK,
1166074,SI,SI,1,10,174,NO,OK,
1166072,SI,SI,1,1,1500,NO,OK,
1166071,SI,SI,1,144,5978,NO,OK,
4190139151,SI,SI,1,16,2719,NO,OK,
4190139150,SI,NO,0,,,NO,SIN_COBERTURA,
4190139149,SI,NO,0,,,NO,SIN_COBERTURA,
4190139147,SI,SI,1,21,4918,NO,OK,
4190139145,SI,SI,1,12,246,NO,OK,
4190139144,SI,SI,1,21,1226,NO,OK,
4190139143,SI,NO,0,,,NO,SIN_COBERTURA,
4190139139,SI,NO,0,,,NO,SIN_COBERTURA,
4190139137,SI,NO,0,,,NO,SIN_COBERTURA,
4190139136,SI,SI,1,87,2885,NO,OK,
1166066,SI,NO,0,,,NO,SIN_COBERTURA,
1166062,SI,NO,0,,,NO,SIN_COBERTURA,
1166059,SI,SI,1,24,381,NO,OK,
4190139133,SI,SI,1,11,140,NO,OK,
1166056,SI,SI,1,1,200,NO,OK,
4190139132,SI,SI,1,7,154,NO,OK,
4190139126,SI,SI,1,27,6439,NO,OK,
4190139138,SI,SI,1,19,1641,NO,OK,
4190139135,SI,SI,1,23,518,NO,OK,
4190139134,SI,NO,0,,,NO,SIN_COBERTURA,
4190139148,SI,SI,1,26,448,NO,OK,
4190139152,SI,SI,1,42,5132,NO,OK,
